{"timestamp":"2026-05-22T06:56:28.269924Z","level":"INFO","fields":{"message":"cove-replay-engine started","version":"0.1.0","protocol_version":1},"target":"cove_replay_engine"}
{"timestamp":"2026-05-22T06:56:28.273558Z","level":"INFO","fields":{"message":"discovered recoverable session","session_id":"pw-session-0000-754390-1779416974675","segments":13,"total_bytes":7735032,"has_init":true},"target":"cove_replay_engine::segment::recovery"}
{"timestamp":"2026-05-22T06:56:28.273955Z","level":"INFO","fields":{"message":"discovered recoverable session","session_id":"pw-session-0000-753847-1779416924536","segments":8,"total_bytes":4387820,"has_init":true},"target":"cove_replay_engine::segment::recovery"}
{"timestamp":"2026-05-22T06:56:28.274096Z","level":"INFO","fields":{"message":"discovered recoverable session","session_id":"pw-session-0000-753362-1779416844334","segments":13,"total_bytes":7581671,"has_init":true},"target":"cove_replay_engine::segment::recovery"}
{"timestamp":"2026-05-22T06:56:28.274227Z","level":"INFO","fields":{"message":"discovered recoverable session","session_id":"pw-session-0000-752878-1779416764121","segments":13,"total_bytes":7827319,"has_init":true},"target":"cove_replay_engine::segment::recovery"}
{"timestamp":"2026-05-22T06:56:28.274356Z","level":"INFO","fields":{"message":"discovered recoverable session","session_id":"pw-session-0000-752341-1779416683915","segments":13,"total_bytes":7820797,"has_init":true},"target":"cove_replay_engine::segment::recovery"}
{"timestamp":"2026-05-22T06:56:28.274472Z","level":"INFO","fields":{"message":"discovered recoverable session","session_id":"pw-session-0000-751943-1779416653839","segments":11,"total_bytes":6326337,"has_init":true},"target":"cove_replay_engine::segment::recovery"}
{"timestamp":"2026-05-22T06:56:28.274607Z","level":"INFO","fields":{"message":"discovered recoverable session","session_id":"pw-session-0000-751435-1779416579402","segments":14,"total_bytes":8295900,"has_init":true},"target":"cove_replay_engine::segment::recovery"}
{"timestamp":"2026-05-22T06:56:28.274647Z","level":"INFO","fields":{"message":"discovered recoverable session","session_id":"pw-session-0000-751088-1779416573633","segments":1,"total_bytes":102474,"has_init":true},"target":"cove_replay_engine::segment::recovery"}
{"timestamp":"2026-05-22T06:56:28.274803Z","level":"INFO","fields":{"message":"discovered recoverable session","session_id":"pw-session-0000-750649-1779416503463","segments":14,"total_bytes":8232916,"has_init":true},"target":"cove_replay_engine::segment::recovery"}
{"timestamp":"2026-05-22T06:56:28.274927Z","level":"INFO","fields":{"message":"discovered recoverable session","session_id":"pw-session-0000-740080-1779414668701","segments":12,"total_bytes":11591167,"has_init":true},"target":"cove_replay_engine::segment::recovery"}
{"timestamp":"2026-05-22T06:56:28.275038Z","level":"INFO","fields":{"message":"discovered recoverable session","session_id":"pw-session-0000-739490-1779414588489","segments":11,"total_bytes":11164551,"has_init":true},"target":"cove_replay_engine::segment::recovery"}
{"timestamp":"2026-05-22T06:56:28.275144Z","level":"INFO","fields":{"message":"discovered recoverable session","session_id":"pw-session-0000-739103-1779414558410","segments":10,"total_bytes":9430747,"has_init":true},"target":"cove_replay_engine::segment::recovery"}
{"timestamp":"2026-05-22T06:56:28.275278Z","level":"INFO","fields":{"message":"discovered recoverable session","session_id":"pw-session-0000-738664-1779414489111","segments":12,"total_bytes":11699332,"has_init":true},"target":"cove_replay_engine::segment::recovery"}
{"timestamp":"2026-05-22T06:56:28.275401Z","level":"INFO","fields":{"message":"discovered recoverable session","session_id":"pw-session-0000-716688-1779409301653","segments":8,"total_bytes":4480783,"has_init":true},"target":"cove_replay_engine::segment::recovery"}
{"timestamp":"2026-05-22T06:56:28.275537Z","level":"INFO","fields":{"message":"discovered recoverable session","session_id":"pw-session-0000-716124-1779409221448","segments":13,"total_bytes":7688949,"has_init":true},"target":"cove_replay_engine::segment::recovery"}
{"timestamp":"2026-05-22T06:56:28.275673Z","level":"INFO","fields":{"message":"discovered recoverable session","session_id":"pw-session-0000-715675-1779409141240","segments":13,"total_bytes":7964648,"has_init":true},"target":"cove_replay_engine::segment::recovery"}
{"timestamp":"2026-05-22T06:56:28.275798Z","level":"INFO","fields":{"message":"discovered recoverable session","session_id":"pw-session-0000-715118-1779409061034","segments":13,"total_bytes":7902025,"has_init":true},"target":"cove_replay_engine::segment::recovery"}
{"timestamp":"2026-05-22T06:56:28.275930Z","level":"INFO","fields":{"message":"discovered recoverable session","session_id":"pw-session-0000-714649-1779409034565","segments":11,"total_bytes":17935855,"has_init":true},"target":"cove_replay_engine::segment::recovery"}
{"timestamp":"2026-05-22T06:56:28.276046Z","level":"INFO","fields":{"message":"discovered recoverable session","session_id":"pw-session-0000-695577-1779404288875","segments":13,"total_bytes":8178368,"has_init":true},"target":"cove_replay_engine::segment::recovery"}
{"timestamp":"2026-05-22T06:56:28.276153Z","level":"INFO","fields":{"message":"discovered recoverable session","session_id":"pw-session-0000-695069-1779404208668","segments":13,"total_bytes":8161214,"has_init":true},"target":"cove_replay_engine::segment::recovery"}
{"timestamp":"2026-05-22T06:56:28.276254Z","level":"INFO","fields":{"message":"discovered recoverable session","session_id":"pw-session-0000-694672-1779404178591","segments":11,"total_bytes":6542218,"has_init":true},"target":"cove_replay_engine::segment::recovery"}
{"timestamp":"2026-05-22T06:56:28.276366Z","level":"INFO","fields":{"message":"discovered recoverable session","session_id":"pw-session-0000-694166-1779404108410","segments":14,"total_bytes":8600787,"has_init":true},"target":"cove_replay_engine::segment::recovery"}
{"timestamp":"2026-05-22T06:56:28.276401Z","level":"INFO","fields":{"message":"discovered recoverable session","session_id":"pw-session-0000-693815-1779404098386","segments":1,"total_bytes":107650,"has_init":true},"target":"cove_replay_engine::segment::recovery"}
{"timestamp":"2026-05-22T06:56:28.276517Z","level":"INFO","fields":{"message":"discovered recoverable session","session_id":"pw-session-0000-693401-1779404028207","segments":14,"total_bytes":8573649,"has_init":true},"target":"cove_replay_engine::segment::recovery"}
{"timestamp":"2026-05-22T06:56:28.276631Z","level":"INFO","fields":{"message":"discovered recoverable session","session_id":"pw-session-0000-675650-1779400717058","segments":14,"total_bytes":16644797,"has_init":true},"target":"cove_replay_engine::segment::recovery"}
{"timestamp":"2026-05-22T06:56:28.276762Z","level":"INFO","fields":{"message":"discovered recoverable session","session_id":"pw-session-0000-648824-1779394387663","segments":14,"total_bytes":8148620,"has_init":true},"target":"cove_replay_engine::segment::recovery"}
{"timestamp":"2026-05-22T06:56:28.276892Z","level":"INFO","fields":{"message":"discovered recoverable session","session_id":"pw-session-0000-621683-1779389638096","segments":15,"total_bytes":579071,"has_init":true},"target":"cove_replay_engine::segment::recovery"}
{"timestamp":"2026-05-22T06:56:28.277046Z","level":"INFO","fields":{"message":"discovered recoverable session","session_id":"pw-session-0000-620990-1779389547392","segments":15,"total_bytes":598469,"has_init":true},"target":"cove_replay_engine::segment::recovery"}
{"timestamp":"2026-05-22T06:56:28.277169Z","level":"INFO","fields":{"message":"discovered recoverable session","session_id":"pw-session-0000-608326-1779388063854","segments":15,"total_bytes":401584,"has_init":true},"target":"cove_replay_engine::segment::recovery"}
{"timestamp":"2026-05-22T06:56:28.277302Z","level":"INFO","fields":{"message":"discovered recoverable session","session_id":"pw-session-0000-607862-1779388033780","segments":15,"total_bytes":405806,"has_init":true},"target":"cove_replay_engine::segment::recovery"}
{"timestamp":"2026-05-22T06:56:28.277421Z","level":"INFO","fields":{"message":"discovered recoverable session","session_id":"pw-session-0000-607111-1779387960158","segments":15,"total_bytes":412469,"has_init":true},"target":"cove_replay_engine::segment::recovery"}
{"timestamp":"2026-05-22T06:56:28.277463Z","level":"INFO","fields":{"message":"discovered recoverable session","session_id":"pw-session-0000-606777-1779387953570","segments":2,"total_bytes":45252,"has_init":true},"target":"cove_replay_engine::segment::recovery"}
{"timestamp":"2026-05-22T06:56:28.277580Z","level":"INFO","fields":{"message":"discovered recoverable session","session_id":"pw-session-0000-606152-1779387883404","segments":15,"total_bytes":409834,"has_init":true},"target":"cove_replay_engine::segment::recovery"}
{"timestamp":"2026-05-22T06:56:28.277699Z","level":"INFO","fields":{"message":"discovered recoverable session","session_id":"pw-session-0000-528209-1779356005542","segments":15,"total_bytes":399575,"has_init":true},"target":"cove_replay_engine::segment::recovery"}
{"timestamp":"2026-05-22T06:56:28.277878Z","level":"INFO","fields":{"message":"discovered recoverable session","session_id":"pw-session-0000-527769-1779355975464","segments":15,"total_bytes":396353,"has_init":true},"target":"cove_replay_engine::segment::recovery"}
{"timestamp":"2026-05-22T06:56:28.278000Z","level":"INFO","fields":{"message":"discovered recoverable session","session_id":"pw-session-0000-527039-1779355904528","segments":15,"total_bytes":399909,"has_init":true},"target":"cove_replay_engine::segment::recovery"}
{"timestamp":"2026-05-22T06:56:28.278038Z","level":"INFO","fields":{"message":"discovered recoverable session","session_id":"pw-session-0000-526726-1779355900049","segments":2,"total_bytes":43230,"has_init":true},"target":"cove_replay_engine::segment::recovery"}
{"timestamp":"2026-05-22T06:56:28.278157Z","level":"INFO","fields":{"message":"discovered recoverable session","session_id":"pw-session-0000-526271-1779355835103","segments":15,"total_bytes":418751,"has_init":true},"target":"cove_replay_engine::segment::recovery"}
{"timestamp":"2026-05-22T06:56:28.278518Z","level":"INFO","fields":{"message":"discovered recoverable session","session_id":"pw-session-0000-488643-1779348732790","segments":15,"total_bytes":412854,"has_init":false},"target":"cove_replay_engine::segment::recovery"}
{"timestamp":"2026-05-22T06:56:28.278648Z","level":"INFO","fields":{"message":"discovered recoverable session","session_id":"pw-session-0000-488219-1779348704506","segments":15,"total_bytes":404771,"has_init":false},"target":"cove_replay_engine::segment::recovery"}
{"timestamp":"2026-05-22T06:56:28.278772Z","level":"INFO","fields":{"message":"discovered recoverable session","session_id":"pw-session-0000-487563-1779348634941","segments":15,"total_bytes":403920,"has_init":false},"target":"cove_replay_engine::segment::recovery"}
{"timestamp":"2026-05-22T06:56:28.278811Z","level":"INFO","fields":{"message":"discovered recoverable session","session_id":"pw-session-0000-487247-1779348630300","segments":2,"total_bytes":39923,"has_init":false},"target":"cove_replay_engine::segment::recovery"}
{"timestamp":"2026-05-22T06:56:28.278943Z","level":"INFO","fields":{"message":"discovered recoverable session","session_id":"pw-session-0000-486664-1779348565018","segments":15,"total_bytes":399094,"has_init":false},"target":"cove_replay_engine::segment::recovery"}
{"timestamp":"2026-05-22T06:56:28.279061Z","level":"INFO","fields":{"message":"discovered recoverable session","session_id":"pw-session-0000-448304-1779336085323","segments":15,"total_bytes":425927,"has_init":false},"target":"cove_replay_engine::segment::recovery"}
{"timestamp":"2026-05-22T06:56:28.279179Z","level":"INFO","fields":{"message":"discovered recoverable session","session_id":"pw-session-0000-447871-1779336055245","segments":15,"total_bytes":422570,"has_init":false},"target":"cove_replay_engine::segment::recovery"}
{"timestamp":"2026-05-22T06:56:28.279294Z","level":"INFO","fields":{"message":"discovered recoverable session","session_id":"pw-session-0000-447332-1779335985067","segments":15,"total_bytes":437816,"has_init":false},"target":"cove_replay_engine::segment::recovery"}
{"timestamp":"2026-05-22T06:56:28.279336Z","level":"INFO","fields":{"message":"discovered recoverable session","session_id":"pw-session-0000-447004-1779335975040","segments":2,"total_bytes":45438,"has_init":false},"target":"cove_replay_engine::segment::recovery"}
{"timestamp":"2026-05-22T06:56:28.279451Z","level":"INFO","fields":{"message":"discovered recoverable session","session_id":"pw-session-0000-446368-1779335904858","segments":15,"total_bytes":422563,"has_init":false},"target":"cove_replay_engine::segment::recovery"}
{"timestamp":"2026-05-22T06:56:28.279568Z","level":"INFO","fields":{"message":"discovered recoverable session","session_id":"pw-session-0000-433369-1779331848550","segments":15,"total_bytes":575246,"has_init":false},"target":"cove_replay_engine::segment::recovery"}
{"timestamp":"2026-05-22T06:56:28.279644Z","level":"INFO","fields":{"message":"discovered recoverable session","session_id":"pw-session-0000-306991-1779298114212","segments":1,"total_bytes":27641,"has_init":false},"target":"cove_replay_engine::segment::recovery"}
{"timestamp":"2026-05-22T06:56:28.279717Z","level":"INFO","fields":{"message":"discovered recoverable session","session_id":"pw-session-0000-276374-1779293632543","segments":1,"total_bytes":26277,"has_init":false},"target":"cove_replay_engine::segment::recovery"}
{"timestamp":"2026-05-22T06:56:28.279824Z","level":"INFO","fields":{"message":"discovered recoverable sessions from prior crash","count":51},"target":"cove_replay_engine::transport::server"}
{"timestamp":"2026-05-22T06:56:28.320985Z","level":"INFO","fields":{"message":"listening","socket":"/run/user/1000/cove-screen-recorder/engine.sock"},"target":"cove_replay_engine::transport::server"}
{"timestamp":"2026-05-22T07:06:29.401170Z","level":"INFO","fields":{"message":"engine.shutdown requested"},"target":"cove_replay_engine::transport::server"}
=== VAL-CAP-001 BOUNDARY 2026-05-22T06:54:55-07:00 ===
{"timestamp":"2026-05-22T13:56:51.737005Z","level":"INFO","fields":{"message":"cove-replay-engine started","version":"0.1.0","protocol_version":1},"target":"cove_replay_engine"}
{"timestamp":"2026-05-22T13:56:51.740286Z","level":"INFO","fields":{"message":"discovered recoverable session","session_id":"pw-session-0000-754390-1779416974675","segments":13,"total_bytes":7735032,"has_init":true},"target":"cove_replay_engine::segment::recovery"}
{"timestamp":"2026-05-22T13:56:51.740668Z","level":"INFO","fields":{"message":"discovered recoverable session","session_id":"pw-session-0000-753847-1779416924536","segments":8,"total_bytes":4387820,"has_init":true},"target":"cove_replay_engine::segment::recovery"}
{"timestamp":"2026-05-22T13:56:51.740843Z","level":"INFO","fields":{"message":"discovered recoverable session","session_id":"pw-session-0000-753362-1779416844334","segments":13,"total_bytes":7581671,"has_init":true},"target":"cove_replay_engine::segment::recovery"}
{"timestamp":"2026-05-22T13:56:51.740966Z","level":"INFO","fields":{"message":"discovered recoverable session","session_id":"pw-session-0000-752878-1779416764121","segments":13,"total_bytes":7827319,"has_init":true},"target":"cove_replay_engine::segment::recovery"}
{"timestamp":"2026-05-22T13:56:51.741084Z","level":"INFO","fields":{"message":"discovered recoverable session","session_id":"pw-session-0000-752341-1779416683915","segments":13,"total_bytes":7820797,"has_init":true},"target":"cove_replay_engine::segment::recovery"}
{"timestamp":"2026-05-22T13:56:51.741191Z","level":"INFO","fields":{"message":"discovered recoverable session","session_id":"pw-session-0000-751943-1779416653839","segments":11,"total_bytes":6326337,"has_init":true},"target":"cove_replay_engine::segment::recovery"}
{"timestamp":"2026-05-22T13:56:51.741304Z","level":"INFO","fields":{"message":"discovered recoverable session","session_id":"pw-session-0000-751435-1779416579402","segments":14,"total_bytes":8295900,"has_init":true},"target":"cove_replay_engine::segment::recovery"}
{"timestamp":"2026-05-22T13:56:51.741339Z","level":"INFO","fields":{"message":"discovered recoverable session","session_id":"pw-session-0000-751088-1779416573633","segments":1,"total_bytes":102474,"has_init":true},"target":"cove_replay_engine::segment::recovery"}
{"timestamp":"2026-05-22T13:56:51.741454Z","level":"INFO","fields":{"message":"discovered recoverable session","session_id":"pw-session-0000-750649-1779416503463","segments":14,"total_bytes":8232916,"has_init":true},"target":"cove_replay_engine::segment::recovery"}
{"timestamp":"2026-05-22T13:56:51.741603Z","level":"INFO","fields":{"message":"discovered recoverable session","session_id":"pw-session-0000-740080-1779414668701","segments":12,"total_bytes":11591167,"has_init":true},"target":"cove_replay_engine::segment::recovery"}
{"timestamp":"2026-05-22T13:56:51.741728Z","level":"INFO","fields":{"message":"discovered recoverable session","session_id":"pw-session-0000-739490-1779414588489","segments":11,"total_bytes":11164551,"has_init":true},"target":"cove_replay_engine::segment::recovery"}
{"timestamp":"2026-05-22T13:56:51.741823Z","level":"INFO","fields":{"message":"discovered recoverable session","session_id":"pw-session-0000-739103-1779414558410","segments":10,"total_bytes":9430747,"has_init":true},"target":"cove_replay_engine::segment::recovery"}
{"timestamp":"2026-05-22T13:56:51.741942Z","level":"INFO","fields":{"message":"discovered recoverable session","session_id":"pw-session-0000-738664-1779414489111","segments":12,"total_bytes":11699332,"has_init":true},"target":"cove_replay_engine::segment::recovery"}
{"timestamp":"2026-05-22T13:56:51.742027Z","level":"INFO","fields":{"message":"discovered recoverable session","session_id":"pw-session-0000-716688-1779409301653","segments":8,"total_bytes":4480783,"has_init":true},"target":"cove_replay_engine::segment::recovery"}
{"timestamp":"2026-05-22T13:56:51.742156Z","level":"INFO","fields":{"message":"discovered recoverable session","session_id":"pw-session-0000-716124-1779409221448","segments":13,"total_bytes":7688949,"has_init":true},"target":"cove_replay_engine::segment::recovery"}
{"timestamp":"2026-05-22T13:56:51.742269Z","level":"INFO","fields":{"message":"discovered recoverable session","session_id":"pw-session-0000-715675-1779409141240","segments":13,"total_bytes":7964648,"has_init":true},"target":"cove_replay_engine::segment::recovery"}
{"timestamp":"2026-05-22T13:56:51.742417Z","level":"INFO","fields":{"message":"discovered recoverable session","session_id":"pw-session-0000-715118-1779409061034","segments":13,"total_bytes":7902025,"has_init":true},"target":"cove_replay_engine::segment::recovery"}
{"timestamp":"2026-05-22T13:56:51.742569Z","level":"INFO","fields":{"message":"discovered recoverable session","session_id":"pw-session-0000-714649-1779409034565","segments":11,"total_bytes":17935855,"has_init":true},"target":"cove_replay_engine::segment::recovery"}
{"timestamp":"2026-05-22T13:56:51.742698Z","level":"INFO","fields":{"message":"discovered recoverable session","session_id":"pw-session-0000-695577-1779404288875","segments":13,"total_bytes":8178368,"has_init":true},"target":"cove_replay_engine::segment::recovery"}
{"timestamp":"2026-05-22T13:56:51.742811Z","level":"INFO","fields":{"message":"discovered recoverable session","session_id":"pw-session-0000-695069-1779404208668","segments":13,"total_bytes":8161214,"has_init":true},"target":"cove_replay_engine::segment::recovery"}
{"timestamp":"2026-05-22T13:56:51.742904Z","level":"INFO","fields":{"message":"discovered recoverable session","session_id":"pw-session-0000-694672-1779404178591","segments":11,"total_bytes":6542218,"has_init":true},"target":"cove_replay_engine::segment::recovery"}
{"timestamp":"2026-05-22T13:56:51.743032Z","level":"INFO","fields":{"message":"discovered recoverable session","session_id":"pw-session-0000-694166-1779404108410","segments":14,"total_bytes":8600787,"has_init":true},"target":"cove_replay_engine::segment::recovery"}
{"timestamp":"2026-05-22T13:56:51.743071Z","level":"INFO","fields":{"message":"discovered recoverable session","session_id":"pw-session-0000-693815-1779404098386","segments":1,"total_bytes":107650,"has_init":true},"target":"cove_replay_engine::segment::recovery"}
{"timestamp":"2026-05-22T13:56:51.743194Z","level":"INFO","fields":{"message":"discovered recoverable session","session_id":"pw-session-0000-693401-1779404028207","segments":14,"total_bytes":8573649,"has_init":true},"target":"cove_replay_engine::segment::recovery"}
{"timestamp":"2026-05-22T13:56:51.743314Z","level":"INFO","fields":{"message":"discovered recoverable session","session_id":"pw-session-0000-675650-1779400717058","segments":14,"total_bytes":16644797,"has_init":true},"target":"cove_replay_engine::segment::recovery"}
{"timestamp":"2026-05-22T13:56:51.743428Z","level":"INFO","fields":{"message":"discovered recoverable session","session_id":"pw-session-0000-648824-1779394387663","segments":14,"total_bytes":8148620,"has_init":true},"target":"cove_replay_engine::segment::recovery"}
{"timestamp":"2026-05-22T13:56:51.743589Z","level":"INFO","fields":{"message":"discovered recoverable session","session_id":"pw-session-0000-621683-1779389638096","segments":15,"total_bytes":579071,"has_init":true},"target":"cove_replay_engine::segment::recovery"}
{"timestamp":"2026-05-22T13:56:51.743737Z","level":"INFO","fields":{"message":"discovered recoverable session","session_id":"pw-session-0000-620990-1779389547392","segments":15,"total_bytes":598469,"has_init":true},"target":"cove_replay_engine::segment::recovery"}
{"timestamp":"2026-05-22T13:56:51.743896Z","level":"INFO","fields":{"message":"discovered recoverable session","session_id":"pw-session-0000-608326-1779388063854","segments":15,"total_bytes":401584,"has_init":true},"target":"cove_replay_engine::segment::recovery"}
{"timestamp":"2026-05-22T13:56:51.744052Z","level":"INFO","fields":{"message":"discovered recoverable session","session_id":"pw-session-0000-607862-1779388033780","segments":15,"total_bytes":405806,"has_init":true},"target":"cove_replay_engine::segment::recovery"}
{"timestamp":"2026-05-22T13:56:51.744177Z","level":"INFO","fields":{"message":"discovered recoverable session","session_id":"pw-session-0000-607111-1779387960158","segments":15,"total_bytes":412469,"has_init":true},"target":"cove_replay_engine::segment::recovery"}
{"timestamp":"2026-05-22T13:56:51.744218Z","level":"INFO","fields":{"message":"discovered recoverable session","session_id":"pw-session-0000-606777-1779387953570","segments":2,"total_bytes":45252,"has_init":true},"target":"cove_replay_engine::segment::recovery"}
{"timestamp":"2026-05-22T13:56:51.744336Z","level":"INFO","fields":{"message":"discovered recoverable session","session_id":"pw-session-0000-606152-1779387883404","segments":15,"total_bytes":409834,"has_init":true},"target":"cove_replay_engine::segment::recovery"}
{"timestamp":"2026-05-22T13:56:51.744464Z","level":"INFO","fields":{"message":"discovered recoverable session","session_id":"pw-session-0000-528209-1779356005542","segments":15,"total_bytes":399575,"has_init":true},"target":"cove_replay_engine::segment::recovery"}
{"timestamp":"2026-05-22T13:56:51.744604Z","level":"INFO","fields":{"message":"discovered recoverable session","session_id":"pw-session-0000-527769-1779355975464","segments":15,"total_bytes":396353,"has_init":true},"target":"cove_replay_engine::segment::recovery"}
{"timestamp":"2026-05-22T13:56:51.744735Z","level":"INFO","fields":{"message":"discovered recoverable session","session_id":"pw-session-0000-527039-1779355904528","segments":15,"total_bytes":399909,"has_init":true},"target":"cove_replay_engine::segment::recovery"}
{"timestamp":"2026-05-22T13:56:51.744775Z","level":"INFO","fields":{"message":"discovered recoverable session","session_id":"pw-session-0000-526726-1779355900049","segments":2,"total_bytes":43230,"has_init":true},"target":"cove_replay_engine::segment::recovery"}
{"timestamp":"2026-05-22T13:56:51.744892Z","level":"INFO","fields":{"message":"discovered recoverable session","session_id":"pw-session-0000-526271-1779355835103","segments":15,"total_bytes":418751,"has_init":true},"target":"cove_replay_engine::segment::recovery"}
{"timestamp":"2026-05-22T13:56:51.745249Z","level":"INFO","fields":{"message":"discovered recoverable session","session_id":"pw-session-0000-488643-1779348732790","segments":15,"total_bytes":412854,"has_init":false},"target":"cove_replay_engine::segment::recovery"}
{"timestamp":"2026-05-22T13:56:51.745390Z","level":"INFO","fields":{"message":"discovered recoverable session","session_id":"pw-session-0000-488219-1779348704506","segments":15,"total_bytes":404771,"has_init":false},"target":"cove_replay_engine::segment::recovery"}
{"timestamp":"2026-05-22T13:56:51.745515Z","level":"INFO","fields":{"message":"discovered recoverable session","session_id":"pw-session-0000-487563-1779348634941","segments":15,"total_bytes":403920,"has_init":false},"target":"cove_replay_engine::segment::recovery"}
{"timestamp":"2026-05-22T13:56:51.745556Z","level":"INFO","fields":{"message":"discovered recoverable session","session_id":"pw-session-0000-487247-1779348630300","segments":2,"total_bytes":39923,"has_init":false},"target":"cove_replay_engine::segment::recovery"}
{"timestamp":"2026-05-22T13:56:51.745672Z","level":"INFO","fields":{"message":"discovered recoverable session","session_id":"pw-session-0000-486664-1779348565018","segments":15,"total_bytes":399094,"has_init":false},"target":"cove_replay_engine::segment::recovery"}
{"timestamp":"2026-05-22T13:56:51.745787Z","level":"INFO","fields":{"message":"discovered recoverable session","session_id":"pw-session-0000-448304-1779336085323","segments":15,"total_bytes":425927,"has_init":false},"target":"cove_replay_engine::segment::recovery"}
{"timestamp":"2026-05-22T13:56:51.745904Z","level":"INFO","fields":{"message":"discovered recoverable session","session_id":"pw-session-0000-447871-1779336055245","segments":15,"total_bytes":422570,"has_init":false},"target":"cove_replay_engine::segment::recovery"}
{"timestamp":"2026-05-22T13:56:51.746018Z","level":"INFO","fields":{"message":"discovered recoverable session","session_id":"pw-session-0000-447332-1779335985067","segments":15,"total_bytes":437816,"has_init":false},"target":"cove_replay_engine::segment::recovery"}
{"timestamp":"2026-05-22T13:56:51.746058Z","level":"INFO","fields":{"message":"discovered recoverable session","session_id":"pw-session-0000-447004-1779335975040","segments":2,"total_bytes":45438,"has_init":false},"target":"cove_replay_engine::segment::recovery"}
{"timestamp":"2026-05-22T13:56:51.746172Z","level":"INFO","fields":{"message":"discovered recoverable session","session_id":"pw-session-0000-446368-1779335904858","segments":15,"total_bytes":422563,"has_init":false},"target":"cove_replay_engine::segment::recovery"}
{"timestamp":"2026-05-22T13:56:51.746288Z","level":"INFO","fields":{"message":"discovered recoverable session","session_id":"pw-session-0000-433369-1779331848550","segments":15,"total_bytes":575246,"has_init":false},"target":"cove_replay_engine::segment::recovery"}
{"timestamp":"2026-05-22T13:56:51.746390Z","level":"INFO","fields":{"message":"discovered recoverable session","session_id":"pw-session-0000-306991-1779298114212","segments":1,"total_bytes":27641,"has_init":false},"target":"cove_replay_engine::segment::recovery"}
{"timestamp":"2026-05-22T13:56:51.746472Z","level":"INFO","fields":{"message":"discovered recoverable session","session_id":"pw-session-0000-276374-1779293632543","segments":1,"total_bytes":26277,"has_init":false},"target":"cove_replay_engine::segment::recovery"}
{"timestamp":"2026-05-22T13:56:51.746580Z","level":"INFO","fields":{"message":"discovered recoverable sessions from prior crash","count":51},"target":"cove_replay_engine::transport::server"}
{"timestamp":"2026-05-22T13:56:51.787747Z","level":"INFO","fields":{"message":"listening","socket":"/run/user/1000/cove-screen-recorder/engine.sock"},"target":"cove_replay_engine::transport::server"}
{"timestamp":"2026-05-22T15:10:37.089728Z","level":"INFO","fields":{"message":"signal received, shutting down"},"target":"cove_replay_engine::transport::server"}
{"timestamp":"2026-05-22T15:12:05.087726Z","level":"INFO","fields":{"message":"cove-replay-engine started","version":"0.1.0","protocol_version":1},"target":"cove_replay_engine"}
{"timestamp":"2026-05-22T15:12:05.089347Z","level":"INFO","fields":{"message":"discovered recoverable session","session_id":"pw-session-0000-754390-1779416974675","segments":13,"total_bytes":7735032,"has_init":true},"target":"cove_replay_engine::segment::recovery"}
{"timestamp":"2026-05-22T15:12:05.089452Z","level":"INFO","fields":{"message":"discovered recoverable session","session_id":"pw-session-0000-753847-1779416924536","segments":8,"total_bytes":4387820,"has_init":true},"target":"cove_replay_engine::segment::recovery"}
{"timestamp":"2026-05-22T15:12:05.089564Z","level":"INFO","fields":{"message":"discovered recoverable session","session_id":"pw-session-0000-753362-1779416844334","segments":13,"total_bytes":7581671,"has_init":true},"target":"cove_replay_engine::segment::recovery"}
{"timestamp":"2026-05-22T15:12:05.089671Z","level":"INFO","fields":{"message":"discovered recoverable session","session_id":"pw-session-0000-752878-1779416764121","segments":13,"total_bytes":7827319,"has_init":true},"target":"cove_replay_engine::segment::recovery"}
{"timestamp":"2026-05-22T15:12:05.089783Z","level":"INFO","fields":{"message":"discovered recoverable session","session_id":"pw-session-0000-752341-1779416683915","segments":13,"total_bytes":7820797,"has_init":true},"target":"cove_replay_engine::segment::recovery"}
{"timestamp":"2026-05-22T15:12:05.089880Z","level":"INFO","fields":{"message":"discovered recoverable session","session_id":"pw-session-0000-751943-1779416653839","segments":11,"total_bytes":6326337,"has_init":true},"target":"cove_replay_engine::segment::recovery"}
{"timestamp":"2026-05-22T15:12:05.089991Z","level":"INFO","fields":{"message":"discovered recoverable session","session_id":"pw-session-0000-751435-1779416579402","segments":14,"total_bytes":8295900,"has_init":true},"target":"cove_replay_engine::segment::recovery"}
{"timestamp":"2026-05-22T15:12:05.090026Z","level":"INFO","fields":{"message":"discovered recoverable session","session_id":"pw-session-0000-751088-1779416573633","segments":1,"total_bytes":102474,"has_init":true},"target":"cove_replay_engine::segment::recovery"}
{"timestamp":"2026-05-22T15:12:05.090137Z","level":"INFO","fields":{"message":"discovered recoverable session","session_id":"pw-session-0000-750649-1779416503463","segments":14,"total_bytes":8232916,"has_init":true},"target":"cove_replay_engine::segment::recovery"}
{"timestamp":"2026-05-22T15:12:05.090239Z","level":"INFO","fields":{"message":"discovered recoverable session","session_id":"pw-session-0000-740080-1779414668701","segments":12,"total_bytes":11591167,"has_init":true},"target":"cove_replay_engine::segment::recovery"}
{"timestamp":"2026-05-22T15:12:05.090331Z","level":"INFO","fields":{"message":"discovered recoverable session","session_id":"pw-session-0000-739490-1779414588489","segments":11,"total_bytes":11164551,"has_init":true},"target":"cove_replay_engine::segment::recovery"}
{"timestamp":"2026-05-22T15:12:05.090420Z","level":"INFO","fields":{"message":"discovered recoverable session","session_id":"pw-session-0000-739103-1779414558410","segments":10,"total_bytes":9430747,"has_init":true},"target":"cove_replay_engine::segment::recovery"}
{"timestamp":"2026-05-22T15:12:05.090530Z","level":"INFO","fields":{"message":"discovered recoverable session","session_id":"pw-session-0000-738664-1779414489111","segments":12,"total_bytes":11699332,"has_init":true},"target":"cove_replay_engine::segment::recovery"}
{"timestamp":"2026-05-22T15:12:05.090607Z","level":"INFO","fields":{"message":"discovered recoverable session","session_id":"pw-session-0000-716688-1779409301653","segments":8,"total_bytes":4480783,"has_init":true},"target":"cove_replay_engine::segment::recovery"}
{"timestamp":"2026-05-22T15:12:05.090721Z","level":"INFO","fields":{"message":"discovered recoverable session","session_id":"pw-session-0000-716124-1779409221448","segments":13,"total_bytes":7688949,"has_init":true},"target":"cove_replay_engine::segment::recovery"}
{"timestamp":"2026-05-22T15:12:05.090834Z","level":"INFO","fields":{"message":"discovered recoverable session","session_id":"pw-session-0000-715675-1779409141240","segments":13,"total_bytes":7964648,"has_init":true},"target":"cove_replay_engine::segment::recovery"}
{"timestamp":"2026-05-22T15:12:05.090948Z","level":"INFO","fields":{"message":"discovered recoverable session","session_id":"pw-session-0000-715118-1779409061034","segments":13,"total_bytes":7902025,"has_init":true},"target":"cove_replay_engine::segment::recovery"}
{"timestamp":"2026-05-22T15:12:05.091045Z","level":"INFO","fields":{"message":"discovered recoverable session","session_id":"pw-session-0000-714649-1779409034565","segments":11,"total_bytes":17935855,"has_init":true},"target":"cove_replay_engine::segment::recovery"}
{"timestamp":"2026-05-22T15:12:05.091154Z","level":"INFO","fields":{"message":"discovered recoverable session","session_id":"pw-session-0000-695577-1779404288875","segments":13,"total_bytes":8178368,"has_init":true},"target":"cove_replay_engine::segment::recovery"}
{"timestamp":"2026-05-22T15:12:05.091260Z","level":"INFO","fields":{"message":"discovered recoverable session","session_id":"pw-session-0000-695069-1779404208668","segments":13,"total_bytes":8161214,"has_init":true},"target":"cove_replay_engine::segment::recovery"}
{"timestamp":"2026-05-22T15:12:05.091365Z","level":"INFO","fields":{"message":"discovered recoverable session","session_id":"pw-session-0000-694672-1779404178591","segments":11,"total_bytes":6542218,"has_init":true},"target":"cove_replay_engine::segment::recovery"}
{"timestamp":"2026-05-22T15:12:05.091503Z","level":"INFO","fields":{"message":"discovered recoverable session","session_id":"pw-session-0000-694166-1779404108410","segments":14,"total_bytes":8600787,"has_init":true},"target":"cove_replay_engine::segment::recovery"}
{"timestamp":"2026-05-22T15:12:05.091542Z","level":"INFO","fields":{"message":"discovered recoverable session","session_id":"pw-session-0000-693815-1779404098386","segments":1,"total_bytes":107650,"has_init":true},"target":"cove_replay_engine::segment::recovery"}
{"timestamp":"2026-05-22T15:12:05.091656Z","level":"INFO","fields":{"message":"discovered recoverable session","session_id":"pw-session-0000-693401-1779404028207","segments":14,"total_bytes":8573649,"has_init":true},"target":"cove_replay_engine::segment::recovery"}
{"timestamp":"2026-05-22T15:12:05.091768Z","level":"INFO","fields":{"message":"discovered recoverable session","session_id":"pw-session-0000-675650-1779400717058","segments":14,"total_bytes":16644797,"has_init":true},"target":"cove_replay_engine::segment::recovery"}
{"timestamp":"2026-05-22T15:12:05.091880Z","level":"INFO","fields":{"message":"discovered recoverable session","session_id":"pw-session-0000-648824-1779394387663","segments":14,"total_bytes":8148620,"has_init":true},"target":"cove_replay_engine::segment::recovery"}
{"timestamp":"2026-05-22T15:12:05.092000Z","level":"INFO","fields":{"message":"discovered recoverable session","session_id":"pw-session-0000-621683-1779389638096","segments":15,"total_bytes":579071,"has_init":true},"target":"cove_replay_engine::segment::recovery"}
{"timestamp":"2026-05-22T15:12:05.092119Z","level":"INFO","fields":{"message":"discovered recoverable session","session_id":"pw-session-0000-620990-1779389547392","segments":15,"total_bytes":598469,"has_init":true},"target":"cove_replay_engine::segment::recovery"}
{"timestamp":"2026-05-22T15:12:05.092252Z","level":"INFO","fields":{"message":"discovered recoverable session","session_id":"pw-session-0000-608326-1779388063854","segments":15,"total_bytes":401584,"has_init":true},"target":"cove_replay_engine::segment::recovery"}
{"timestamp":"2026-05-22T15:12:05.092372Z","level":"INFO","fields":{"message":"discovered recoverable session","session_id":"pw-session-0000-607862-1779388033780","segments":15,"total_bytes":405806,"has_init":true},"target":"cove_replay_engine::segment::recovery"}
{"timestamp":"2026-05-22T15:12:05.092494Z","level":"INFO","fields":{"message":"discovered recoverable session","session_id":"pw-session-0000-607111-1779387960158","segments":15,"total_bytes":412469,"has_init":true},"target":"cove_replay_engine::segment::recovery"}
{"timestamp":"2026-05-22T15:12:05.092536Z","level":"INFO","fields":{"message":"discovered recoverable session","session_id":"pw-session-0000-606777-1779387953570","segments":2,"total_bytes":45252,"has_init":true},"target":"cove_replay_engine::segment::recovery"}
{"timestamp":"2026-05-22T15:12:05.092654Z","level":"INFO","fields":{"message":"discovered recoverable session","session_id":"pw-session-0000-606152-1779387883404","segments":15,"total_bytes":409834,"has_init":true},"target":"cove_replay_engine::segment::recovery"}
{"timestamp":"2026-05-22T15:12:05.092773Z","level":"INFO","fields":{"message":"discovered recoverable session","session_id":"pw-session-0000-528209-1779356005542","segments":15,"total_bytes":399575,"has_init":true},"target":"cove_replay_engine::segment::recovery"}
{"timestamp":"2026-05-22T15:12:05.092891Z","level":"INFO","fields":{"message":"discovered recoverable session","session_id":"pw-session-0000-527769-1779355975464","segments":15,"total_bytes":396353,"has_init":true},"target":"cove_replay_engine::segment::recovery"}
{"timestamp":"2026-05-22T15:12:05.093007Z","level":"INFO","fields":{"message":"discovered recoverable session","session_id":"pw-session-0000-527039-1779355904528","segments":15,"total_bytes":399909,"has_init":true},"target":"cove_replay_engine::segment::recovery"}
{"timestamp":"2026-05-22T15:12:05.093047Z","level":"INFO","fields":{"message":"discovered recoverable session","session_id":"pw-session-0000-526726-1779355900049","segments":2,"total_bytes":43230,"has_init":true},"target":"cove_replay_engine::segment::recovery"}
{"timestamp":"2026-05-22T15:12:05.093166Z","level":"INFO","fields":{"message":"discovered recoverable session","session_id":"pw-session-0000-526271-1779355835103","segments":15,"total_bytes":418751,"has_init":true},"target":"cove_replay_engine::segment::recovery"}
{"timestamp":"2026-05-22T15:12:05.093419Z","level":"INFO","fields":{"message":"discovered recoverable session","session_id":"pw-session-0000-488643-1779348732790","segments":15,"total_bytes":412854,"has_init":false},"target":"cove_replay_engine::segment::recovery"}
{"timestamp":"2026-05-22T15:12:05.093549Z","level":"INFO","fields":{"message":"discovered recoverable session","session_id":"pw-session-0000-488219-1779348704506","segments":15,"total_bytes":404771,"has_init":false},"target":"cove_replay_engine::segment::recovery"}
{"timestamp":"2026-05-22T15:12:05.093667Z","level":"INFO","fields":{"message":"discovered recoverable session","session_id":"pw-session-0000-487563-1779348634941","segments":15,"total_bytes":403920,"has_init":false},"target":"cove_replay_engine::segment::recovery"}
{"timestamp":"2026-05-22T15:12:05.093708Z","level":"INFO","fields":{"message":"discovered recoverable session","session_id":"pw-session-0000-487247-1779348630300","segments":2,"total_bytes":39923,"has_init":false},"target":"cove_replay_engine::segment::recovery"}
{"timestamp":"2026-05-22T15:12:05.093827Z","level":"INFO","fields":{"message":"discovered recoverable session","session_id":"pw-session-0000-486664-1779348565018","segments":15,"total_bytes":399094,"has_init":false},"target":"cove_replay_engine::segment::recovery"}
{"timestamp":"2026-05-22T15:12:05.093958Z","level":"INFO","fields":{"message":"discovered recoverable session","session_id":"pw-session-0000-448304-1779336085323","segments":15,"total_bytes":425927,"has_init":false},"target":"cove_replay_engine::segment::recovery"}
{"timestamp":"2026-05-22T15:12:05.094093Z","level":"INFO","fields":{"message":"discovered recoverable session","session_id":"pw-session-0000-447871-1779336055245","segments":15,"total_bytes":422570,"has_init":false},"target":"cove_replay_engine::segment::recovery"}
{"timestamp":"2026-05-22T15:12:05.094214Z","level":"INFO","fields":{"message":"discovered recoverable session","session_id":"pw-session-0000-447332-1779335985067","segments":15,"total_bytes":437816,"has_init":false},"target":"cove_replay_engine::segment::recovery"}
{"timestamp":"2026-05-22T15:12:05.094258Z","level":"INFO","fields":{"message":"discovered recoverable session","session_id":"pw-session-0000-447004-1779335975040","segments":2,"total_bytes":45438,"has_init":false},"target":"cove_replay_engine::segment::recovery"}
{"timestamp":"2026-05-22T15:12:05.094374Z","level":"INFO","fields":{"message":"discovered recoverable session","session_id":"pw-session-0000-446368-1779335904858","segments":15,"total_bytes":422563,"has_init":false},"target":"cove_replay_engine::segment::recovery"}
{"timestamp":"2026-05-22T15:12:05.094499Z","level":"INFO","fields":{"message":"discovered recoverable session","session_id":"pw-session-0000-433369-1779331848550","segments":15,"total_bytes":575246,"has_init":false},"target":"cove_replay_engine::segment::recovery"}
{"timestamp":"2026-05-22T15:12:05.094606Z","level":"INFO","fields":{"message":"discovered recoverable session","session_id":"pw-session-0000-306991-1779298114212","segments":1,"total_bytes":27641,"has_init":false},"target":"cove_replay_engine::segment::recovery"}
{"timestamp":"2026-05-22T15:12:05.094703Z","level":"INFO","fields":{"message":"discovered recoverable session","session_id":"pw-session-0000-276374-1779293632543","segments":1,"total_bytes":26277,"has_init":false},"target":"cove_replay_engine::segment::recovery"}
{"timestamp":"2026-05-22T15:12:05.094825Z","level":"INFO","fields":{"message":"discovered recoverable sessions from prior crash","count":51},"target":"cove_replay_engine::transport::server"}
{"timestamp":"2026-05-22T15:12:05.126036Z","level":"INFO","fields":{"message":"listening","socket":"/run/user/1000/cove-screen-recorder/engine.sock"},"target":"cove_replay_engine::transport::server"}
{"timestamp":"2026-05-22T15:15:10.974359Z","level":"INFO","fields":{"message":"signal received, shutting down"},"target":"cove_replay_engine::transport::server"}
{"timestamp":"2026-05-22T15:15:12.984345Z","level":"INFO","fields":{"message":"cove-replay-engine started","version":"0.1.0","protocol_version":1},"target":"cove_replay_engine"}
{"timestamp":"2026-05-22T15:15:12.984692Z","level":"INFO","fields":{"message":"discovered recoverable session","session_id":"pw-session-0000-754390-1779416974675","segments":13,"total_bytes":7735032,"has_init":true},"target":"cove_replay_engine::segment::recovery"}
{"timestamp":"2026-05-22T15:15:12.984788Z","level":"INFO","fields":{"message":"discovered recoverable session","session_id":"pw-session-0000-753847-1779416924536","segments":8,"total_bytes":4387820,"has_init":true},"target":"cove_replay_engine::segment::recovery"}
{"timestamp":"2026-05-22T15:15:12.984900Z","level":"INFO","fields":{"message":"discovered recoverable session","session_id":"pw-session-0000-753362-1779416844334","segments":13,"total_bytes":7581671,"has_init":true},"target":"cove_replay_engine::segment::recovery"}
{"timestamp":"2026-05-22T15:15:12.985011Z","level":"INFO","fields":{"message":"discovered recoverable session","session_id":"pw-session-0000-752878-1779416764121","segments":13,"total_bytes":7827319,"has_init":true},"target":"cove_replay_engine::segment::recovery"}
{"timestamp":"2026-05-22T15:15:12.985120Z","level":"INFO","fields":{"message":"discovered recoverable session","session_id":"pw-session-0000-752341-1779416683915","segments":13,"total_bytes":7820797,"has_init":true},"target":"cove_replay_engine::segment::recovery"}
{"timestamp":"2026-05-22T15:15:12.985219Z","level":"INFO","fields":{"message":"discovered recoverable session","session_id":"pw-session-0000-751943-1779416653839","segments":11,"total_bytes":6326337,"has_init":true},"target":"cove_replay_engine::segment::recovery"}
{"timestamp":"2026-05-22T15:15:12.985342Z","level":"INFO","fields":{"message":"discovered recoverable session","session_id":"pw-session-0000-751435-1779416579402","segments":14,"total_bytes":8295900,"has_init":true},"target":"cove_replay_engine::segment::recovery"}
{"timestamp":"2026-05-22T15:15:12.985391Z","level":"INFO","fields":{"message":"discovered recoverable session","session_id":"pw-session-0000-751088-1779416573633","segments":1,"total_bytes":102474,"has_init":true},"target":"cove_replay_engine::segment::recovery"}
{"timestamp":"2026-05-22T15:15:12.985529Z","level":"INFO","fields":{"message":"discovered recoverable session","session_id":"pw-session-0000-750649-1779416503463","segments":14,"total_bytes":8232916,"has_init":true},"target":"cove_replay_engine::segment::recovery"}
{"timestamp":"2026-05-22T15:15:12.985671Z","level":"INFO","fields":{"message":"discovered recoverable session","session_id":"pw-session-0000-740080-1779414668701","segments":12,"total_bytes":11591167,"has_init":true},"target":"cove_replay_engine::segment::recovery"}
{"timestamp":"2026-05-22T15:15:12.985783Z","level":"INFO","fields":{"message":"discovered recoverable session","session_id":"pw-session-0000-739490-1779414588489","segments":11,"total_bytes":11164551,"has_init":true},"target":"cove_replay_engine::segment::recovery"}
{"timestamp":"2026-05-22T15:15:12.985877Z","level":"INFO","fields":{"message":"discovered recoverable session","session_id":"pw-session-0000-739103-1779414558410","segments":10,"total_bytes":9430747,"has_init":true},"target":"cove_replay_engine::segment::recovery"}
{"timestamp":"2026-05-22T15:15:12.985988Z","level":"INFO","fields":{"message":"discovered recoverable session","session_id":"pw-session-0000-738664-1779414489111","segments":12,"total_bytes":11699332,"has_init":true},"target":"cove_replay_engine::segment::recovery"}
{"timestamp":"2026-05-22T15:15:12.986068Z","level":"INFO","fields":{"message":"discovered recoverable session","session_id":"pw-session-0000-716688-1779409301653","segments":8,"total_bytes":4480783,"has_init":true},"target":"cove_replay_engine::segment::recovery"}
{"timestamp":"2026-05-22T15:15:12.986177Z","level":"INFO","fields":{"message":"discovered recoverable session","session_id":"pw-session-0000-716124-1779409221448","segments":13,"total_bytes":7688949,"has_init":true},"target":"cove_replay_engine::segment::recovery"}
{"timestamp":"2026-05-22T15:15:12.986287Z","level":"INFO","fields":{"message":"discovered recoverable session","session_id":"pw-session-0000-715675-1779409141240","segments":13,"total_bytes":7964648,"has_init":true},"target":"cove_replay_engine::segment::recovery"}
{"timestamp":"2026-05-22T15:15:12.986393Z","level":"INFO","fields":{"message":"discovered recoverable session","session_id":"pw-session-0000-715118-1779409061034","segments":13,"total_bytes":7902025,"has_init":true},"target":"cove_replay_engine::segment::recovery"}
{"timestamp":"2026-05-22T15:15:12.986490Z","level":"INFO","fields":{"message":"discovered recoverable session","session_id":"pw-session-0000-714649-1779409034565","segments":11,"total_bytes":17935855,"has_init":true},"target":"cove_replay_engine::segment::recovery"}
{"timestamp":"2026-05-22T15:15:12.986599Z","level":"INFO","fields":{"message":"discovered recoverable session","session_id":"pw-session-0000-695577-1779404288875","segments":13,"total_bytes":8178368,"has_init":true},"target":"cove_replay_engine::segment::recovery"}
{"timestamp":"2026-05-22T15:15:12.986704Z","level":"INFO","fields":{"message":"discovered recoverable session","session_id":"pw-session-0000-695069-1779404208668","segments":13,"total_bytes":8161214,"has_init":true},"target":"cove_replay_engine::segment::recovery"}
{"timestamp":"2026-05-22T15:15:12.986798Z","level":"INFO","fields":{"message":"discovered recoverable session","session_id":"pw-session-0000-694672-1779404178591","segments":11,"total_bytes":6542218,"has_init":true},"target":"cove_replay_engine::segment::recovery"}
{"timestamp":"2026-05-22T15:15:12.986909Z","level":"INFO","fields":{"message":"discovered recoverable session","session_id":"pw-session-0000-694166-1779404108410","segments":14,"total_bytes":8600787,"has_init":true},"target":"cove_replay_engine::segment::recovery"}
{"timestamp":"2026-05-22T15:15:12.986943Z","level":"INFO","fields":{"message":"discovered recoverable session","session_id":"pw-session-0000-693815-1779404098386","segments":1,"total_bytes":107650,"has_init":true},"target":"cove_replay_engine::segment::recovery"}
{"timestamp":"2026-05-22T15:15:12.987062Z","level":"INFO","fields":{"message":"discovered recoverable session","session_id":"pw-session-0000-693401-1779404028207","segments":14,"total_bytes":8573649,"has_init":true},"target":"cove_replay_engine::segment::recovery"}
{"timestamp":"2026-05-22T15:15:12.987176Z","level":"INFO","fields":{"message":"discovered recoverable session","session_id":"pw-session-0000-675650-1779400717058","segments":14,"total_bytes":16644797,"has_init":true},"target":"cove_replay_engine::segment::recovery"}
{"timestamp":"2026-05-22T15:15:12.987289Z","level":"INFO","fields":{"message":"discovered recoverable session","session_id":"pw-session-0000-648824-1779394387663","segments":14,"total_bytes":8148620,"has_init":true},"target":"cove_replay_engine::segment::recovery"}
{"timestamp":"2026-05-22T15:15:12.987427Z","level":"INFO","fields":{"message":"discovered recoverable session","session_id":"pw-session-0000-621683-1779389638096","segments":15,"total_bytes":579071,"has_init":true},"target":"cove_replay_engine::segment::recovery"}
{"timestamp":"2026-05-22T15:15:12.987548Z","level":"INFO","fields":{"message":"discovered recoverable session","session_id":"pw-session-0000-620990-1779389547392","segments":15,"total_bytes":598469,"has_init":true},"target":"cove_replay_engine::segment::recovery"}
{"timestamp":"2026-05-22T15:15:12.987669Z","level":"INFO","fields":{"message":"discovered recoverable session","session_id":"pw-session-0000-608326-1779388063854","segments":15,"total_bytes":401584,"has_init":true},"target":"cove_replay_engine::segment::recovery"}
{"timestamp":"2026-05-22T15:15:12.987787Z","level":"INFO","fields":{"message":"discovered recoverable session","session_id":"pw-session-0000-607862-1779388033780","segments":15,"total_bytes":405806,"has_init":true},"target":"cove_replay_engine::segment::recovery"}
{"timestamp":"2026-05-22T15:15:12.987910Z","level":"INFO","fields":{"message":"discovered recoverable session","session_id":"pw-session-0000-607111-1779387960158","segments":15,"total_bytes":412469,"has_init":true},"target":"cove_replay_engine::segment::recovery"}
{"timestamp":"2026-05-22T15:15:12.987951Z","level":"INFO","fields":{"message":"discovered recoverable session","session_id":"pw-session-0000-606777-1779387953570","segments":2,"total_bytes":45252,"has_init":true},"target":"cove_replay_engine::segment::recovery"}
{"timestamp":"2026-05-22T15:15:12.988071Z","level":"INFO","fields":{"message":"discovered recoverable session","session_id":"pw-session-0000-606152-1779387883404","segments":15,"total_bytes":409834,"has_init":true},"target":"cove_replay_engine::segment::recovery"}
{"timestamp":"2026-05-22T15:15:12.988192Z","level":"INFO","fields":{"message":"discovered recoverable session","session_id":"pw-session-0000-528209-1779356005542","segments":15,"total_bytes":399575,"has_init":true},"target":"cove_replay_engine::segment::recovery"}
{"timestamp":"2026-05-22T15:15:12.988313Z","level":"INFO","fields":{"message":"discovered recoverable session","session_id":"pw-session-0000-527769-1779355975464","segments":15,"total_bytes":396353,"has_init":true},"target":"cove_replay_engine::segment::recovery"}
{"timestamp":"2026-05-22T15:15:12.988431Z","level":"INFO","fields":{"message":"discovered recoverable session","session_id":"pw-session-0000-527039-1779355904528","segments":15,"total_bytes":399909,"has_init":true},"target":"cove_replay_engine::segment::recovery"}
{"timestamp":"2026-05-22T15:15:12.988472Z","level":"INFO","fields":{"message":"discovered recoverable session","session_id":"pw-session-0000-526726-1779355900049","segments":2,"total_bytes":43230,"has_init":true},"target":"cove_replay_engine::segment::recovery"}
{"timestamp":"2026-05-22T15:15:12.988598Z","level":"INFO","fields":{"message":"discovered recoverable session","session_id":"pw-session-0000-526271-1779355835103","segments":15,"total_bytes":418751,"has_init":true},"target":"cove_replay_engine::segment::recovery"}
{"timestamp":"2026-05-22T15:15:12.988727Z","level":"INFO","fields":{"message":"discovered recoverable session","session_id":"pw-session-0000-488643-1779348732790","segments":15,"total_bytes":412854,"has_init":false},"target":"cove_replay_engine::segment::recovery"}
{"timestamp":"2026-05-22T15:15:12.988852Z","level":"INFO","fields":{"message":"discovered recoverable session","session_id":"pw-session-0000-488219-1779348704506","segments":15,"total_bytes":404771,"has_init":false},"target":"cove_replay_engine::segment::recovery"}
{"timestamp":"2026-05-22T15:15:12.988971Z","level":"INFO","fields":{"message":"discovered recoverable session","session_id":"pw-session-0000-487563-1779348634941","segments":15,"total_bytes":403920,"has_init":false},"target":"cove_replay_engine::segment::recovery"}
{"timestamp":"2026-05-22T15:15:12.989012Z","level":"INFO","fields":{"message":"discovered recoverable session","session_id":"pw-session-0000-487247-1779348630300","segments":2,"total_bytes":39923,"has_init":false},"target":"cove_replay_engine::segment::recovery"}
{"timestamp":"2026-05-22T15:15:12.989130Z","level":"INFO","fields":{"message":"discovered recoverable session","session_id":"pw-session-0000-486664-1779348565018","segments":15,"total_bytes":399094,"has_init":false},"target":"cove_replay_engine::segment::recovery"}
{"timestamp":"2026-05-22T15:15:12.989247Z","level":"INFO","fields":{"message":"discovered recoverable session","session_id":"pw-session-0000-448304-1779336085323","segments":15,"total_bytes":425927,"has_init":false},"target":"cove_replay_engine::segment::recovery"}
{"timestamp":"2026-05-22T15:15:12.989365Z","level":"INFO","fields":{"message":"discovered recoverable session","session_id":"pw-session-0000-447871-1779336055245","segments":15,"total_bytes":422570,"has_init":false},"target":"cove_replay_engine::segment::recovery"}
{"timestamp":"2026-05-22T15:15:12.989501Z","level":"INFO","fields":{"message":"discovered recoverable session","session_id":"pw-session-0000-447332-1779335985067","segments":15,"total_bytes":437816,"has_init":false},"target":"cove_replay_engine::segment::recovery"}
{"timestamp":"2026-05-22T15:15:12.989559Z","level":"INFO","fields":{"message":"discovered recoverable session","session_id":"pw-session-0000-447004-1779335975040","segments":2,"total_bytes":45438,"has_init":false},"target":"cove_replay_engine::segment::recovery"}
{"timestamp":"2026-05-22T15:15:12.989682Z","level":"INFO","fields":{"message":"discovered recoverable session","session_id":"pw-session-0000-446368-1779335904858","segments":15,"total_bytes":422563,"has_init":false},"target":"cove_replay_engine::segment::recovery"}
{"timestamp":"2026-05-22T15:15:12.989803Z","level":"INFO","fields":{"message":"discovered recoverable session","session_id":"pw-session-0000-433369-1779331848550","segments":15,"total_bytes":575246,"has_init":false},"target":"cove_replay_engine::segment::recovery"}
{"timestamp":"2026-05-22T15:15:12.989880Z","level":"INFO","fields":{"message":"discovered recoverable session","session_id":"pw-session-0000-306991-1779298114212","segments":1,"total_bytes":27641,"has_init":false},"target":"cove_replay_engine::segment::recovery"}
{"timestamp":"2026-05-22T15:15:12.989954Z","level":"INFO","fields":{"message":"discovered recoverable session","session_id":"pw-session-0000-276374-1779293632543","segments":1,"total_bytes":26277,"has_init":false},"target":"cove_replay_engine::segment::recovery"}
{"timestamp":"2026-05-22T15:15:12.990062Z","level":"INFO","fields":{"message":"discovered recoverable sessions from prior crash","count":51},"target":"cove_replay_engine::transport::server"}
{"timestamp":"2026-05-22T15:15:13.026379Z","level":"INFO","fields":{"message":"listening","socket":"/run/user/1000/cove-screen-recorder/engine.sock"},"target":"cove_replay_engine::transport::server"}
{"timestamp":"2026-05-22T15:15:20.970340Z","level":"INFO","fields":{"message":"engine.shutdown requested"},"target":"cove_replay_engine::transport::server"}
{"timestamp":"2026-05-22T15:15:20.970340Z","level":"INFO","fields":{"message":"shutdown signaled during dispatch, closing connection"},"target":"cove_replay_engine::transport::server"}
{"timestamp":"2026-05-22T15:15:56.190205Z","level":"INFO","fields":{"message":"cove-replay-engine started","version":"0.1.0","protocol_version":1},"target":"cove_replay_engine"}
{"timestamp":"2026-05-22T15:17:35.943172Z","level":"INFO","fields":{"message":"cove-replay-engine started","version":"0.1.0","protocol_version":1},"target":"cove_replay_engine"}
{"timestamp":"2026-05-22T15:17:35.943579Z","level":"INFO","fields":{"message":"discovered recoverable session","session_id":"pw-session-0000-754390-1779416974675","segments":13,"total_bytes":7735032,"has_init":true},"target":"cove_replay_engine::segment::recovery"}
{"timestamp":"2026-05-22T15:17:35.943696Z","level":"INFO","fields":{"message":"discovered recoverable session","session_id":"pw-session-0000-753847-1779416924536","segments":8,"total_bytes":4387820,"has_init":true},"target":"cove_replay_engine::segment::recovery"}
{"timestamp":"2026-05-22T15:17:35.943834Z","level":"INFO","fields":{"message":"discovered recoverable session","session_id":"pw-session-0000-753362-1779416844334","segments":13,"total_bytes":7581671,"has_init":true},"target":"cove_replay_engine::segment::recovery"}
{"timestamp":"2026-05-22T15:17:35.943981Z","level":"INFO","fields":{"message":"discovered recoverable session","session_id":"pw-session-0000-752878-1779416764121","segments":13,"total_bytes":7827319,"has_init":true},"target":"cove_replay_engine::segment::recovery"}
{"timestamp":"2026-05-22T15:17:35.944121Z","level":"INFO","fields":{"message":"discovered recoverable session","session_id":"pw-session-0000-752341-1779416683915","segments":13,"total_bytes":7820797,"has_init":true},"target":"cove_replay_engine::segment::recovery"}
{"timestamp":"2026-05-22T15:17:35.944219Z","level":"INFO","fields":{"message":"discovered recoverable session","session_id":"pw-session-0000-751943-1779416653839","segments":11,"total_bytes":6326337,"has_init":true},"target":"cove_replay_engine::segment::recovery"}
{"timestamp":"2026-05-22T15:17:35.944332Z","level":"INFO","fields":{"message":"discovered recoverable session","session_id":"pw-session-0000-751435-1779416579402","segments":14,"total_bytes":8295900,"has_init":true},"target":"cove_replay_engine::segment::recovery"}
{"timestamp":"2026-05-22T15:17:35.944368Z","level":"INFO","fields":{"message":"discovered recoverable session","session_id":"pw-session-0000-751088-1779416573633","segments":1,"total_bytes":102474,"has_init":true},"target":"cove_replay_engine::segment::recovery"}
{"timestamp":"2026-05-22T15:17:35.944481Z","level":"INFO","fields":{"message":"discovered recoverable session","session_id":"pw-session-0000-750649-1779416503463","segments":14,"total_bytes":8232916,"has_init":true},"target":"cove_replay_engine::segment::recovery"}
{"timestamp":"2026-05-22T15:17:35.944583Z","level":"INFO","fields":{"message":"discovered recoverable session","session_id":"pw-session-0000-740080-1779414668701","segments":12,"total_bytes":11591167,"has_init":true},"target":"cove_replay_engine::segment::recovery"}
{"timestamp":"2026-05-22T15:17:35.944676Z","level":"INFO","fields":{"message":"discovered recoverable session","session_id":"pw-session-0000-739490-1779414588489","segments":11,"total_bytes":11164551,"has_init":true},"target":"cove_replay_engine::segment::recovery"}
{"timestamp":"2026-05-22T15:17:35.944766Z","level":"INFO","fields":{"message":"discovered recoverable session","session_id":"pw-session-0000-739103-1779414558410","segments":10,"total_bytes":9430747,"has_init":true},"target":"cove_replay_engine::segment::recovery"}
{"timestamp":"2026-05-22T15:17:35.944875Z","level":"INFO","fields":{"message":"discovered recoverable session","session_id":"pw-session-0000-738664-1779414489111","segments":12,"total_bytes":11699332,"has_init":true},"target":"cove_replay_engine::segment::recovery"}
{"timestamp":"2026-05-22T15:17:35.944954Z","level":"INFO","fields":{"message":"discovered recoverable session","session_id":"pw-session-0000-716688-1779409301653","segments":8,"total_bytes":4480783,"has_init":true},"target":"cove_replay_engine::segment::recovery"}
{"timestamp":"2026-05-22T15:17:35.945060Z","level":"INFO","fields":{"message":"discovered recoverable session","session_id":"pw-session-0000-716124-1779409221448","segments":13,"total_bytes":7688949,"has_init":true},"target":"cove_replay_engine::segment::recovery"}
{"timestamp":"2026-05-22T15:17:35.945178Z","level":"INFO","fields":{"message":"discovered recoverable session","session_id":"pw-session-0000-715675-1779409141240","segments":13,"total_bytes":7964648,"has_init":true},"target":"cove_replay_engine::segment::recovery"}
{"timestamp":"2026-05-22T15:17:35.945282Z","level":"INFO","fields":{"message":"discovered recoverable session","session_id":"pw-session-0000-715118-1779409061034","segments":13,"total_bytes":7902025,"has_init":true},"target":"cove_replay_engine::segment::recovery"}
{"timestamp":"2026-05-22T15:17:35.945398Z","level":"INFO","fields":{"message":"discovered recoverable session","session_id":"pw-session-0000-714649-1779409034565","segments":11,"total_bytes":17935855,"has_init":true},"target":"cove_replay_engine::segment::recovery"}
{"timestamp":"2026-05-22T15:17:35.945511Z","level":"INFO","fields":{"message":"discovered recoverable session","session_id":"pw-session-0000-695577-1779404288875","segments":13,"total_bytes":8178368,"has_init":true},"target":"cove_replay_engine::segment::recovery"}
{"timestamp":"2026-05-22T15:17:35.945614Z","level":"INFO","fields":{"message":"discovered recoverable session","session_id":"pw-session-0000-695069-1779404208668","segments":13,"total_bytes":8161214,"has_init":true},"target":"cove_replay_engine::segment::recovery"}
{"timestamp":"2026-05-22T15:17:35.945705Z","level":"INFO","fields":{"message":"discovered recoverable session","session_id":"pw-session-0000-694672-1779404178591","segments":11,"total_bytes":6542218,"has_init":true},"target":"cove_replay_engine::segment::recovery"}
{"timestamp":"2026-05-22T15:17:35.945813Z","level":"INFO","fields":{"message":"discovered recoverable session","session_id":"pw-session-0000-694166-1779404108410","segments":14,"total_bytes":8600787,"has_init":true},"target":"cove_replay_engine::segment::recovery"}
{"timestamp":"2026-05-22T15:17:35.945846Z","level":"INFO","fields":{"message":"discovered recoverable session","session_id":"pw-session-0000-693815-1779404098386","segments":1,"total_bytes":107650,"has_init":true},"target":"cove_replay_engine::segment::recovery"}
{"timestamp":"2026-05-22T15:17:35.945958Z","level":"INFO","fields":{"message":"discovered recoverable session","session_id":"pw-session-0000-693401-1779404028207","segments":14,"total_bytes":8573649,"has_init":true},"target":"cove_replay_engine::segment::recovery"}
{"timestamp":"2026-05-22T15:17:35.946068Z","level":"INFO","fields":{"message":"discovered recoverable session","session_id":"pw-session-0000-675650-1779400717058","segments":14,"total_bytes":16644797,"has_init":true},"target":"cove_replay_engine::segment::recovery"}
{"timestamp":"2026-05-22T15:17:35.946184Z","level":"INFO","fields":{"message":"discovered recoverable session","session_id":"pw-session-0000-648824-1779394387663","segments":14,"total_bytes":8148620,"has_init":true},"target":"cove_replay_engine::segment::recovery"}
{"timestamp":"2026-05-22T15:17:35.946305Z","level":"INFO","fields":{"message":"discovered recoverable session","session_id":"pw-session-0000-621683-1779389638096","segments":15,"total_bytes":579071,"has_init":true},"target":"cove_replay_engine::segment::recovery"}
{"timestamp":"2026-05-22T15:17:35.946426Z","level":"INFO","fields":{"message":"discovered recoverable session","session_id":"pw-session-0000-620990-1779389547392","segments":15,"total_bytes":598469,"has_init":true},"target":"cove_replay_engine::segment::recovery"}
{"timestamp":"2026-05-22T15:17:35.946544Z","level":"INFO","fields":{"message":"discovered recoverable session","session_id":"pw-session-0000-608326-1779388063854","segments":15,"total_bytes":401584,"has_init":true},"target":"cove_replay_engine::segment::recovery"}
{"timestamp":"2026-05-22T15:17:35.946660Z","level":"INFO","fields":{"message":"discovered recoverable session","session_id":"pw-session-0000-607862-1779388033780","segments":15,"total_bytes":405806,"has_init":true},"target":"cove_replay_engine::segment::recovery"}
{"timestamp":"2026-05-22T15:17:35.946781Z","level":"INFO","fields":{"message":"discovered recoverable session","session_id":"pw-session-0000-607111-1779387960158","segments":15,"total_bytes":412469,"has_init":true},"target":"cove_replay_engine::segment::recovery"}
{"timestamp":"2026-05-22T15:17:35.946822Z","level":"INFO","fields":{"message":"discovered recoverable session","session_id":"pw-session-0000-606777-1779387953570","segments":2,"total_bytes":45252,"has_init":true},"target":"cove_replay_engine::segment::recovery"}
{"timestamp":"2026-05-22T15:17:35.946941Z","level":"INFO","fields":{"message":"discovered recoverable session","session_id":"pw-session-0000-606152-1779387883404","segments":15,"total_bytes":409834,"has_init":true},"target":"cove_replay_engine::segment::recovery"}
{"timestamp":"2026-05-22T15:17:35.947062Z","level":"INFO","fields":{"message":"discovered recoverable session","session_id":"pw-session-0000-528209-1779356005542","segments":15,"total_bytes":399575,"has_init":true},"target":"cove_replay_engine::segment::recovery"}
{"timestamp":"2026-05-22T15:17:35.947181Z","level":"INFO","fields":{"message":"discovered recoverable session","session_id":"pw-session-0000-527769-1779355975464","segments":15,"total_bytes":396353,"has_init":true},"target":"cove_replay_engine::segment::recovery"}
{"timestamp":"2026-05-22T15:17:35.947307Z","level":"INFO","fields":{"message":"discovered recoverable session","session_id":"pw-session-0000-527039-1779355904528","segments":15,"total_bytes":399909,"has_init":true},"target":"cove_replay_engine::segment::recovery"}
{"timestamp":"2026-05-22T15:17:35.947351Z","level":"INFO","fields":{"message":"discovered recoverable session","session_id":"pw-session-0000-526726-1779355900049","segments":2,"total_bytes":43230,"has_init":true},"target":"cove_replay_engine::segment::recovery"}
{"timestamp":"2026-05-22T15:17:35.947470Z","level":"INFO","fields":{"message":"discovered recoverable session","session_id":"pw-session-0000-526271-1779355835103","segments":15,"total_bytes":418751,"has_init":true},"target":"cove_replay_engine::segment::recovery"}
{"timestamp":"2026-05-22T15:17:35.947597Z","level":"INFO","fields":{"message":"discovered recoverable session","session_id":"pw-session-0000-488643-1779348732790","segments":15,"total_bytes":412854,"has_init":false},"target":"cove_replay_engine::segment::recovery"}
{"timestamp":"2026-05-22T15:17:35.947715Z","level":"INFO","fields":{"message":"discovered recoverable session","session_id":"pw-session-0000-488219-1779348704506","segments":15,"total_bytes":404771,"has_init":false},"target":"cove_replay_engine::segment::recovery"}
{"timestamp":"2026-05-22T15:17:35.947836Z","level":"INFO","fields":{"message":"discovered recoverable session","session_id":"pw-session-0000-487563-1779348634941","segments":15,"total_bytes":403920,"has_init":false},"target":"cove_replay_engine::segment::recovery"}
{"timestamp":"2026-05-22T15:17:35.947890Z","level":"INFO","fields":{"message":"discovered recoverable session","session_id":"pw-session-0000-487247-1779348630300","segments":2,"total_bytes":39923,"has_init":false},"target":"cove_replay_engine::segment::recovery"}
{"timestamp":"2026-05-22T15:17:35.948016Z","level":"INFO","fields":{"message":"discovered recoverable session","session_id":"pw-session-0000-486664-1779348565018","segments":15,"total_bytes":399094,"has_init":false},"target":"cove_replay_engine::segment::recovery"}
{"timestamp":"2026-05-22T15:17:35.948138Z","level":"INFO","fields":{"message":"discovered recoverable session","session_id":"pw-session-0000-448304-1779336085323","segments":15,"total_bytes":425927,"has_init":false},"target":"cove_replay_engine::segment::recovery"}
{"timestamp":"2026-05-22T15:17:35.948257Z","level":"INFO","fields":{"message":"discovered recoverable session","session_id":"pw-session-0000-447871-1779336055245","segments":15,"total_bytes":422570,"has_init":false},"target":"cove_replay_engine::segment::recovery"}
{"timestamp":"2026-05-22T15:17:35.948374Z","level":"INFO","fields":{"message":"discovered recoverable session","session_id":"pw-session-0000-447332-1779335985067","segments":15,"total_bytes":437816,"has_init":false},"target":"cove_replay_engine::segment::recovery"}
{"timestamp":"2026-05-22T15:17:35.948417Z","level":"INFO","fields":{"message":"discovered recoverable session","session_id":"pw-session-0000-447004-1779335975040","segments":2,"total_bytes":45438,"has_init":false},"target":"cove_replay_engine::segment::recovery"}
{"timestamp":"2026-05-22T15:17:35.948534Z","level":"INFO","fields":{"message":"discovered recoverable session","session_id":"pw-session-0000-446368-1779335904858","segments":15,"total_bytes":422563,"has_init":false},"target":"cove_replay_engine::segment::recovery"}
{"timestamp":"2026-05-22T15:17:35.948654Z","level":"INFO","fields":{"message":"discovered recoverable session","session_id":"pw-session-0000-433369-1779331848550","segments":15,"total_bytes":575246,"has_init":false},"target":"cove_replay_engine::segment::recovery"}
{"timestamp":"2026-05-22T15:17:35.948731Z","level":"INFO","fields":{"message":"discovered recoverable session","session_id":"pw-session-0000-306991-1779298114212","segments":1,"total_bytes":27641,"has_init":false},"target":"cove_replay_engine::segment::recovery"}
{"timestamp":"2026-05-22T15:17:35.948805Z","level":"INFO","fields":{"message":"discovered recoverable session","session_id":"pw-session-0000-276374-1779293632543","segments":1,"total_bytes":26277,"has_init":false},"target":"cove_replay_engine::segment::recovery"}
{"timestamp":"2026-05-22T15:17:35.948914Z","level":"INFO","fields":{"message":"discovered recoverable sessions from prior crash","count":51},"target":"cove_replay_engine::transport::server"}
{"timestamp":"2026-05-22T15:17:35.993972Z","level":"INFO","fields":{"message":"listening","socket":"/run/user/1000/cove-screen-recorder/engine.sock"},"target":"cove_replay_engine::transport::server"}
{"timestamp":"2026-05-22T15:25:36.487251Z","level":"INFO","fields":{"message":"signal received, shutting down"},"target":"cove_replay_engine::transport::server"}
{"timestamp":"2026-05-22T17:07:10.032752Z","level":"INFO","fields":{"message":"cove-replay-engine started","version":"0.1.0","protocol_version":1},"target":"cove_replay_engine"}
{"timestamp":"2026-05-22T17:07:10.033207Z","level":"INFO","fields":{"message":"discovered recoverable session","session_id":"pw-session-0000-754390-1779416974675","segments":13,"total_bytes":7735032,"has_init":true},"target":"cove_replay_engine::segment::recovery"}
{"timestamp":"2026-05-22T17:07:10.033341Z","level":"INFO","fields":{"message":"discovered recoverable session","session_id":"pw-session-0000-753847-1779416924536","segments":8,"total_bytes":4387820,"has_init":true},"target":"cove_replay_engine::segment::recovery"}
{"timestamp":"2026-05-22T17:07:10.033493Z","level":"INFO","fields":{"message":"discovered recoverable session","session_id":"pw-session-0000-753362-1779416844334","segments":13,"total_bytes":7581671,"has_init":true},"target":"cove_replay_engine::segment::recovery"}
{"timestamp":"2026-05-22T17:07:10.033640Z","level":"INFO","fields":{"message":"discovered recoverable session","session_id":"pw-session-0000-752878-1779416764121","segments":13,"total_bytes":7827319,"has_init":true},"target":"cove_replay_engine::segment::recovery"}
{"timestamp":"2026-05-22T17:07:10.033788Z","level":"INFO","fields":{"message":"discovered recoverable session","session_id":"pw-session-0000-752341-1779416683915","segments":13,"total_bytes":7820797,"has_init":true},"target":"cove_replay_engine::segment::recovery"}
{"timestamp":"2026-05-22T17:07:10.033921Z","level":"INFO","fields":{"message":"discovered recoverable session","session_id":"pw-session-0000-751943-1779416653839","segments":11,"total_bytes":6326337,"has_init":true},"target":"cove_replay_engine::segment::recovery"}
{"timestamp":"2026-05-22T17:07:10.034075Z","level":"INFO","fields":{"message":"discovered recoverable session","session_id":"pw-session-0000-751435-1779416579402","segments":14,"total_bytes":8295900,"has_init":true},"target":"cove_replay_engine::segment::recovery"}
{"timestamp":"2026-05-22T17:07:10.034136Z","level":"INFO","fields":{"message":"discovered recoverable session","session_id":"pw-session-0000-751088-1779416573633","segments":1,"total_bytes":102474,"has_init":true},"target":"cove_replay_engine::segment::recovery"}
{"timestamp":"2026-05-22T17:07:10.034292Z","level":"INFO","fields":{"message":"discovered recoverable session","session_id":"pw-session-0000-750649-1779416503463","segments":14,"total_bytes":8232916,"has_init":true},"target":"cove_replay_engine::segment::recovery"}
{"timestamp":"2026-05-22T17:07:10.034432Z","level":"INFO","fields":{"message":"discovered recoverable session","session_id":"pw-session-0000-740080-1779414668701","segments":12,"total_bytes":11591167,"has_init":true},"target":"cove_replay_engine::segment::recovery"}
{"timestamp":"2026-05-22T17:07:10.034564Z","level":"INFO","fields":{"message":"discovered recoverable session","session_id":"pw-session-0000-739490-1779414588489","segments":11,"total_bytes":11164551,"has_init":true},"target":"cove_replay_engine::segment::recovery"}
{"timestamp":"2026-05-22T17:07:10.034687Z","level":"INFO","fields":{"message":"discovered recoverable session","session_id":"pw-session-0000-739103-1779414558410","segments":10,"total_bytes":9430747,"has_init":true},"target":"cove_replay_engine::segment::recovery"}
{"timestamp":"2026-05-22T17:07:10.034824Z","level":"INFO","fields":{"message":"discovered recoverable session","session_id":"pw-session-0000-738664-1779414489111","segments":12,"total_bytes":11699332,"has_init":true},"target":"cove_replay_engine::segment::recovery"}
{"timestamp":"2026-05-22T17:07:10.034950Z","level":"INFO","fields":{"message":"discovered recoverable session","session_id":"pw-session-0000-716688-1779409301653","segments":8,"total_bytes":4480783,"has_init":true},"target":"cove_replay_engine::segment::recovery"}
{"timestamp":"2026-05-22T17:07:10.035124Z","level":"INFO","fields":{"message":"discovered recoverable session","session_id":"pw-session-0000-716124-1779409221448","segments":13,"total_bytes":7688949,"has_init":true},"target":"cove_replay_engine::segment::recovery"}
{"timestamp":"2026-05-22T17:07:10.035289Z","level":"INFO","fields":{"message":"discovered recoverable session","session_id":"pw-session-0000-715675-1779409141240","segments":13,"total_bytes":7964648,"has_init":true},"target":"cove_replay_engine::segment::recovery"}
{"timestamp":"2026-05-22T17:07:10.035459Z","level":"INFO","fields":{"message":"discovered recoverable session","session_id":"pw-session-0000-715118-1779409061034","segments":13,"total_bytes":7902025,"has_init":true},"target":"cove_replay_engine::segment::recovery"}
{"timestamp":"2026-05-22T17:07:10.035620Z","level":"INFO","fields":{"message":"discovered recoverable session","session_id":"pw-session-0000-714649-1779409034565","segments":11,"total_bytes":17935855,"has_init":true},"target":"cove_replay_engine::segment::recovery"}
{"timestamp":"2026-05-22T17:07:10.035796Z","level":"INFO","fields":{"message":"discovered recoverable session","session_id":"pw-session-0000-695577-1779404288875","segments":13,"total_bytes":8178368,"has_init":true},"target":"cove_replay_engine::segment::recovery"}
{"timestamp":"2026-05-22T17:07:10.035969Z","level":"INFO","fields":{"message":"discovered recoverable session","session_id":"pw-session-0000-695069-1779404208668","segments":13,"total_bytes":8161214,"has_init":true},"target":"cove_replay_engine::segment::recovery"}
{"timestamp":"2026-05-22T17:07:10.036129Z","level":"INFO","fields":{"message":"discovered recoverable session","session_id":"pw-session-0000-694672-1779404178591","segments":11,"total_bytes":6542218,"has_init":true},"target":"cove_replay_engine::segment::recovery"}
{"timestamp":"2026-05-22T17:07:10.036311Z","level":"INFO","fields":{"message":"discovered recoverable session","session_id":"pw-session-0000-694166-1779404108410","segments":14,"total_bytes":8600787,"has_init":true},"target":"cove_replay_engine::segment::recovery"}
{"timestamp":"2026-05-22T17:07:10.036376Z","level":"INFO","fields":{"message":"discovered recoverable session","session_id":"pw-session-0000-693815-1779404098386","segments":1,"total_bytes":107650,"has_init":true},"target":"cove_replay_engine::segment::recovery"}
{"timestamp":"2026-05-22T17:07:10.036565Z","level":"INFO","fields":{"message":"discovered recoverable session","session_id":"pw-session-0000-693401-1779404028207","segments":14,"total_bytes":8573649,"has_init":true},"target":"cove_replay_engine::segment::recovery"}
{"timestamp":"2026-05-22T17:07:10.036757Z","level":"INFO","fields":{"message":"discovered recoverable session","session_id":"pw-session-0000-675650-1779400717058","segments":14,"total_bytes":16644797,"has_init":true},"target":"cove_replay_engine::segment::recovery"}
{"timestamp":"2026-05-22T17:07:10.036941Z","level":"INFO","fields":{"message":"discovered recoverable session","session_id":"pw-session-0000-648824-1779394387663","segments":14,"total_bytes":8148620,"has_init":true},"target":"cove_replay_engine::segment::recovery"}
{"timestamp":"2026-05-22T17:07:10.037130Z","level":"INFO","fields":{"message":"discovered recoverable session","session_id":"pw-session-0000-621683-1779389638096","segments":15,"total_bytes":579071,"has_init":true},"target":"cove_replay_engine::segment::recovery"}
{"timestamp":"2026-05-22T17:07:10.037325Z","level":"INFO","fields":{"message":"discovered recoverable session","session_id":"pw-session-0000-620990-1779389547392","segments":15,"total_bytes":598469,"has_init":true},"target":"cove_replay_engine::segment::recovery"}
{"timestamp":"2026-05-22T17:07:10.037518Z","level":"INFO","fields":{"message":"discovered recoverable session","session_id":"pw-session-0000-608326-1779388063854","segments":15,"total_bytes":401584,"has_init":true},"target":"cove_replay_engine::segment::recovery"}
{"timestamp":"2026-05-22T17:07:10.037707Z","level":"INFO","fields":{"message":"discovered recoverable session","session_id":"pw-session-0000-607862-1779388033780","segments":15,"total_bytes":405806,"has_init":true},"target":"cove_replay_engine::segment::recovery"}
{"timestamp":"2026-05-22T17:07:10.037908Z","level":"INFO","fields":{"message":"discovered recoverable session","session_id":"pw-session-0000-607111-1779387960158","segments":15,"total_bytes":412469,"has_init":true},"target":"cove_replay_engine::segment::recovery"}
{"timestamp":"2026-05-22T17:07:10.037990Z","level":"INFO","fields":{"message":"discovered recoverable session","session_id":"pw-session-0000-606777-1779387953570","segments":2,"total_bytes":45252,"has_init":true},"target":"cove_replay_engine::segment::recovery"}
{"timestamp":"2026-05-22T17:07:10.038184Z","level":"INFO","fields":{"message":"discovered recoverable session","session_id":"pw-session-0000-606152-1779387883404","segments":15,"total_bytes":409834,"has_init":true},"target":"cove_replay_engine::segment::recovery"}
{"timestamp":"2026-05-22T17:07:10.038380Z","level":"INFO","fields":{"message":"discovered recoverable session","session_id":"pw-session-0000-528209-1779356005542","segments":15,"total_bytes":399575,"has_init":true},"target":"cove_replay_engine::segment::recovery"}
{"timestamp":"2026-05-22T17:07:10.038572Z","level":"INFO","fields":{"message":"discovered recoverable session","session_id":"pw-session-0000-527769-1779355975464","segments":15,"total_bytes":396353,"has_init":true},"target":"cove_replay_engine::segment::recovery"}
{"timestamp":"2026-05-22T17:07:10.038770Z","level":"INFO","fields":{"message":"discovered recoverable session","session_id":"pw-session-0000-527039-1779355904528","segments":15,"total_bytes":399909,"has_init":true},"target":"cove_replay_engine::segment::recovery"}
{"timestamp":"2026-05-22T17:07:10.038847Z","level":"INFO","fields":{"message":"discovered recoverable session","session_id":"pw-session-0000-526726-1779355900049","segments":2,"total_bytes":43230,"has_init":true},"target":"cove_replay_engine::segment::recovery"}
{"timestamp":"2026-05-22T17:07:10.039040Z","level":"INFO","fields":{"message":"discovered recoverable session","session_id":"pw-session-0000-526271-1779355835103","segments":15,"total_bytes":418751,"has_init":true},"target":"cove_replay_engine::segment::recovery"}
{"timestamp":"2026-05-22T17:07:10.039245Z","level":"INFO","fields":{"message":"discovered recoverable session","session_id":"pw-session-0000-488643-1779348732790","segments":15,"total_bytes":412854,"has_init":false},"target":"cove_replay_engine::segment::recovery"}
{"timestamp":"2026-05-22T17:07:10.039443Z","level":"INFO","fields":{"message":"discovered recoverable session","session_id":"pw-session-0000-488219-1779348704506","segments":15,"total_bytes":404771,"has_init":false},"target":"cove_replay_engine::segment::recovery"}
{"timestamp":"2026-05-22T17:07:10.039634Z","level":"INFO","fields":{"message":"discovered recoverable session","session_id":"pw-session-0000-487563-1779348634941","segments":15,"total_bytes":403920,"has_init":false},"target":"cove_replay_engine::segment::recovery"}
{"timestamp":"2026-05-22T17:07:10.039707Z","level":"INFO","fields":{"message":"discovered recoverable session","session_id":"pw-session-0000-487247-1779348630300","segments":2,"total_bytes":39923,"has_init":false},"target":"cove_replay_engine::segment::recovery"}
{"timestamp":"2026-05-22T17:07:10.039889Z","level":"INFO","fields":{"message":"discovered recoverable session","session_id":"pw-session-0000-486664-1779348565018","segments":15,"total_bytes":399094,"has_init":false},"target":"cove_replay_engine::segment::recovery"}
{"timestamp":"2026-05-22T17:07:10.040088Z","level":"INFO","fields":{"message":"discovered recoverable session","session_id":"pw-session-0000-448304-1779336085323","segments":15,"total_bytes":425927,"has_init":false},"target":"cove_replay_engine::segment::recovery"}
{"timestamp":"2026-05-22T17:07:10.040280Z","level":"INFO","fields":{"message":"discovered recoverable session","session_id":"pw-session-0000-447871-1779336055245","segments":15,"total_bytes":422570,"has_init":false},"target":"cove_replay_engine::segment::recovery"}
{"timestamp":"2026-05-22T17:07:10.040478Z","level":"INFO","fields":{"message":"discovered recoverable session","session_id":"pw-session-0000-447332-1779335985067","segments":15,"total_bytes":437816,"has_init":false},"target":"cove_replay_engine::segment::recovery"}
{"timestamp":"2026-05-22T17:07:10.040557Z","level":"INFO","fields":{"message":"discovered recoverable session","session_id":"pw-session-0000-447004-1779335975040","segments":2,"total_bytes":45438,"has_init":false},"target":"cove_replay_engine::segment::recovery"}
{"timestamp":"2026-05-22T17:07:10.040743Z","level":"INFO","fields":{"message":"discovered recoverable session","session_id":"pw-session-0000-446368-1779335904858","segments":15,"total_bytes":422563,"has_init":false},"target":"cove_replay_engine::segment::recovery"}
{"timestamp":"2026-05-22T17:07:10.040937Z","level":"INFO","fields":{"message":"discovered recoverable session","session_id":"pw-session-0000-433369-1779331848550","segments":15,"total_bytes":575246,"has_init":false},"target":"cove_replay_engine::segment::recovery"}
{"timestamp":"2026-05-22T17:07:10.041066Z","level":"INFO","fields":{"message":"discovered recoverable session","session_id":"pw-session-0000-306991-1779298114212","segments":1,"total_bytes":27641,"has_init":false},"target":"cove_replay_engine::segment::recovery"}
{"timestamp":"2026-05-22T17:07:10.041189Z","level":"INFO","fields":{"message":"discovered recoverable session","session_id":"pw-session-0000-276374-1779293632543","segments":1,"total_bytes":26277,"has_init":false},"target":"cove_replay_engine::segment::recovery"}
{"timestamp":"2026-05-22T17:07:10.041354Z","level":"INFO","fields":{"message":"discovered recoverable sessions from prior crash","count":51},"target":"cove_replay_engine::transport::server"}
{"timestamp":"2026-05-22T17:07:10.075467Z","level":"INFO","fields":{"message":"listening","socket":"/run/user/1000/cove-screen-recorder/engine.sock"},"target":"cove_replay_engine::transport::server"}
{"timestamp":"2026-05-22T17:14:53.839389Z","level":"INFO","fields":{"message":"engine.shutdown requested"},"target":"cove_replay_engine::transport::server"}
{"timestamp":"2026-05-22T17:14:53.839389Z","level":"INFO","fields":{"message":"shutdown signaled during dispatch, closing connection"},"target":"cove_replay_engine::transport::server"}
{"timestamp":"2026-05-22T17:15:19.702514Z","level":"INFO","fields":{"message":"cove-replay-engine started","version":"0.1.0","protocol_version":1},"target":"cove_replay_engine"}
{"timestamp":"2026-05-22T17:15:19.702892Z","level":"INFO","fields":{"message":"discovered recoverable session","session_id":"pw-session-0000-754390-1779416974675","segments":13,"total_bytes":7735032,"has_init":true},"target":"cove_replay_engine::segment::recovery"}
{"timestamp":"2026-05-22T17:15:19.703033Z","level":"INFO","fields":{"message":"discovered recoverable session","session_id":"pw-session-0000-753847-1779416924536","segments":8,"total_bytes":4387820,"has_init":true},"target":"cove_replay_engine::segment::recovery"}
{"timestamp":"2026-05-22T17:15:19.703163Z","level":"INFO","fields":{"message":"discovered recoverable session","session_id":"pw-session-0000-753362-1779416844334","segments":13,"total_bytes":7581671,"has_init":true},"target":"cove_replay_engine::segment::recovery"}
{"timestamp":"2026-05-22T17:15:19.703286Z","level":"INFO","fields":{"message":"discovered recoverable session","session_id":"pw-session-0000-752878-1779416764121","segments":13,"total_bytes":7827319,"has_init":true},"target":"cove_replay_engine::segment::recovery"}
{"timestamp":"2026-05-22T17:15:19.703402Z","level":"INFO","fields":{"message":"discovered recoverable session","session_id":"pw-session-0000-752341-1779416683915","segments":13,"total_bytes":7820797,"has_init":true},"target":"cove_replay_engine::segment::recovery"}
{"timestamp":"2026-05-22T17:15:19.703500Z","level":"INFO","fields":{"message":"discovered recoverable session","session_id":"pw-session-0000-751943-1779416653839","segments":11,"total_bytes":6326337,"has_init":true},"target":"cove_replay_engine::segment::recovery"}
{"timestamp":"2026-05-22T17:15:19.703613Z","level":"INFO","fields":{"message":"discovered recoverable session","session_id":"pw-session-0000-751435-1779416579402","segments":14,"total_bytes":8295900,"has_init":true},"target":"cove_replay_engine::segment::recovery"}
{"timestamp":"2026-05-22T17:15:19.703648Z","level":"INFO","fields":{"message":"discovered recoverable session","session_id":"pw-session-0000-751088-1779416573633","segments":1,"total_bytes":102474,"has_init":true},"target":"cove_replay_engine::segment::recovery"}
{"timestamp":"2026-05-22T17:15:19.703775Z","level":"INFO","fields":{"message":"discovered recoverable session","session_id":"pw-session-0000-750649-1779416503463","segments":14,"total_bytes":8232916,"has_init":true},"target":"cove_replay_engine::segment::recovery"}
{"timestamp":"2026-05-22T17:15:19.703883Z","level":"INFO","fields":{"message":"discovered recoverable session","session_id":"pw-session-0000-740080-1779414668701","segments":12,"total_bytes":11591167,"has_init":true},"target":"cove_replay_engine::segment::recovery"}
{"timestamp":"2026-05-22T17:15:19.703978Z","level":"INFO","fields":{"message":"discovered recoverable session","session_id":"pw-session-0000-739490-1779414588489","segments":11,"total_bytes":11164551,"has_init":true},"target":"cove_replay_engine::segment::recovery"}
{"timestamp":"2026-05-22T17:15:19.704068Z","level":"INFO","fields":{"message":"discovered recoverable session","session_id":"pw-session-0000-739103-1779414558410","segments":10,"total_bytes":9430747,"has_init":true},"target":"cove_replay_engine::segment::recovery"}
{"timestamp":"2026-05-22T17:15:19.704266Z","level":"INFO","fields":{"message":"discovered recoverable session","session_id":"pw-session-0000-738664-1779414489111","segments":12,"total_bytes":11699332,"has_init":true},"target":"cove_replay_engine::segment::recovery"}
{"timestamp":"2026-05-22T17:15:19.704391Z","level":"INFO","fields":{"message":"discovered recoverable session","session_id":"pw-session-0000-716688-1779409301653","segments":8,"total_bytes":4480783,"has_init":true},"target":"cove_replay_engine::segment::recovery"}
{"timestamp":"2026-05-22T17:15:19.704552Z","level":"INFO","fields":{"message":"discovered recoverable session","session_id":"pw-session-0000-716124-1779409221448","segments":13,"total_bytes":7688949,"has_init":true},"target":"cove_replay_engine::segment::recovery"}
{"timestamp":"2026-05-22T17:15:19.704707Z","level":"INFO","fields":{"message":"discovered recoverable session","session_id":"pw-session-0000-715675-1779409141240","segments":13,"total_bytes":7964648,"has_init":true},"target":"cove_replay_engine::segment::recovery"}
{"timestamp":"2026-05-22T17:15:19.704855Z","level":"INFO","fields":{"message":"discovered recoverable session","session_id":"pw-session-0000-715118-1779409061034","segments":13,"total_bytes":7902025,"has_init":true},"target":"cove_replay_engine::segment::recovery"}
{"timestamp":"2026-05-22T17:15:19.704988Z","level":"INFO","fields":{"message":"discovered recoverable session","session_id":"pw-session-0000-714649-1779409034565","segments":11,"total_bytes":17935855,"has_init":true},"target":"cove_replay_engine::segment::recovery"}
{"timestamp":"2026-05-22T17:15:19.705147Z","level":"INFO","fields":{"message":"discovered recoverable session","session_id":"pw-session-0000-695577-1779404288875","segments":13,"total_bytes":8178368,"has_init":true},"target":"cove_replay_engine::segment::recovery"}
{"timestamp":"2026-05-22T17:15:19.705294Z","level":"INFO","fields":{"message":"discovered recoverable session","session_id":"pw-session-0000-695069-1779404208668","segments":13,"total_bytes":8161214,"has_init":true},"target":"cove_replay_engine::segment::recovery"}
{"timestamp":"2026-05-22T17:15:19.705424Z","level":"INFO","fields":{"message":"discovered recoverable session","session_id":"pw-session-0000-694672-1779404178591","segments":11,"total_bytes":6542218,"has_init":true},"target":"cove_replay_engine::segment::recovery"}
{"timestamp":"2026-05-22T17:15:19.705565Z","level":"INFO","fields":{"message":"discovered recoverable session","session_id":"pw-session-0000-694166-1779404108410","segments":14,"total_bytes":8600787,"has_init":true},"target":"cove_replay_engine::segment::recovery"}
{"timestamp":"2026-05-22T17:15:19.705602Z","level":"INFO","fields":{"message":"discovered recoverable session","session_id":"pw-session-0000-693815-1779404098386","segments":1,"total_bytes":107650,"has_init":true},"target":"cove_replay_engine::segment::recovery"}
{"timestamp":"2026-05-22T17:15:19.705720Z","level":"INFO","fields":{"message":"discovered recoverable session","session_id":"pw-session-0000-693401-1779404028207","segments":14,"total_bytes":8573649,"has_init":true},"target":"cove_replay_engine::segment::recovery"}
{"timestamp":"2026-05-22T17:15:19.705851Z","level":"INFO","fields":{"message":"discovered recoverable session","session_id":"pw-session-0000-675650-1779400717058","segments":14,"total_bytes":16644797,"has_init":true},"target":"cove_replay_engine::segment::recovery"}
{"timestamp":"2026-05-22T17:15:19.705973Z","level":"INFO","fields":{"message":"discovered recoverable session","session_id":"pw-session-0000-648824-1779394387663","segments":14,"total_bytes":8148620,"has_init":true},"target":"cove_replay_engine::segment::recovery"}
{"timestamp":"2026-05-22T17:15:19.706096Z","level":"INFO","fields":{"message":"discovered recoverable session","session_id":"pw-session-0000-621683-1779389638096","segments":15,"total_bytes":579071,"has_init":true},"target":"cove_replay_engine::segment::recovery"}
{"timestamp":"2026-05-22T17:15:19.706218Z","level":"INFO","fields":{"message":"discovered recoverable session","session_id":"pw-session-0000-620990-1779389547392","segments":15,"total_bytes":598469,"has_init":true},"target":"cove_replay_engine::segment::recovery"}
{"timestamp":"2026-05-22T17:15:19.706340Z","level":"INFO","fields":{"message":"discovered recoverable session","session_id":"pw-session-0000-608326-1779388063854","segments":15,"total_bytes":401584,"has_init":true},"target":"cove_replay_engine::segment::recovery"}
{"timestamp":"2026-05-22T17:15:19.706468Z","level":"INFO","fields":{"message":"discovered recoverable session","session_id":"pw-session-0000-607862-1779388033780","segments":15,"total_bytes":405806,"has_init":true},"target":"cove_replay_engine::segment::recovery"}
{"timestamp":"2026-05-22T17:15:19.706621Z","level":"INFO","fields":{"message":"discovered recoverable session","session_id":"pw-session-0000-607111-1779387960158","segments":15,"total_bytes":412469,"has_init":true},"target":"cove_replay_engine::segment::recovery"}
{"timestamp":"2026-05-22T17:15:19.706671Z","level":"INFO","fields":{"message":"discovered recoverable session","session_id":"pw-session-0000-606777-1779387953570","segments":2,"total_bytes":45252,"has_init":true},"target":"cove_replay_engine::segment::recovery"}
{"timestamp":"2026-05-22T17:15:19.706809Z","level":"INFO","fields":{"message":"discovered recoverable session","session_id":"pw-session-0000-606152-1779387883404","segments":15,"total_bytes":409834,"has_init":true},"target":"cove_replay_engine::segment::recovery"}
{"timestamp":"2026-05-22T17:15:19.706945Z","level":"INFO","fields":{"message":"discovered recoverable session","session_id":"pw-session-0000-528209-1779356005542","segments":15,"total_bytes":399575,"has_init":true},"target":"cove_replay_engine::segment::recovery"}
{"timestamp":"2026-05-22T17:15:19.707068Z","level":"INFO","fields":{"message":"discovered recoverable session","session_id":"pw-session-0000-527769-1779355975464","segments":15,"total_bytes":396353,"has_init":true},"target":"cove_replay_engine::segment::recovery"}
{"timestamp":"2026-05-22T17:15:19.707189Z","level":"INFO","fields":{"message":"discovered recoverable session","session_id":"pw-session-0000-527039-1779355904528","segments":15,"total_bytes":399909,"has_init":true},"target":"cove_replay_engine::segment::recovery"}
{"timestamp":"2026-05-22T17:15:19.707230Z","level":"INFO","fields":{"message":"discovered recoverable session","session_id":"pw-session-0000-526726-1779355900049","segments":2,"total_bytes":43230,"has_init":true},"target":"cove_replay_engine::segment::recovery"}
{"timestamp":"2026-05-22T17:15:19.707353Z","level":"INFO","fields":{"message":"discovered recoverable session","session_id":"pw-session-0000-526271-1779355835103","segments":15,"total_bytes":418751,"has_init":true},"target":"cove_replay_engine::segment::recovery"}
{"timestamp":"2026-05-22T17:15:19.707478Z","level":"INFO","fields":{"message":"discovered recoverable session","session_id":"pw-session-0000-488643-1779348732790","segments":15,"total_bytes":412854,"has_init":false},"target":"cove_replay_engine::segment::recovery"}
{"timestamp":"2026-05-22T17:15:19.707600Z","level":"INFO","fields":{"message":"discovered recoverable session","session_id":"pw-session-0000-488219-1779348704506","segments":15,"total_bytes":404771,"has_init":false},"target":"cove_replay_engine::segment::recovery"}
{"timestamp":"2026-05-22T17:15:19.707719Z","level":"INFO","fields":{"message":"discovered recoverable session","session_id":"pw-session-0000-487563-1779348634941","segments":15,"total_bytes":403920,"has_init":false},"target":"cove_replay_engine::segment::recovery"}
{"timestamp":"2026-05-22T17:15:19.707760Z","level":"INFO","fields":{"message":"discovered recoverable session","session_id":"pw-session-0000-487247-1779348630300","segments":2,"total_bytes":39923,"has_init":false},"target":"cove_replay_engine::segment::recovery"}
{"timestamp":"2026-05-22T17:15:19.707879Z","level":"INFO","fields":{"message":"discovered recoverable session","session_id":"pw-session-0000-486664-1779348565018","segments":15,"total_bytes":399094,"has_init":false},"target":"cove_replay_engine::segment::recovery"}
{"timestamp":"2026-05-22T17:15:19.707997Z","level":"INFO","fields":{"message":"discovered recoverable session","session_id":"pw-session-0000-448304-1779336085323","segments":15,"total_bytes":425927,"has_init":false},"target":"cove_replay_engine::segment::recovery"}
{"timestamp":"2026-05-22T17:15:19.708115Z","level":"INFO","fields":{"message":"discovered recoverable session","session_id":"pw-session-0000-447871-1779336055245","segments":15,"total_bytes":422570,"has_init":false},"target":"cove_replay_engine::segment::recovery"}
{"timestamp":"2026-05-22T17:15:19.708236Z","level":"INFO","fields":{"message":"discovered recoverable session","session_id":"pw-session-0000-447332-1779335985067","segments":15,"total_bytes":437816,"has_init":false},"target":"cove_replay_engine::segment::recovery"}
{"timestamp":"2026-05-22T17:15:19.708276Z","level":"INFO","fields":{"message":"discovered recoverable session","session_id":"pw-session-0000-447004-1779335975040","segments":2,"total_bytes":45438,"has_init":false},"target":"cove_replay_engine::segment::recovery"}
{"timestamp":"2026-05-22T17:15:19.708475Z","level":"INFO","fields":{"message":"discovered recoverable session","session_id":"pw-session-0000-446368-1779335904858","segments":15,"total_bytes":422563,"has_init":false},"target":"cove_replay_engine::segment::recovery"}
{"timestamp":"2026-05-22T17:15:19.708601Z","level":"INFO","fields":{"message":"discovered recoverable session","session_id":"pw-session-0000-433369-1779331848550","segments":15,"total_bytes":575246,"has_init":false},"target":"cove_replay_engine::segment::recovery"}
{"timestamp":"2026-05-22T17:15:19.708680Z","level":"INFO","fields":{"message":"discovered recoverable session","session_id":"pw-session-0000-306991-1779298114212","segments":1,"total_bytes":27641,"has_init":false},"target":"cove_replay_engine::segment::recovery"}
{"timestamp":"2026-05-22T17:15:19.708757Z","level":"INFO","fields":{"message":"discovered recoverable session","session_id":"pw-session-0000-276374-1779293632543","segments":1,"total_bytes":26277,"has_init":false},"target":"cove_replay_engine::segment::recovery"}
{"timestamp":"2026-05-22T17:15:19.708869Z","level":"INFO","fields":{"message":"discovered recoverable sessions from prior crash","count":51},"target":"cove_replay_engine::transport::server"}
{"timestamp":"2026-05-22T17:15:19.739986Z","level":"INFO","fields":{"message":"listening","socket":"/run/user/1000/cove-screen-recorder/engine.sock"},"target":"cove_replay_engine::transport::server"}
{"timestamp":"2026-05-22T17:41:32.661099Z","level":"INFO","fields":{"message":"engine.shutdown requested"},"target":"cove_replay_engine::transport::server"}
{"timestamp":"2026-05-22T17:41:34.669827Z","level":"INFO","fields":{"message":"cove-replay-engine started","version":"0.1.0","protocol_version":1},"target":"cove_replay_engine"}
{"timestamp":"2026-05-22T17:41:34.670167Z","level":"INFO","fields":{"message":"discovered recoverable session","session_id":"pw-session-0000-754390-1779416974675","segments":13,"total_bytes":7735032,"has_init":true},"target":"cove_replay_engine::segment::recovery"}
{"timestamp":"2026-05-22T17:41:34.670265Z","level":"INFO","fields":{"message":"discovered recoverable session","session_id":"pw-session-0000-753847-1779416924536","segments":8,"total_bytes":4387820,"has_init":true},"target":"cove_replay_engine::segment::recovery"}
{"timestamp":"2026-05-22T17:41:34.670377Z","level":"INFO","fields":{"message":"discovered recoverable session","session_id":"pw-session-0000-753362-1779416844334","segments":13,"total_bytes":7581671,"has_init":true},"target":"cove_replay_engine::segment::recovery"}
{"timestamp":"2026-05-22T17:41:34.670486Z","level":"INFO","fields":{"message":"discovered recoverable session","session_id":"pw-session-0000-752878-1779416764121","segments":13,"total_bytes":7827319,"has_init":true},"target":"cove_replay_engine::segment::recovery"}
{"timestamp":"2026-05-22T17:41:34.670595Z","level":"INFO","fields":{"message":"discovered recoverable session","session_id":"pw-session-0000-752341-1779416683915","segments":13,"total_bytes":7820797,"has_init":true},"target":"cove_replay_engine::segment::recovery"}
{"timestamp":"2026-05-22T17:41:34.670691Z","level":"INFO","fields":{"message":"discovered recoverable session","session_id":"pw-session-0000-751943-1779416653839","segments":11,"total_bytes":6326337,"has_init":true},"target":"cove_replay_engine::segment::recovery"}
{"timestamp":"2026-05-22T17:41:34.670808Z","level":"INFO","fields":{"message":"discovered recoverable session","session_id":"pw-session-0000-751435-1779416579402","segments":14,"total_bytes":8295900,"has_init":true},"target":"cove_replay_engine::segment::recovery"}
{"timestamp":"2026-05-22T17:41:34.670851Z","level":"INFO","fields":{"message":"discovered recoverable session","session_id":"pw-session-0000-751088-1779416573633","segments":1,"total_bytes":102474,"has_init":true},"target":"cove_replay_engine::segment::recovery"}
{"timestamp":"2026-05-22T17:41:34.670964Z","level":"INFO","fields":{"message":"discovered recoverable session","session_id":"pw-session-0000-750649-1779416503463","segments":14,"total_bytes":8232916,"has_init":true},"target":"cove_replay_engine::segment::recovery"}
{"timestamp":"2026-05-22T17:41:34.671066Z","level":"INFO","fields":{"message":"discovered recoverable session","session_id":"pw-session-0000-740080-1779414668701","segments":12,"total_bytes":11591167,"has_init":true},"target":"cove_replay_engine::segment::recovery"}
{"timestamp":"2026-05-22T17:41:34.671159Z","level":"INFO","fields":{"message":"discovered recoverable session","session_id":"pw-session-0000-739490-1779414588489","segments":11,"total_bytes":11164551,"has_init":true},"target":"cove_replay_engine::segment::recovery"}
{"timestamp":"2026-05-22T17:41:34.671247Z","level":"INFO","fields":{"message":"discovered recoverable session","session_id":"pw-session-0000-739103-1779414558410","segments":10,"total_bytes":9430747,"has_init":true},"target":"cove_replay_engine::segment::recovery"}
{"timestamp":"2026-05-22T17:41:34.671361Z","level":"INFO","fields":{"message":"discovered recoverable session","session_id":"pw-session-0000-738664-1779414489111","segments":12,"total_bytes":11699332,"has_init":true},"target":"cove_replay_engine::segment::recovery"}
{"timestamp":"2026-05-22T17:41:34.671439Z","level":"INFO","fields":{"message":"discovered recoverable session","session_id":"pw-session-0000-716688-1779409301653","segments":8,"total_bytes":4480783,"has_init":true},"target":"cove_replay_engine::segment::recovery"}
{"timestamp":"2026-05-22T17:41:34.671545Z","level":"INFO","fields":{"message":"discovered recoverable session","session_id":"pw-session-0000-716124-1779409221448","segments":13,"total_bytes":7688949,"has_init":true},"target":"cove_replay_engine::segment::recovery"}
{"timestamp":"2026-05-22T17:41:34.671653Z","level":"INFO","fields":{"message":"discovered recoverable session","session_id":"pw-session-0000-715675-1779409141240","segments":13,"total_bytes":7964648,"has_init":true},"target":"cove_replay_engine::segment::recovery"}
{"timestamp":"2026-05-22T17:41:34.671757Z","level":"INFO","fields":{"message":"discovered recoverable session","session_id":"pw-session-0000-715118-1779409061034","segments":13,"total_bytes":7902025,"has_init":true},"target":"cove_replay_engine::segment::recovery"}
{"timestamp":"2026-05-22T17:41:34.671853Z","level":"INFO","fields":{"message":"discovered recoverable session","session_id":"pw-session-0000-714649-1779409034565","segments":11,"total_bytes":17935855,"has_init":true},"target":"cove_replay_engine::segment::recovery"}
{"timestamp":"2026-05-22T17:41:34.671960Z","level":"INFO","fields":{"message":"discovered recoverable session","session_id":"pw-session-0000-695577-1779404288875","segments":13,"total_bytes":8178368,"has_init":true},"target":"cove_replay_engine::segment::recovery"}
{"timestamp":"2026-05-22T17:41:34.672064Z","level":"INFO","fields":{"message":"discovered recoverable session","session_id":"pw-session-0000-695069-1779404208668","segments":13,"total_bytes":8161214,"has_init":true},"target":"cove_replay_engine::segment::recovery"}
{"timestamp":"2026-05-22T17:41:34.672156Z","level":"INFO","fields":{"message":"discovered recoverable session","session_id":"pw-session-0000-694672-1779404178591","segments":11,"total_bytes":6542218,"has_init":true},"target":"cove_replay_engine::segment::recovery"}
{"timestamp":"2026-05-22T17:41:34.672264Z","level":"INFO","fields":{"message":"discovered recoverable session","session_id":"pw-session-0000-694166-1779404108410","segments":14,"total_bytes":8600787,"has_init":true},"target":"cove_replay_engine::segment::recovery"}
{"timestamp":"2026-05-22T17:41:34.672302Z","level":"INFO","fields":{"message":"discovered recoverable session","session_id":"pw-session-0000-693815-1779404098386","segments":1,"total_bytes":107650,"has_init":true},"target":"cove_replay_engine::segment::recovery"}
{"timestamp":"2026-05-22T17:41:34.672415Z","level":"INFO","fields":{"message":"discovered recoverable session","session_id":"pw-session-0000-693401-1779404028207","segments":14,"total_bytes":8573649,"has_init":true},"target":"cove_replay_engine::segment::recovery"}
{"timestamp":"2026-05-22T17:41:34.672527Z","level":"INFO","fields":{"message":"discovered recoverable session","session_id":"pw-session-0000-675650-1779400717058","segments":14,"total_bytes":16644797,"has_init":true},"target":"cove_replay_engine::segment::recovery"}
{"timestamp":"2026-05-22T17:41:34.672638Z","level":"INFO","fields":{"message":"discovered recoverable session","session_id":"pw-session-0000-648824-1779394387663","segments":14,"total_bytes":8148620,"has_init":true},"target":"cove_replay_engine::segment::recovery"}
{"timestamp":"2026-05-22T17:41:34.672761Z","level":"INFO","fields":{"message":"discovered recoverable session","session_id":"pw-session-0000-621683-1779389638096","segments":15,"total_bytes":579071,"has_init":true},"target":"cove_replay_engine::segment::recovery"}
{"timestamp":"2026-05-22T17:41:34.672882Z","level":"INFO","fields":{"message":"discovered recoverable session","session_id":"pw-session-0000-620990-1779389547392","segments":15,"total_bytes":598469,"has_init":true},"target":"cove_replay_engine::segment::recovery"}
{"timestamp":"2026-05-22T17:41:34.673002Z","level":"INFO","fields":{"message":"discovered recoverable session","session_id":"pw-session-0000-608326-1779388063854","segments":15,"total_bytes":401584,"has_init":true},"target":"cove_replay_engine::segment::recovery"}
{"timestamp":"2026-05-22T17:41:34.673144Z","level":"INFO","fields":{"message":"discovered recoverable session","session_id":"pw-session-0000-607862-1779388033780","segments":15,"total_bytes":405806,"has_init":true},"target":"cove_replay_engine::segment::recovery"}
{"timestamp":"2026-05-22T17:41:34.673289Z","level":"INFO","fields":{"message":"discovered recoverable session","session_id":"pw-session-0000-607111-1779387960158","segments":15,"total_bytes":412469,"has_init":true},"target":"cove_replay_engine::segment::recovery"}
{"timestamp":"2026-05-22T17:41:34.673333Z","level":"INFO","fields":{"message":"discovered recoverable session","session_id":"pw-session-0000-606777-1779387953570","segments":2,"total_bytes":45252,"has_init":true},"target":"cove_replay_engine::segment::recovery"}
{"timestamp":"2026-05-22T17:41:34.673454Z","level":"INFO","fields":{"message":"discovered recoverable session","session_id":"pw-session-0000-606152-1779387883404","segments":15,"total_bytes":409834,"has_init":true},"target":"cove_replay_engine::segment::recovery"}
{"timestamp":"2026-05-22T17:41:34.673576Z","level":"INFO","fields":{"message":"discovered recoverable session","session_id":"pw-session-0000-528209-1779356005542","segments":15,"total_bytes":399575,"has_init":true},"target":"cove_replay_engine::segment::recovery"}
{"timestamp":"2026-05-22T17:41:34.673697Z","level":"INFO","fields":{"message":"discovered recoverable session","session_id":"pw-session-0000-527769-1779355975464","segments":15,"total_bytes":396353,"has_init":true},"target":"cove_replay_engine::segment::recovery"}
{"timestamp":"2026-05-22T17:41:34.673818Z","level":"INFO","fields":{"message":"discovered recoverable session","session_id":"pw-session-0000-527039-1779355904528","segments":15,"total_bytes":399909,"has_init":true},"target":"cove_replay_engine::segment::recovery"}
{"timestamp":"2026-05-22T17:41:34.673858Z","level":"INFO","fields":{"message":"discovered recoverable session","session_id":"pw-session-0000-526726-1779355900049","segments":2,"total_bytes":43230,"has_init":true},"target":"cove_replay_engine::segment::recovery"}
{"timestamp":"2026-05-22T17:41:34.673978Z","level":"INFO","fields":{"message":"discovered recoverable session","session_id":"pw-session-0000-526271-1779355835103","segments":15,"total_bytes":418751,"has_init":true},"target":"cove_replay_engine::segment::recovery"}
{"timestamp":"2026-05-22T17:41:34.674104Z","level":"INFO","fields":{"message":"discovered recoverable session","session_id":"pw-session-0000-488643-1779348732790","segments":15,"total_bytes":412854,"has_init":false},"target":"cove_replay_engine::segment::recovery"}
{"timestamp":"2026-05-22T17:41:34.674224Z","level":"INFO","fields":{"message":"discovered recoverable session","session_id":"pw-session-0000-488219-1779348704506","segments":15,"total_bytes":404771,"has_init":false},"target":"cove_replay_engine::segment::recovery"}
{"timestamp":"2026-05-22T17:41:34.674346Z","level":"INFO","fields":{"message":"discovered recoverable session","session_id":"pw-session-0000-487563-1779348634941","segments":15,"total_bytes":403920,"has_init":false},"target":"cove_replay_engine::segment::recovery"}
{"timestamp":"2026-05-22T17:41:34.674400Z","level":"INFO","fields":{"message":"discovered recoverable session","session_id":"pw-session-0000-487247-1779348630300","segments":2,"total_bytes":39923,"has_init":false},"target":"cove_replay_engine::segment::recovery"}
{"timestamp":"2026-05-22T17:41:34.674520Z","level":"INFO","fields":{"message":"discovered recoverable session","session_id":"pw-session-0000-486664-1779348565018","segments":15,"total_bytes":399094,"has_init":false},"target":"cove_replay_engine::segment::recovery"}
{"timestamp":"2026-05-22T17:41:34.674636Z","level":"INFO","fields":{"message":"discovered recoverable session","session_id":"pw-session-0000-448304-1779336085323","segments":15,"total_bytes":425927,"has_init":false},"target":"cove_replay_engine::segment::recovery"}
{"timestamp":"2026-05-22T17:41:34.674758Z","level":"INFO","fields":{"message":"discovered recoverable session","session_id":"pw-session-0000-447871-1779336055245","segments":15,"total_bytes":422570,"has_init":false},"target":"cove_replay_engine::segment::recovery"}
{"timestamp":"2026-05-22T17:41:34.674887Z","level":"INFO","fields":{"message":"discovered recoverable session","session_id":"pw-session-0000-447332-1779335985067","segments":15,"total_bytes":437816,"has_init":false},"target":"cove_replay_engine::segment::recovery"}
{"timestamp":"2026-05-22T17:41:34.674940Z","level":"INFO","fields":{"message":"discovered recoverable session","session_id":"pw-session-0000-447004-1779335975040","segments":2,"total_bytes":45438,"has_init":false},"target":"cove_replay_engine::segment::recovery"}
{"timestamp":"2026-05-22T17:41:34.675086Z","level":"INFO","fields":{"message":"discovered recoverable session","session_id":"pw-session-0000-446368-1779335904858","segments":15,"total_bytes":422563,"has_init":false},"target":"cove_replay_engine::segment::recovery"}
{"timestamp":"2026-05-22T17:41:34.675215Z","level":"INFO","fields":{"message":"discovered recoverable session","session_id":"pw-session-0000-433369-1779331848550","segments":15,"total_bytes":575246,"has_init":false},"target":"cove_replay_engine::segment::recovery"}
{"timestamp":"2026-05-22T17:41:34.675296Z","level":"INFO","fields":{"message":"discovered recoverable session","session_id":"pw-session-0000-306991-1779298114212","segments":1,"total_bytes":27641,"has_init":false},"target":"cove_replay_engine::segment::recovery"}
{"timestamp":"2026-05-22T17:41:34.675374Z","level":"INFO","fields":{"message":"discovered recoverable session","session_id":"pw-session-0000-276374-1779293632543","segments":1,"total_bytes":26277,"has_init":false},"target":"cove_replay_engine::segment::recovery"}
{"timestamp":"2026-05-22T17:41:34.675484Z","level":"INFO","fields":{"message":"discovered recoverable sessions from prior crash","count":51},"target":"cove_replay_engine::transport::server"}
{"timestamp":"2026-05-22T17:41:34.707218Z","level":"INFO","fields":{"message":"listening","socket":"/run/user/1000/cove-screen-recorder/engine.sock"},"target":"cove_replay_engine::transport::server"}
{"timestamp":"2026-05-22T17:48:30.788968Z","level":"INFO","fields":{"message":"engine.shutdown requested"},"target":"cove_replay_engine::transport::server"}
{"timestamp":"2026-05-22T17:48:30.788961Z","level":"INFO","fields":{"message":"shutdown signaled during dispatch, closing connection"},"target":"cove_replay_engine::transport::server"}
{"timestamp":"2026-05-22T17:48:32.796904Z","level":"INFO","fields":{"message":"cove-replay-engine started","version":"0.1.0","protocol_version":1},"target":"cove_replay_engine"}
{"timestamp":"2026-05-22T17:48:32.797250Z","level":"INFO","fields":{"message":"discovered recoverable session","session_id":"pw-session-0000-754390-1779416974675","segments":13,"total_bytes":7735032,"has_init":true},"target":"cove_replay_engine::segment::recovery"}
{"timestamp":"2026-05-22T17:48:32.797350Z","level":"INFO","fields":{"message":"discovered recoverable session","session_id":"pw-session-0000-753847-1779416924536","segments":8,"total_bytes":4387820,"has_init":true},"target":"cove_replay_engine::segment::recovery"}
{"timestamp":"2026-05-22T17:48:32.797464Z","level":"INFO","fields":{"message":"discovered recoverable session","session_id":"pw-session-0000-753362-1779416844334","segments":13,"total_bytes":7581671,"has_init":true},"target":"cove_replay_engine::segment::recovery"}
{"timestamp":"2026-05-22T17:48:32.797571Z","level":"INFO","fields":{"message":"discovered recoverable session","session_id":"pw-session-0000-752878-1779416764121","segments":13,"total_bytes":7827319,"has_init":true},"target":"cove_replay_engine::segment::recovery"}
{"timestamp":"2026-05-22T17:48:32.797676Z","level":"INFO","fields":{"message":"discovered recoverable session","session_id":"pw-session-0000-752341-1779416683915","segments":13,"total_bytes":7820797,"has_init":true},"target":"cove_replay_engine::segment::recovery"}
{"timestamp":"2026-05-22T17:48:32.797770Z","level":"INFO","fields":{"message":"discovered recoverable session","session_id":"pw-session-0000-751943-1779416653839","segments":11,"total_bytes":6326337,"has_init":true},"target":"cove_replay_engine::segment::recovery"}
{"timestamp":"2026-05-22T17:48:32.797953Z","level":"INFO","fields":{"message":"discovered recoverable session","session_id":"pw-session-0000-751435-1779416579402","segments":14,"total_bytes":8295900,"has_init":true},"target":"cove_replay_engine::segment::recovery"}
{"timestamp":"2026-05-22T17:48:32.798039Z","level":"INFO","fields":{"message":"discovered recoverable session","session_id":"pw-session-0000-751088-1779416573633","segments":1,"total_bytes":102474,"has_init":true},"target":"cove_replay_engine::segment::recovery"}
{"timestamp":"2026-05-22T17:48:32.798156Z","level":"INFO","fields":{"message":"discovered recoverable session","session_id":"pw-session-0000-750649-1779416503463","segments":14,"total_bytes":8232916,"has_init":true},"target":"cove_replay_engine::segment::recovery"}
{"timestamp":"2026-05-22T17:48:32.798259Z","level":"INFO","fields":{"message":"discovered recoverable session","session_id":"pw-session-0000-740080-1779414668701","segments":12,"total_bytes":11591167,"has_init":true},"target":"cove_replay_engine::segment::recovery"}
{"timestamp":"2026-05-22T17:48:32.798351Z","level":"INFO","fields":{"message":"discovered recoverable session","session_id":"pw-session-0000-739490-1779414588489","segments":11,"total_bytes":11164551,"has_init":true},"target":"cove_replay_engine::segment::recovery"}
{"timestamp":"2026-05-22T17:48:32.798446Z","level":"INFO","fields":{"message":"discovered recoverable session","session_id":"pw-session-0000-739103-1779414558410","segments":10,"total_bytes":9430747,"has_init":true},"target":"cove_replay_engine::segment::recovery"}
{"timestamp":"2026-05-22T17:48:32.798557Z","level":"INFO","fields":{"message":"discovered recoverable session","session_id":"pw-session-0000-738664-1779414489111","segments":12,"total_bytes":11699332,"has_init":true},"target":"cove_replay_engine::segment::recovery"}
{"timestamp":"2026-05-22T17:48:32.798635Z","level":"INFO","fields":{"message":"discovered recoverable session","session_id":"pw-session-0000-716688-1779409301653","segments":8,"total_bytes":4480783,"has_init":true},"target":"cove_replay_engine::segment::recovery"}
{"timestamp":"2026-05-22T17:48:32.798745Z","level":"INFO","fields":{"message":"discovered recoverable session","session_id":"pw-session-0000-716124-1779409221448","segments":13,"total_bytes":7688949,"has_init":true},"target":"cove_replay_engine::segment::recovery"}
{"timestamp":"2026-05-22T17:48:32.798851Z","level":"INFO","fields":{"message":"discovered recoverable session","session_id":"pw-session-0000-715675-1779409141240","segments":13,"total_bytes":7964648,"has_init":true},"target":"cove_replay_engine::segment::recovery"}
{"timestamp":"2026-05-22T17:48:32.798959Z","level":"INFO","fields":{"message":"discovered recoverable session","session_id":"pw-session-0000-715118-1779409061034","segments":13,"total_bytes":7902025,"has_init":true},"target":"cove_replay_engine::segment::recovery"}
{"timestamp":"2026-05-22T17:48:32.799099Z","level":"INFO","fields":{"message":"discovered recoverable session","session_id":"pw-session-0000-714649-1779409034565","segments":11,"total_bytes":17935855,"has_init":true},"target":"cove_replay_engine::segment::recovery"}
{"timestamp":"2026-05-22T17:48:32.799221Z","level":"INFO","fields":{"message":"discovered recoverable session","session_id":"pw-session-0000-695577-1779404288875","segments":13,"total_bytes":8178368,"has_init":true},"target":"cove_replay_engine::segment::recovery"}
{"timestamp":"2026-05-22T17:48:32.799329Z","level":"INFO","fields":{"message":"discovered recoverable session","session_id":"pw-session-0000-695069-1779404208668","segments":13,"total_bytes":8161214,"has_init":true},"target":"cove_replay_engine::segment::recovery"}
{"timestamp":"2026-05-22T17:48:32.799422Z","level":"INFO","fields":{"message":"discovered recoverable session","session_id":"pw-session-0000-694672-1779404178591","segments":11,"total_bytes":6542218,"has_init":true},"target":"cove_replay_engine::segment::recovery"}
{"timestamp":"2026-05-22T17:48:32.799531Z","level":"INFO","fields":{"message":"discovered recoverable session","session_id":"pw-session-0000-694166-1779404108410","segments":14,"total_bytes":8600787,"has_init":true},"target":"cove_replay_engine::segment::recovery"}
{"timestamp":"2026-05-22T17:48:32.799569Z","level":"INFO","fields":{"message":"discovered recoverable session","session_id":"pw-session-0000-693815-1779404098386","segments":1,"total_bytes":107650,"has_init":true},"target":"cove_replay_engine::segment::recovery"}
{"timestamp":"2026-05-22T17:48:32.799734Z","level":"INFO","fields":{"message":"discovered recoverable session","session_id":"pw-session-0000-693401-1779404028207","segments":14,"total_bytes":8573649,"has_init":true},"target":"cove_replay_engine::segment::recovery"}
{"timestamp":"2026-05-22T17:48:32.799883Z","level":"INFO","fields":{"message":"discovered recoverable session","session_id":"pw-session-0000-675650-1779400717058","segments":14,"total_bytes":16644797,"has_init":true},"target":"cove_replay_engine::segment::recovery"}
{"timestamp":"2026-05-22T17:48:32.800000Z","level":"INFO","fields":{"message":"discovered recoverable session","session_id":"pw-session-0000-648824-1779394387663","segments":14,"total_bytes":8148620,"has_init":true},"target":"cove_replay_engine::segment::recovery"}
{"timestamp":"2026-05-22T17:48:32.800119Z","level":"INFO","fields":{"message":"discovered recoverable session","session_id":"pw-session-0000-621683-1779389638096","segments":15,"total_bytes":579071,"has_init":true},"target":"cove_replay_engine::segment::recovery"}
{"timestamp":"2026-05-22T17:48:32.800245Z","level":"INFO","fields":{"message":"discovered recoverable session","session_id":"pw-session-0000-620990-1779389547392","segments":15,"total_bytes":598469,"has_init":true},"target":"cove_replay_engine::segment::recovery"}
{"timestamp":"2026-05-22T17:48:32.800379Z","level":"INFO","fields":{"message":"discovered recoverable session","session_id":"pw-session-0000-608326-1779388063854","segments":15,"total_bytes":401584,"has_init":true},"target":"cove_replay_engine::segment::recovery"}
{"timestamp":"2026-05-22T17:48:32.800511Z","level":"INFO","fields":{"message":"discovered recoverable session","session_id":"pw-session-0000-607862-1779388033780","segments":15,"total_bytes":405806,"has_init":true},"target":"cove_replay_engine::segment::recovery"}
{"timestamp":"2026-05-22T17:48:32.800637Z","level":"INFO","fields":{"message":"discovered recoverable session","session_id":"pw-session-0000-607111-1779387960158","segments":15,"total_bytes":412469,"has_init":true},"target":"cove_replay_engine::segment::recovery"}
{"timestamp":"2026-05-22T17:48:32.800679Z","level":"INFO","fields":{"message":"discovered recoverable session","session_id":"pw-session-0000-606777-1779387953570","segments":2,"total_bytes":45252,"has_init":true},"target":"cove_replay_engine::segment::recovery"}
{"timestamp":"2026-05-22T17:48:32.800797Z","level":"INFO","fields":{"message":"discovered recoverable session","session_id":"pw-session-0000-606152-1779387883404","segments":15,"total_bytes":409834,"has_init":true},"target":"cove_replay_engine::segment::recovery"}
{"timestamp":"2026-05-22T17:48:32.800923Z","level":"INFO","fields":{"message":"discovered recoverable session","session_id":"pw-session-0000-528209-1779356005542","segments":15,"total_bytes":399575,"has_init":true},"target":"cove_replay_engine::segment::recovery"}
{"timestamp":"2026-05-22T17:48:32.801042Z","level":"INFO","fields":{"message":"discovered recoverable session","session_id":"pw-session-0000-527769-1779355975464","segments":15,"total_bytes":396353,"has_init":true},"target":"cove_replay_engine::segment::recovery"}
{"timestamp":"2026-05-22T17:48:32.801160Z","level":"INFO","fields":{"message":"discovered recoverable session","session_id":"pw-session-0000-527039-1779355904528","segments":15,"total_bytes":399909,"has_init":true},"target":"cove_replay_engine::segment::recovery"}
{"timestamp":"2026-05-22T17:48:32.801205Z","level":"INFO","fields":{"message":"discovered recoverable session","session_id":"pw-session-0000-526726-1779355900049","segments":2,"total_bytes":43230,"has_init":true},"target":"cove_replay_engine::segment::recovery"}
{"timestamp":"2026-05-22T17:48:32.801327Z","level":"INFO","fields":{"message":"discovered recoverable session","session_id":"pw-session-0000-526271-1779355835103","segments":15,"total_bytes":418751,"has_init":true},"target":"cove_replay_engine::segment::recovery"}
{"timestamp":"2026-05-22T17:48:32.801451Z","level":"INFO","fields":{"message":"discovered recoverable session","session_id":"pw-session-0000-488643-1779348732790","segments":15,"total_bytes":412854,"has_init":false},"target":"cove_replay_engine::segment::recovery"}
{"timestamp":"2026-05-22T17:48:32.801582Z","level":"INFO","fields":{"message":"discovered recoverable session","session_id":"pw-session-0000-488219-1779348704506","segments":15,"total_bytes":404771,"has_init":false},"target":"cove_replay_engine::segment::recovery"}
{"timestamp":"2026-05-22T17:48:32.801725Z","level":"INFO","fields":{"message":"discovered recoverable session","session_id":"pw-session-0000-487563-1779348634941","segments":15,"total_bytes":403920,"has_init":false},"target":"cove_replay_engine::segment::recovery"}
{"timestamp":"2026-05-22T17:48:32.801805Z","level":"INFO","fields":{"message":"discovered recoverable session","session_id":"pw-session-0000-487247-1779348630300","segments":2,"total_bytes":39923,"has_init":false},"target":"cove_replay_engine::segment::recovery"}
{"timestamp":"2026-05-22T17:48:32.802005Z","level":"INFO","fields":{"message":"discovered recoverable session","session_id":"pw-session-0000-486664-1779348565018","segments":15,"total_bytes":399094,"has_init":false},"target":"cove_replay_engine::segment::recovery"}
{"timestamp":"2026-05-22T17:48:32.802190Z","level":"INFO","fields":{"message":"discovered recoverable session","session_id":"pw-session-0000-448304-1779336085323","segments":15,"total_bytes":425927,"has_init":false},"target":"cove_replay_engine::segment::recovery"}
{"timestamp":"2026-05-22T17:48:32.802348Z","level":"INFO","fields":{"message":"discovered recoverable session","session_id":"pw-session-0000-447871-1779336055245","segments":15,"total_bytes":422570,"has_init":false},"target":"cove_replay_engine::segment::recovery"}
{"timestamp":"2026-05-22T17:48:32.802476Z","level":"INFO","fields":{"message":"discovered recoverable session","session_id":"pw-session-0000-447332-1779335985067","segments":15,"total_bytes":437816,"has_init":false},"target":"cove_replay_engine::segment::recovery"}
{"timestamp":"2026-05-22T17:48:32.802519Z","level":"INFO","fields":{"message":"discovered recoverable session","session_id":"pw-session-0000-447004-1779335975040","segments":2,"total_bytes":45438,"has_init":false},"target":"cove_replay_engine::segment::recovery"}
{"timestamp":"2026-05-22T17:48:32.802636Z","level":"INFO","fields":{"message":"discovered recoverable session","session_id":"pw-session-0000-446368-1779335904858","segments":15,"total_bytes":422563,"has_init":false},"target":"cove_replay_engine::segment::recovery"}
{"timestamp":"2026-05-22T17:48:32.802757Z","level":"INFO","fields":{"message":"discovered recoverable session","session_id":"pw-session-0000-433369-1779331848550","segments":15,"total_bytes":575246,"has_init":false},"target":"cove_replay_engine::segment::recovery"}
{"timestamp":"2026-05-22T17:48:32.802837Z","level":"INFO","fields":{"message":"discovered recoverable session","session_id":"pw-session-0000-306991-1779298114212","segments":1,"total_bytes":27641,"has_init":false},"target":"cove_replay_engine::segment::recovery"}
{"timestamp":"2026-05-22T17:48:32.802913Z","level":"INFO","fields":{"message":"discovered recoverable session","session_id":"pw-session-0000-276374-1779293632543","segments":1,"total_bytes":26277,"has_init":false},"target":"cove_replay_engine::segment::recovery"}
{"timestamp":"2026-05-22T17:48:32.803027Z","level":"INFO","fields":{"message":"discovered recoverable sessions from prior crash","count":51},"target":"cove_replay_engine::transport::server"}
{"timestamp":"2026-05-22T17:48:32.831399Z","level":"INFO","fields":{"message":"listening","socket":"/run/user/1000/cove-screen-recorder/engine.sock"},"target":"cove_replay_engine::transport::server"}
{"timestamp":"2026-05-22T17:58:50.258361Z","level":"INFO","fields":{"message":"portal session established","session_id":"pw-session-0000-1057119-1779472730258","node_id":152},"target":"cove_replay_engine::capture::pipewire"}
{"timestamp":"2026-05-22T17:58:50.272147Z","level":"WARN","fields":{"message":"PW stream errored during DMA-BUF-only negotiation: no more input formats; triggering SHM-only fallback retry"},"target":"cove_replay_engine::capture::pipewire"}
{"timestamp":"2026-05-22T17:58:50.272220Z","level":"INFO","fields":{"message":"PW: DMA-BUF negotiation hard-failed; reconnecting with SHM-only fallback"},"target":"cove_replay_engine::capture::pipewire"}
{"timestamp":"2026-05-22T17:58:50.283851Z","level":"INFO","fields":{"message":"PW stream ready","session_id":"pw-session-0000-1057119-1779472730258","stream_id":"pw-stream-0000","width":3840,"height":2160,"fourcc":"XR24"},"target":"cove_replay_engine::capture::pipewire"}
{"timestamp":"2026-05-22T18:05:42.559333Z","level":"INFO","fields":{"message":"portal session established","session_id":"pw-session-0000-1057119-1779473142559","node_id":170},"target":"cove_replay_engine::capture::pipewire"}
{"timestamp":"2026-05-22T18:05:42.569491Z","level":"WARN","fields":{"message":"PW stream errored during DMA-BUF-only negotiation: no more input formats; triggering SHM-only fallback retry"},"target":"cove_replay_engine::capture::pipewire"}
{"timestamp":"2026-05-22T18:05:42.569536Z","level":"INFO","fields":{"message":"PW: DMA-BUF negotiation hard-failed; reconnecting with SHM-only fallback"},"target":"cove_replay_engine::capture::pipewire"}
{"timestamp":"2026-05-22T18:05:42.580973Z","level":"INFO","fields":{"message":"PW stream ready","session_id":"pw-session-0000-1057119-1779473142559","stream_id":"pw-stream-0000","width":3840,"height":2160,"fourcc":"XR24"},"target":"cove_replay_engine::capture::pipewire"}
{"timestamp":"2026-05-22T18:37:46.064437Z","level":"INFO","fields":{"message":"portal session established","session_id":"pw-session-0000-1057119-1779475066064","node_id":171},"target":"cove_replay_engine::capture::pipewire"}
{"timestamp":"2026-05-22T18:37:46.075348Z","level":"WARN","fields":{"message":"PW stream errored during DMA-BUF-only negotiation: no more input formats; triggering SHM-only fallback retry"},"target":"cove_replay_engine::capture::pipewire"}
{"timestamp":"2026-05-22T18:37:46.075401Z","level":"INFO","fields":{"message":"PW: DMA-BUF negotiation hard-failed; reconnecting with SHM-only fallback"},"target":"cove_replay_engine::capture::pipewire"}
{"timestamp":"2026-05-22T18:37:46.086516Z","level":"INFO","fields":{"message":"PW stream ready","session_id":"pw-session-0000-1057119-1779475066064","stream_id":"pw-stream-0000","width":3840,"height":2160,"fourcc":"XR24"},"target":"cove_replay_engine::capture::pipewire"}
{"timestamp":"2026-05-22T18:38:41.619151Z","level":"INFO","fields":{"message":"portal session established","session_id":"pw-session-0000-1057119-1779475121619","node_id":109},"target":"cove_replay_engine::capture::pipewire"}
{"timestamp":"2026-05-22T18:38:41.632187Z","level":"WARN","fields":{"message":"PW stream errored during DMA-BUF-only negotiation: no more input formats; triggering SHM-only fallback retry"},"target":"cove_replay_engine::capture::pipewire"}
{"timestamp":"2026-05-22T18:38:41.632249Z","level":"INFO","fields":{"message":"PW: DMA-BUF negotiation hard-failed; reconnecting with SHM-only fallback"},"target":"cove_replay_engine::capture::pipewire"}
{"timestamp":"2026-05-22T18:38:41.650181Z","level":"INFO","fields":{"message":"PW stream ready","session_id":"pw-session-0000-1057119-1779475121619","stream_id":"pw-stream-0000","width":3840,"height":2160,"fourcc":"XR24"},"target":"cove_replay_engine::capture::pipewire"}
{"timestamp":"2026-05-22T18:49:05.835792Z","level":"INFO","fields":{"message":"portal session established","session_id":"pw-session-0000-1057119-1779475745835","node_id":267},"target":"cove_replay_engine::capture::pipewire"}
{"timestamp":"2026-05-22T18:49:05.845284Z","level":"WARN","fields":{"message":"PW stream errored during DMA-BUF-only negotiation: no more input formats; triggering SHM-only fallback retry"},"target":"cove_replay_engine::capture::pipewire"}
{"timestamp":"2026-05-22T18:49:05.845330Z","level":"INFO","fields":{"message":"PW: DMA-BUF negotiation hard-failed; reconnecting with SHM-only fallback"},"target":"cove_replay_engine::capture::pipewire"}
{"timestamp":"2026-05-22T18:49:05.860128Z","level":"INFO","fields":{"message":"PW stream ready","session_id":"pw-session-0000-1057119-1779475745835","stream_id":"pw-stream-0000","width":3840,"height":2160,"fourcc":"XR24"},"target":"cove_replay_engine::capture::pipewire"}
{"timestamp":"2026-05-22T18:49:30.250778Z","level":"INFO","fields":{"message":"portal session established","session_id":"pw-session-0000-1057119-1779475770250","node_id":105},"target":"cove_replay_engine::capture::pipewire"}
{"timestamp":"2026-05-22T18:49:30.262170Z","level":"WARN","fields":{"message":"PW stream errored during DMA-BUF-only negotiation: no more input formats; triggering SHM-only fallback retry"},"target":"cove_replay_engine::capture::pipewire"}
{"timestamp":"2026-05-22T18:49:30.262212Z","level":"INFO","fields":{"message":"PW: DMA-BUF negotiation hard-failed; reconnecting with SHM-only fallback"},"target":"cove_replay_engine::capture::pipewire"}
{"timestamp":"2026-05-22T18:49:30.272095Z","level":"INFO","fields":{"message":"PW stream ready","session_id":"pw-session-0000-1057119-1779475770250","stream_id":"pw-stream-0000","width":3840,"height":2160,"fourcc":"XR24"},"target":"cove_replay_engine::capture::pipewire"}
{"timestamp":"2026-05-22T18:54:27.094042Z","level":"INFO","fields":{"message":"portal session established","session_id":"pw-session-0000-1057119-1779476067094","node_id":203},"target":"cove_replay_engine::capture::pipewire"}
{"timestamp":"2026-05-22T18:54:27.103264Z","level":"WARN","fields":{"message":"PW stream errored during DMA-BUF-only negotiation: no more input formats; triggering SHM-only fallback retry"},"target":"cove_replay_engine::capture::pipewire"}
{"timestamp":"2026-05-22T18:54:27.103309Z","level":"INFO","fields":{"message":"PW: DMA-BUF negotiation hard-failed; reconnecting with SHM-only fallback"},"target":"cove_replay_engine::capture::pipewire"}
{"timestamp":"2026-05-22T18:54:27.113648Z","level":"INFO","fields":{"message":"PW stream ready","session_id":"pw-session-0000-1057119-1779476067094","stream_id":"pw-stream-0000","width":3840,"height":2160,"fourcc":"XR24"},"target":"cove_replay_engine::capture::pipewire"}
{"timestamp":"2026-05-22T18:57:17.636113Z","level":"INFO","fields":{"message":"portal session established","session_id":"pw-session-0000-1057119-1779476237636","node_id":203},"target":"cove_replay_engine::capture::pipewire"}
{"timestamp":"2026-05-22T18:57:17.647916Z","level":"WARN","fields":{"message":"PW stream errored during DMA-BUF-only negotiation: no more input formats; triggering SHM-only fallback retry"},"target":"cove_replay_engine::capture::pipewire"}
{"timestamp":"2026-05-22T18:57:17.647968Z","level":"INFO","fields":{"message":"PW: DMA-BUF negotiation hard-failed; reconnecting with SHM-only fallback"},"target":"cove_replay_engine::capture::pipewire"}
{"timestamp":"2026-05-22T18:57:17.659363Z","level":"INFO","fields":{"message":"PW stream ready","session_id":"pw-session-0000-1057119-1779476237636","stream_id":"pw-stream-0000","width":3840,"height":2160,"fourcc":"XR24"},"target":"cove_replay_engine::capture::pipewire"}
{"timestamp":"2026-05-22T19:16:37.095857Z","level":"INFO","fields":{"message":"portal session established","session_id":"pw-session-0000-1057119-1779477397095","node_id":187},"target":"cove_replay_engine::capture::pipewire"}
{"timestamp":"2026-05-22T19:16:37.107056Z","level":"WARN","fields":{"message":"PW stream errored during DMA-BUF-only negotiation: no more input formats; triggering SHM-only fallback retry"},"target":"cove_replay_engine::capture::pipewire"}
{"timestamp":"2026-05-22T19:16:37.107098Z","level":"INFO","fields":{"message":"PW: DMA-BUF negotiation hard-failed; reconnecting with SHM-only fallback"},"target":"cove_replay_engine::capture::pipewire"}
{"timestamp":"2026-05-22T19:16:37.117897Z","level":"INFO","fields":{"message":"PW stream ready","session_id":"pw-session-0000-1057119-1779477397095","stream_id":"pw-stream-0000","width":3840,"height":2160,"fourcc":"XR24"},"target":"cove_replay_engine::capture::pipewire"}
{"timestamp":"2026-05-22T23:28:57.384652Z","level":"INFO","fields":{"message":"portal session established","session_id":"pw-session-0000-1057119-1779492537384","node_id":120},"target":"cove_replay_engine::capture::pipewire"}
{"timestamp":"2026-05-22T23:28:57.394732Z","level":"WARN","fields":{"message":"PW stream errored during DMA-BUF-only negotiation: no more input formats; triggering SHM-only fallback retry"},"target":"cove_replay_engine::capture::pipewire"}
{"timestamp":"2026-05-22T23:28:57.394780Z","level":"INFO","fields":{"message":"PW: DMA-BUF negotiation hard-failed; reconnecting with SHM-only fallback"},"target":"cove_replay_engine::capture::pipewire"}
{"timestamp":"2026-05-22T23:28:57.408832Z","level":"INFO","fields":{"message":"PW stream ready","session_id":"pw-session-0000-1057119-1779492537384","stream_id":"pw-stream-0000","width":3840,"height":2160,"fourcc":"XR24"},"target":"cove_replay_engine::capture::pipewire"}
{"timestamp":"2026-05-22T23:30:33.734084Z","level":"INFO","fields":{"message":"portal session established","session_id":"pw-session-0000-1057119-1779492633734","node_id":192},"target":"cove_replay_engine::capture::pipewire"}
{"timestamp":"2026-05-22T23:30:33.744502Z","level":"WARN","fields":{"message":"PW stream errored during DMA-BUF-only negotiation: no more input formats; triggering SHM-only fallback retry"},"target":"cove_replay_engine::capture::pipewire"}
{"timestamp":"2026-05-22T23:30:33.744546Z","level":"INFO","fields":{"message":"PW: DMA-BUF negotiation hard-failed; reconnecting with SHM-only fallback"},"target":"cove_replay_engine::capture::pipewire"}
{"timestamp":"2026-05-22T23:30:33.757936Z","level":"INFO","fields":{"message":"PW stream ready","session_id":"pw-session-0000-1057119-1779492633734","stream_id":"pw-stream-0000","width":3840,"height":2160,"fourcc":"XR24"},"target":"cove_replay_engine::capture::pipewire"}
{"timestamp":"2026-05-22T23:38:06.896022Z","level":"INFO","fields":{"message":"signal received, shutting down"},"target":"cove_replay_engine::transport::server"}
{"timestamp":"2026-05-23T03:34:48.486565Z","level":"INFO","fields":{"message":"cove-replay-engine started","version":"0.1.0","protocol_version":1},"target":"cove_replay_engine"}
{"timestamp":"2026-05-23T03:34:48.486921Z","level":"INFO","fields":{"message":"discovered recoverable session","session_id":"pw-session-0000-1057119-1779492633734","segments":10,"total_bytes":90123114,"has_init":true},"target":"cove_replay_engine::segment::recovery"}
{"timestamp":"2026-05-23T03:34:48.487025Z","level":"INFO","fields":{"message":"discovered recoverable session","session_id":"pw-session-0000-1057119-1779492537384","segments":10,"total_bytes":98487839,"has_init":true},"target":"cove_replay_engine::segment::recovery"}
{"timestamp":"2026-05-23T03:34:48.487091Z","level":"INFO","fields":{"message":"discovered recoverable session","session_id":"pw-session-0000-1057119-1779477397095","segments":5,"total_bytes":49361088,"has_init":true},"target":"cove_replay_engine::segment::recovery"}
{"timestamp":"2026-05-23T03:34:48.487188Z","level":"INFO","fields":{"message":"discovered recoverable session","session_id":"pw-session-0000-1057119-1779476237636","segments":11,"total_bytes":115817413,"has_init":true},"target":"cove_replay_engine::segment::recovery"}
{"timestamp":"2026-05-23T03:34:48.487224Z","level":"INFO","fields":{"message":"discovered recoverable session","session_id":"pw-session-0000-1057119-1779476067094","segments":1,"total_bytes":9608417,"has_init":true},"target":"cove_replay_engine::segment::recovery"}
{"timestamp":"2026-05-23T03:34:48.487288Z","level":"INFO","fields":{"message":"discovered recoverable session","session_id":"pw-session-0000-1057119-1779475770250","segments":6,"total_bytes":76988198,"has_init":true},"target":"cove_replay_engine::segment::recovery"}
{"timestamp":"2026-05-23T03:34:48.487365Z","level":"INFO","fields":{"message":"discovered recoverable session","session_id":"pw-session-0000-1057119-1779475745835","segments":8,"total_bytes":89227171,"has_init":true},"target":"cove_replay_engine::segment::recovery"}
{"timestamp":"2026-05-23T03:34:48.487430Z","level":"INFO","fields":{"message":"discovered recoverable session","session_id":"pw-session-0000-1057119-1779475121619","segments":6,"total_bytes":67485525,"has_init":true},"target":"cove_replay_engine::segment::recovery"}
{"timestamp":"2026-05-23T03:34:48.487526Z","level":"INFO","fields":{"message":"discovered recoverable session","session_id":"pw-session-0000-1057119-1779475066064","segments":11,"total_bytes":140147001,"has_init":true},"target":"cove_replay_engine::segment::recovery"}
{"timestamp":"2026-05-23T03:34:48.487623Z","level":"INFO","fields":{"message":"discovered recoverable session","session_id":"pw-session-0000-1057119-1779473142559","segments":11,"total_bytes":133153857,"has_init":true},"target":"cove_replay_engine::segment::recovery"}
{"timestamp":"2026-05-23T03:34:48.487718Z","level":"INFO","fields":{"message":"discovered recoverable session","session_id":"pw-session-0000-1057119-1779472730258","segments":11,"total_bytes":130243749,"has_init":true},"target":"cove_replay_engine::segment::recovery"}
{"timestamp":"2026-05-23T03:34:48.487822Z","level":"INFO","fields":{"message":"discovered recoverable session","session_id":"pw-session-0000-754390-1779416974675","segments":13,"total_bytes":7735032,"has_init":true},"target":"cove_replay_engine::segment::recovery"}
{"timestamp":"2026-05-23T03:34:48.487899Z","level":"INFO","fields":{"message":"discovered recoverable session","session_id":"pw-session-0000-753847-1779416924536","segments":8,"total_bytes":4387820,"has_init":true},"target":"cove_replay_engine::segment::recovery"}
{"timestamp":"2026-05-23T03:34:48.488004Z","level":"INFO","fields":{"message":"discovered recoverable session","session_id":"pw-session-0000-753362-1779416844334","segments":13,"total_bytes":7581671,"has_init":true},"target":"cove_replay_engine::segment::recovery"}
{"timestamp":"2026-05-23T03:34:48.488116Z","level":"INFO","fields":{"message":"discovered recoverable session","session_id":"pw-session-0000-752878-1779416764121","segments":13,"total_bytes":7827319,"has_init":true},"target":"cove_replay_engine::segment::recovery"}
{"timestamp":"2026-05-23T03:34:48.488221Z","level":"INFO","fields":{"message":"discovered recoverable session","session_id":"pw-session-0000-752341-1779416683915","segments":13,"total_bytes":7820797,"has_init":true},"target":"cove_replay_engine::segment::recovery"}
{"timestamp":"2026-05-23T03:34:48.488316Z","level":"INFO","fields":{"message":"discovered recoverable session","session_id":"pw-session-0000-751943-1779416653839","segments":11,"total_bytes":6326337,"has_init":true},"target":"cove_replay_engine::segment::recovery"}
{"timestamp":"2026-05-23T03:34:48.488432Z","level":"INFO","fields":{"message":"discovered recoverable session","session_id":"pw-session-0000-751435-1779416579402","segments":14,"total_bytes":8295900,"has_init":true},"target":"cove_replay_engine::segment::recovery"}
{"timestamp":"2026-05-23T03:34:48.488467Z","level":"INFO","fields":{"message":"discovered recoverable session","session_id":"pw-session-0000-751088-1779416573633","segments":1,"total_bytes":102474,"has_init":true},"target":"cove_replay_engine::segment::recovery"}
{"timestamp":"2026-05-23T03:34:48.488577Z","level":"INFO","fields":{"message":"discovered recoverable session","session_id":"pw-session-0000-750649-1779416503463","segments":14,"total_bytes":8232916,"has_init":true},"target":"cove_replay_engine::segment::recovery"}
{"timestamp":"2026-05-23T03:34:48.488678Z","level":"INFO","fields":{"message":"discovered recoverable session","session_id":"pw-session-0000-740080-1779414668701","segments":12,"total_bytes":11591167,"has_init":true},"target":"cove_replay_engine::segment::recovery"}
{"timestamp":"2026-05-23T03:34:48.488773Z","level":"INFO","fields":{"message":"discovered recoverable session","session_id":"pw-session-0000-739490-1779414588489","segments":11,"total_bytes":11164551,"has_init":true},"target":"cove_replay_engine::segment::recovery"}
{"timestamp":"2026-05-23T03:34:48.488860Z","level":"INFO","fields":{"message":"discovered recoverable session","session_id":"pw-session-0000-739103-1779414558410","segments":10,"total_bytes":9430747,"has_init":true},"target":"cove_replay_engine::segment::recovery"}
{"timestamp":"2026-05-23T03:34:48.488959Z","level":"INFO","fields":{"message":"discovered recoverable session","session_id":"pw-session-0000-738664-1779414489111","segments":12,"total_bytes":11699332,"has_init":true},"target":"cove_replay_engine::segment::recovery"}
{"timestamp":"2026-05-23T03:34:48.489039Z","level":"INFO","fields":{"message":"discovered recoverable session","session_id":"pw-session-0000-716688-1779409301653","segments":8,"total_bytes":4480783,"has_init":true},"target":"cove_replay_engine::segment::recovery"}
{"timestamp":"2026-05-23T03:34:48.489146Z","level":"INFO","fields":{"message":"discovered recoverable session","session_id":"pw-session-0000-716124-1779409221448","segments":13,"total_bytes":7688949,"has_init":true},"target":"cove_replay_engine::segment::recovery"}
{"timestamp":"2026-05-23T03:34:48.489251Z","level":"INFO","fields":{"message":"discovered recoverable session","session_id":"pw-session-0000-715675-1779409141240","segments":13,"total_bytes":7964648,"has_init":true},"target":"cove_replay_engine::segment::recovery"}
{"timestamp":"2026-05-23T03:34:48.489355Z","level":"INFO","fields":{"message":"discovered recoverable session","session_id":"pw-session-0000-715118-1779409061034","segments":13,"total_bytes":7902025,"has_init":true},"target":"cove_replay_engine::segment::recovery"}
{"timestamp":"2026-05-23T03:34:48.489454Z","level":"INFO","fields":{"message":"discovered recoverable session","session_id":"pw-session-0000-714649-1779409034565","segments":11,"total_bytes":17935855,"has_init":true},"target":"cove_replay_engine::segment::recovery"}
{"timestamp":"2026-05-23T03:34:48.489582Z","level":"INFO","fields":{"message":"discovered recoverable session","session_id":"pw-session-0000-695577-1779404288875","segments":13,"total_bytes":8178368,"has_init":true},"target":"cove_replay_engine::segment::recovery"}
{"timestamp":"2026-05-23T03:34:48.489696Z","level":"INFO","fields":{"message":"discovered recoverable session","session_id":"pw-session-0000-695069-1779404208668","segments":13,"total_bytes":8161214,"has_init":true},"target":"cove_replay_engine::segment::recovery"}
{"timestamp":"2026-05-23T03:34:48.489790Z","level":"INFO","fields":{"message":"discovered recoverable session","session_id":"pw-session-0000-694672-1779404178591","segments":11,"total_bytes":6542218,"has_init":true},"target":"cove_replay_engine::segment::recovery"}
{"timestamp":"2026-05-23T03:34:48.489899Z","level":"INFO","fields":{"message":"discovered recoverable session","session_id":"pw-session-0000-694166-1779404108410","segments":14,"total_bytes":8600787,"has_init":true},"target":"cove_replay_engine::segment::recovery"}
{"timestamp":"2026-05-23T03:34:48.489936Z","level":"INFO","fields":{"message":"discovered recoverable session","session_id":"pw-session-0000-693815-1779404098386","segments":1,"total_bytes":107650,"has_init":true},"target":"cove_replay_engine::segment::recovery"}
{"timestamp":"2026-05-23T03:34:48.490046Z","level":"INFO","fields":{"message":"discovered recoverable session","session_id":"pw-session-0000-693401-1779404028207","segments":14,"total_bytes":8573649,"has_init":true},"target":"cove_replay_engine::segment::recovery"}
{"timestamp":"2026-05-23T03:34:48.490154Z","level":"INFO","fields":{"message":"discovered recoverable session","session_id":"pw-session-0000-675650-1779400717058","segments":14,"total_bytes":16644797,"has_init":true},"target":"cove_replay_engine::segment::recovery"}
{"timestamp":"2026-05-23T03:34:48.490266Z","level":"INFO","fields":{"message":"discovered recoverable session","session_id":"pw-session-0000-648824-1779394387663","segments":14,"total_bytes":8148620,"has_init":true},"target":"cove_replay_engine::segment::recovery"}
{"timestamp":"2026-05-23T03:34:48.490387Z","level":"INFO","fields":{"message":"discovered recoverable session","session_id":"pw-session-0000-621683-1779389638096","segments":15,"total_bytes":579071,"has_init":true},"target":"cove_replay_engine::segment::recovery"}
{"timestamp":"2026-05-23T03:34:48.490506Z","level":"INFO","fields":{"message":"discovered recoverable session","session_id":"pw-session-0000-620990-1779389547392","segments":15,"total_bytes":598469,"has_init":true},"target":"cove_replay_engine::segment::recovery"}
{"timestamp":"2026-05-23T03:34:48.490625Z","level":"INFO","fields":{"message":"discovered recoverable session","session_id":"pw-session-0000-608326-1779388063854","segments":15,"total_bytes":401584,"has_init":true},"target":"cove_replay_engine::segment::recovery"}
{"timestamp":"2026-05-23T03:34:48.490740Z","level":"INFO","fields":{"message":"discovered recoverable session","session_id":"pw-session-0000-607862-1779388033780","segments":15,"total_bytes":405806,"has_init":true},"target":"cove_replay_engine::segment::recovery"}
{"timestamp":"2026-05-23T03:34:48.490860Z","level":"INFO","fields":{"message":"discovered recoverable session","session_id":"pw-session-0000-607111-1779387960158","segments":15,"total_bytes":412469,"has_init":true},"target":"cove_replay_engine::segment::recovery"}
{"timestamp":"2026-05-23T03:34:48.490900Z","level":"INFO","fields":{"message":"discovered recoverable session","session_id":"pw-session-0000-606777-1779387953570","segments":2,"total_bytes":45252,"has_init":true},"target":"cove_replay_engine::segment::recovery"}
{"timestamp":"2026-05-23T03:34:48.491034Z","level":"INFO","fields":{"message":"discovered recoverable session","session_id":"pw-session-0000-606152-1779387883404","segments":15,"total_bytes":409834,"has_init":true},"target":"cove_replay_engine::segment::recovery"}
{"timestamp":"2026-05-23T03:34:48.491189Z","level":"INFO","fields":{"message":"discovered recoverable session","session_id":"pw-session-0000-528209-1779356005542","segments":15,"total_bytes":399575,"has_init":true},"target":"cove_replay_engine::segment::recovery"}
{"timestamp":"2026-05-23T03:34:48.491341Z","level":"INFO","fields":{"message":"discovered recoverable session","session_id":"pw-session-0000-527769-1779355975464","segments":15,"total_bytes":396353,"has_init":true},"target":"cove_replay_engine::segment::recovery"}
{"timestamp":"2026-05-23T03:34:48.491463Z","level":"INFO","fields":{"message":"discovered recoverable session","session_id":"pw-session-0000-527039-1779355904528","segments":15,"total_bytes":399909,"has_init":true},"target":"cove_replay_engine::segment::recovery"}
{"timestamp":"2026-05-23T03:34:48.491503Z","level":"INFO","fields":{"message":"discovered recoverable session","session_id":"pw-session-0000-526726-1779355900049","segments":2,"total_bytes":43230,"has_init":true},"target":"cove_replay_engine::segment::recovery"}
{"timestamp":"2026-05-23T03:34:48.491619Z","level":"INFO","fields":{"message":"discovered recoverable session","session_id":"pw-session-0000-526271-1779355835103","segments":15,"total_bytes":418751,"has_init":true},"target":"cove_replay_engine::segment::recovery"}
{"timestamp":"2026-05-23T03:34:48.491746Z","level":"INFO","fields":{"message":"discovered recoverable session","session_id":"pw-session-0000-488643-1779348732790","segments":15,"total_bytes":412854,"has_init":false},"target":"cove_replay_engine::segment::recovery"}
{"timestamp":"2026-05-23T03:34:48.491865Z","level":"INFO","fields":{"message":"discovered recoverable session","session_id":"pw-session-0000-488219-1779348704506","segments":15,"total_bytes":404771,"has_init":false},"target":"cove_replay_engine::segment::recovery"}
{"timestamp":"2026-05-23T03:34:48.491984Z","level":"INFO","fields":{"message":"discovered recoverable session","session_id":"pw-session-0000-487563-1779348634941","segments":15,"total_bytes":403920,"has_init":false},"target":"cove_replay_engine::segment::recovery"}
{"timestamp":"2026-05-23T03:34:48.492025Z","level":"INFO","fields":{"message":"discovered recoverable session","session_id":"pw-session-0000-487247-1779348630300","segments":2,"total_bytes":39923,"has_init":false},"target":"cove_replay_engine::segment::recovery"}
{"timestamp":"2026-05-23T03:34:48.492144Z","level":"INFO","fields":{"message":"discovered recoverable session","session_id":"pw-session-0000-486664-1779348565018","segments":15,"total_bytes":399094,"has_init":false},"target":"cove_replay_engine::segment::recovery"}
{"timestamp":"2026-05-23T03:34:48.492260Z","level":"INFO","fields":{"message":"discovered recoverable session","session_id":"pw-session-0000-448304-1779336085323","segments":15,"total_bytes":425927,"has_init":false},"target":"cove_replay_engine::segment::recovery"}
{"timestamp":"2026-05-23T03:34:48.492386Z","level":"INFO","fields":{"message":"discovered recoverable session","session_id":"pw-session-0000-447871-1779336055245","segments":15,"total_bytes":422570,"has_init":false},"target":"cove_replay_engine::segment::recovery"}
{"timestamp":"2026-05-23T03:34:48.492512Z","level":"INFO","fields":{"message":"discovered recoverable session","session_id":"pw-session-0000-447332-1779335985067","segments":15,"total_bytes":437816,"has_init":false},"target":"cove_replay_engine::segment::recovery"}
{"timestamp":"2026-05-23T03:34:48.492554Z","level":"INFO","fields":{"message":"discovered recoverable session","session_id":"pw-session-0000-447004-1779335975040","segments":2,"total_bytes":45438,"has_init":false},"target":"cove_replay_engine::segment::recovery"}
{"timestamp":"2026-05-23T03:34:48.492672Z","level":"INFO","fields":{"message":"discovered recoverable session","session_id":"pw-session-0000-446368-1779335904858","segments":15,"total_bytes":422563,"has_init":false},"target":"cove_replay_engine::segment::recovery"}
{"timestamp":"2026-05-23T03:34:48.492791Z","level":"INFO","fields":{"message":"discovered recoverable session","session_id":"pw-session-0000-433369-1779331848550","segments":15,"total_bytes":575246,"has_init":false},"target":"cove_replay_engine::segment::recovery"}
{"timestamp":"2026-05-23T03:34:48.492879Z","level":"INFO","fields":{"message":"discovered recoverable session","session_id":"pw-session-0000-306991-1779298114212","segments":1,"total_bytes":27641,"has_init":false},"target":"cove_replay_engine::segment::recovery"}
{"timestamp":"2026-05-23T03:34:48.492958Z","level":"INFO","fields":{"message":"discovered recoverable session","session_id":"pw-session-0000-276374-1779293632543","segments":1,"total_bytes":26277,"has_init":false},"target":"cove_replay_engine::segment::recovery"}
{"timestamp":"2026-05-23T03:34:48.493069Z","level":"INFO","fields":{"message":"discovered recoverable sessions from prior crash","count":62},"target":"cove_replay_engine::transport::server"}
{"timestamp":"2026-05-23T03:34:48.523766Z","level":"INFO","fields":{"message":"listening","socket":"/run/user/1000/cove-screen-recorder/engine.sock"},"target":"cove_replay_engine::transport::server"}
{"timestamp":"2026-05-23T03:34:50.355952Z","level":"INFO","fields":{"message":"engine.shutdown requested"},"target":"cove_replay_engine::transport::server"}
{"timestamp":"2026-05-23T03:34:50.355953Z","level":"INFO","fields":{"message":"shutdown signaled during dispatch, closing connection"},"target":"cove_replay_engine::transport::server"}
{"timestamp":"2026-05-23T03:36:31.674398Z","level":"INFO","fields":{"message":"cove-replay-engine started","version":"0.1.0","protocol_version":1},"target":"cove_replay_engine"}
{"timestamp":"2026-05-23T03:36:31.674757Z","level":"INFO","fields":{"message":"discovered recoverable session","session_id":"pw-session-0000-1057119-1779492633734","segments":10,"total_bytes":90123114,"has_init":true},"target":"cove_replay_engine::segment::recovery"}
{"timestamp":"2026-05-23T03:36:31.674862Z","level":"INFO","fields":{"message":"discovered recoverable session","session_id":"pw-session-0000-1057119-1779492537384","segments":10,"total_bytes":98487839,"has_init":true},"target":"cove_replay_engine::segment::recovery"}
{"timestamp":"2026-05-23T03:36:31.674926Z","level":"INFO","fields":{"message":"discovered recoverable session","session_id":"pw-session-0000-1057119-1779477397095","segments":5,"total_bytes":49361088,"has_init":true},"target":"cove_replay_engine::segment::recovery"}
{"timestamp":"2026-05-23T03:36:31.675028Z","level":"INFO","fields":{"message":"discovered recoverable session","session_id":"pw-session-0000-1057119-1779476237636","segments":11,"total_bytes":115817413,"has_init":true},"target":"cove_replay_engine::segment::recovery"}
{"timestamp":"2026-05-23T03:36:31.675064Z","level":"INFO","fields":{"message":"discovered recoverable session","session_id":"pw-session-0000-1057119-1779476067094","segments":1,"total_bytes":9608417,"has_init":true},"target":"cove_replay_engine::segment::recovery"}
{"timestamp":"2026-05-23T03:36:31.675128Z","level":"INFO","fields":{"message":"discovered recoverable session","session_id":"pw-session-0000-1057119-1779475770250","segments":6,"total_bytes":76988198,"has_init":true},"target":"cove_replay_engine::segment::recovery"}
{"timestamp":"2026-05-23T03:36:31.675206Z","level":"INFO","fields":{"message":"discovered recoverable session","session_id":"pw-session-0000-1057119-1779475745835","segments":8,"total_bytes":89227171,"has_init":true},"target":"cove_replay_engine::segment::recovery"}
{"timestamp":"2026-05-23T03:36:31.675270Z","level":"INFO","fields":{"message":"discovered recoverable session","session_id":"pw-session-0000-1057119-1779475121619","segments":6,"total_bytes":67485525,"has_init":true},"target":"cove_replay_engine::segment::recovery"}
{"timestamp":"2026-05-23T03:36:31.675366Z","level":"INFO","fields":{"message":"discovered recoverable session","session_id":"pw-session-0000-1057119-1779475066064","segments":11,"total_bytes":140147001,"has_init":true},"target":"cove_replay_engine::segment::recovery"}
{"timestamp":"2026-05-23T03:36:31.675462Z","level":"INFO","fields":{"message":"discovered recoverable session","session_id":"pw-session-0000-1057119-1779473142559","segments":11,"total_bytes":133153857,"has_init":true},"target":"cove_replay_engine::segment::recovery"}
{"timestamp":"2026-05-23T03:36:31.675566Z","level":"INFO","fields":{"message":"discovered recoverable session","session_id":"pw-session-0000-1057119-1779472730258","segments":11,"total_bytes":130243749,"has_init":true},"target":"cove_replay_engine::segment::recovery"}
{"timestamp":"2026-05-23T03:36:31.675674Z","level":"INFO","fields":{"message":"discovered recoverable session","session_id":"pw-session-0000-754390-1779416974675","segments":13,"total_bytes":7735032,"has_init":true},"target":"cove_replay_engine::segment::recovery"}
{"timestamp":"2026-05-23T03:36:31.675756Z","level":"INFO","fields":{"message":"discovered recoverable session","session_id":"pw-session-0000-753847-1779416924536","segments":8,"total_bytes":4387820,"has_init":true},"target":"cove_replay_engine::segment::recovery"}
{"timestamp":"2026-05-23T03:36:31.675867Z","level":"INFO","fields":{"message":"discovered recoverable session","session_id":"pw-session-0000-753362-1779416844334","segments":13,"total_bytes":7581671,"has_init":true},"target":"cove_replay_engine::segment::recovery"}
{"timestamp":"2026-05-23T03:36:31.675984Z","level":"INFO","fields":{"message":"discovered recoverable session","session_id":"pw-session-0000-752878-1779416764121","segments":13,"total_bytes":7827319,"has_init":true},"target":"cove_replay_engine::segment::recovery"}
{"timestamp":"2026-05-23T03:36:31.676090Z","level":"INFO","fields":{"message":"discovered recoverable session","session_id":"pw-session-0000-752341-1779416683915","segments":13,"total_bytes":7820797,"has_init":true},"target":"cove_replay_engine::segment::recovery"}
{"timestamp":"2026-05-23T03:36:31.676194Z","level":"INFO","fields":{"message":"discovered recoverable session","session_id":"pw-session-0000-751943-1779416653839","segments":11,"total_bytes":6326337,"has_init":true},"target":"cove_replay_engine::segment::recovery"}
{"timestamp":"2026-05-23T03:36:31.676310Z","level":"INFO","fields":{"message":"discovered recoverable session","session_id":"pw-session-0000-751435-1779416579402","segments":14,"total_bytes":8295900,"has_init":true},"target":"cove_replay_engine::segment::recovery"}
{"timestamp":"2026-05-23T03:36:31.676346Z","level":"INFO","fields":{"message":"discovered recoverable session","session_id":"pw-session-0000-751088-1779416573633","segments":1,"total_bytes":102474,"has_init":true},"target":"cove_replay_engine::segment::recovery"}
{"timestamp":"2026-05-23T03:36:31.676456Z","level":"INFO","fields":{"message":"discovered recoverable session","session_id":"pw-session-0000-750649-1779416503463","segments":14,"total_bytes":8232916,"has_init":true},"target":"cove_replay_engine::segment::recovery"}
{"timestamp":"2026-05-23T03:36:31.676556Z","level":"INFO","fields":{"message":"discovered recoverable session","session_id":"pw-session-0000-740080-1779414668701","segments":12,"total_bytes":11591167,"has_init":true},"target":"cove_replay_engine::segment::recovery"}
{"timestamp":"2026-05-23T03:36:31.676649Z","level":"INFO","fields":{"message":"discovered recoverable session","session_id":"pw-session-0000-739490-1779414588489","segments":11,"total_bytes":11164551,"has_init":true},"target":"cove_replay_engine::segment::recovery"}
{"timestamp":"2026-05-23T03:36:31.676736Z","level":"INFO","fields":{"message":"discovered recoverable session","session_id":"pw-session-0000-739103-1779414558410","segments":10,"total_bytes":9430747,"has_init":true},"target":"cove_replay_engine::segment::recovery"}
{"timestamp":"2026-05-23T03:36:31.676834Z","level":"INFO","fields":{"message":"discovered recoverable session","session_id":"pw-session-0000-738664-1779414489111","segments":12,"total_bytes":11699332,"has_init":true},"target":"cove_replay_engine::segment::recovery"}
{"timestamp":"2026-05-23T03:36:31.676914Z","level":"INFO","fields":{"message":"discovered recoverable session","session_id":"pw-session-0000-716688-1779409301653","segments":8,"total_bytes":4480783,"has_init":true},"target":"cove_replay_engine::segment::recovery"}
{"timestamp":"2026-05-23T03:36:31.677024Z","level":"INFO","fields":{"message":"discovered recoverable session","session_id":"pw-session-0000-716124-1779409221448","segments":13,"total_bytes":7688949,"has_init":true},"target":"cove_replay_engine::segment::recovery"}
{"timestamp":"2026-05-23T03:36:31.677132Z","level":"INFO","fields":{"message":"discovered recoverable session","session_id":"pw-session-0000-715675-1779409141240","segments":13,"total_bytes":7964648,"has_init":true},"target":"cove_replay_engine::segment::recovery"}
{"timestamp":"2026-05-23T03:36:31.677237Z","level":"INFO","fields":{"message":"discovered recoverable session","session_id":"pw-session-0000-715118-1779409061034","segments":13,"total_bytes":7902025,"has_init":true},"target":"cove_replay_engine::segment::recovery"}
{"timestamp":"2026-05-23T03:36:31.677331Z","level":"INFO","fields":{"message":"discovered recoverable session","session_id":"pw-session-0000-714649-1779409034565","segments":11,"total_bytes":17935855,"has_init":true},"target":"cove_replay_engine::segment::recovery"}
{"timestamp":"2026-05-23T03:36:31.677433Z","level":"INFO","fields":{"message":"discovered recoverable session","session_id":"pw-session-0000-695577-1779404288875","segments":13,"total_bytes":8178368,"has_init":true},"target":"cove_replay_engine::segment::recovery"}
{"timestamp":"2026-05-23T03:36:31.677539Z","level":"INFO","fields":{"message":"discovered recoverable session","session_id":"pw-session-0000-695069-1779404208668","segments":13,"total_bytes":8161214,"has_init":true},"target":"cove_replay_engine::segment::recovery"}
{"timestamp":"2026-05-23T03:36:31.677632Z","level":"INFO","fields":{"message":"discovered recoverable session","session_id":"pw-session-0000-694672-1779404178591","segments":11,"total_bytes":6542218,"has_init":true},"target":"cove_replay_engine::segment::recovery"}
{"timestamp":"2026-05-23T03:36:31.677741Z","level":"INFO","fields":{"message":"discovered recoverable session","session_id":"pw-session-0000-694166-1779404108410","segments":14,"total_bytes":8600787,"has_init":true},"target":"cove_replay_engine::segment::recovery"}
{"timestamp":"2026-05-23T03:36:31.677777Z","level":"INFO","fields":{"message":"discovered recoverable session","session_id":"pw-session-0000-693815-1779404098386","segments":1,"total_bytes":107650,"has_init":true},"target":"cove_replay_engine::segment::recovery"}
{"timestamp":"2026-05-23T03:36:31.677886Z","level":"INFO","fields":{"message":"discovered recoverable session","session_id":"pw-session-0000-693401-1779404028207","segments":14,"total_bytes":8573649,"has_init":true},"target":"cove_replay_engine::segment::recovery"}
{"timestamp":"2026-05-23T03:36:31.677999Z","level":"INFO","fields":{"message":"discovered recoverable session","session_id":"pw-session-0000-675650-1779400717058","segments":14,"total_bytes":16644797,"has_init":true},"target":"cove_replay_engine::segment::recovery"}
{"timestamp":"2026-05-23T03:36:31.678110Z","level":"INFO","fields":{"message":"discovered recoverable session","session_id":"pw-session-0000-648824-1779394387663","segments":14,"total_bytes":8148620,"has_init":true},"target":"cove_replay_engine::segment::recovery"}
{"timestamp":"2026-05-23T03:36:31.678230Z","level":"INFO","fields":{"message":"discovered recoverable session","session_id":"pw-session-0000-621683-1779389638096","segments":15,"total_bytes":579071,"has_init":true},"target":"cove_replay_engine::segment::recovery"}
{"timestamp":"2026-05-23T03:36:31.678348Z","level":"INFO","fields":{"message":"discovered recoverable session","session_id":"pw-session-0000-620990-1779389547392","segments":15,"total_bytes":598469,"has_init":true},"target":"cove_replay_engine::segment::recovery"}
{"timestamp":"2026-05-23T03:36:31.678465Z","level":"INFO","fields":{"message":"discovered recoverable session","session_id":"pw-session-0000-608326-1779388063854","segments":15,"total_bytes":401584,"has_init":true},"target":"cove_replay_engine::segment::recovery"}
{"timestamp":"2026-05-23T03:36:31.678579Z","level":"INFO","fields":{"message":"discovered recoverable session","session_id":"pw-session-0000-607862-1779388033780","segments":15,"total_bytes":405806,"has_init":true},"target":"cove_replay_engine::segment::recovery"}
{"timestamp":"2026-05-23T03:36:31.678699Z","level":"INFO","fields":{"message":"discovered recoverable session","session_id":"pw-session-0000-607111-1779387960158","segments":15,"total_bytes":412469,"has_init":true},"target":"cove_replay_engine::segment::recovery"}
{"timestamp":"2026-05-23T03:36:31.678740Z","level":"INFO","fields":{"message":"discovered recoverable session","session_id":"pw-session-0000-606777-1779387953570","segments":2,"total_bytes":45252,"has_init":true},"target":"cove_replay_engine::segment::recovery"}
{"timestamp":"2026-05-23T03:36:31.678859Z","level":"INFO","fields":{"message":"discovered recoverable session","session_id":"pw-session-0000-606152-1779387883404","segments":15,"total_bytes":409834,"has_init":true},"target":"cove_replay_engine::segment::recovery"}
{"timestamp":"2026-05-23T03:36:31.678980Z","level":"INFO","fields":{"message":"discovered recoverable session","session_id":"pw-session-0000-528209-1779356005542","segments":15,"total_bytes":399575,"has_init":true},"target":"cove_replay_engine::segment::recovery"}
{"timestamp":"2026-05-23T03:36:31.679097Z","level":"INFO","fields":{"message":"discovered recoverable session","session_id":"pw-session-0000-527769-1779355975464","segments":15,"total_bytes":396353,"has_init":true},"target":"cove_replay_engine::segment::recovery"}
{"timestamp":"2026-05-23T03:36:31.679212Z","level":"INFO","fields":{"message":"discovered recoverable session","session_id":"pw-session-0000-527039-1779355904528","segments":15,"total_bytes":399909,"has_init":true},"target":"cove_replay_engine::segment::recovery"}
{"timestamp":"2026-05-23T03:36:31.679251Z","level":"INFO","fields":{"message":"discovered recoverable session","session_id":"pw-session-0000-526726-1779355900049","segments":2,"total_bytes":43230,"has_init":true},"target":"cove_replay_engine::segment::recovery"}
{"timestamp":"2026-05-23T03:36:31.679367Z","level":"INFO","fields":{"message":"discovered recoverable session","session_id":"pw-session-0000-526271-1779355835103","segments":15,"total_bytes":418751,"has_init":true},"target":"cove_replay_engine::segment::recovery"}
{"timestamp":"2026-05-23T03:36:31.679493Z","level":"INFO","fields":{"message":"discovered recoverable session","session_id":"pw-session-0000-488643-1779348732790","segments":15,"total_bytes":412854,"has_init":false},"target":"cove_replay_engine::segment::recovery"}
{"timestamp":"2026-05-23T03:36:31.679621Z","level":"INFO","fields":{"message":"discovered recoverable session","session_id":"pw-session-0000-488219-1779348704506","segments":15,"total_bytes":404771,"has_init":false},"target":"cove_replay_engine::segment::recovery"}
{"timestamp":"2026-05-23T03:36:31.679746Z","level":"INFO","fields":{"message":"discovered recoverable session","session_id":"pw-session-0000-487563-1779348634941","segments":15,"total_bytes":403920,"has_init":false},"target":"cove_replay_engine::segment::recovery"}
{"timestamp":"2026-05-23T03:36:31.679787Z","level":"INFO","fields":{"message":"discovered recoverable session","session_id":"pw-session-0000-487247-1779348630300","segments":2,"total_bytes":39923,"has_init":false},"target":"cove_replay_engine::segment::recovery"}
{"timestamp":"2026-05-23T03:36:31.679907Z","level":"INFO","fields":{"message":"discovered recoverable session","session_id":"pw-session-0000-486664-1779348565018","segments":15,"total_bytes":399094,"has_init":false},"target":"cove_replay_engine::segment::recovery"}
{"timestamp":"2026-05-23T03:36:31.680028Z","level":"INFO","fields":{"message":"discovered recoverable session","session_id":"pw-session-0000-448304-1779336085323","segments":15,"total_bytes":425927,"has_init":false},"target":"cove_replay_engine::segment::recovery"}
{"timestamp":"2026-05-23T03:36:31.680144Z","level":"INFO","fields":{"message":"discovered recoverable session","session_id":"pw-session-0000-447871-1779336055245","segments":15,"total_bytes":422570,"has_init":false},"target":"cove_replay_engine::segment::recovery"}
{"timestamp":"2026-05-23T03:36:31.680264Z","level":"INFO","fields":{"message":"discovered recoverable session","session_id":"pw-session-0000-447332-1779335985067","segments":15,"total_bytes":437816,"has_init":false},"target":"cove_replay_engine::segment::recovery"}
{"timestamp":"2026-05-23T03:36:31.680304Z","level":"INFO","fields":{"message":"discovered recoverable session","session_id":"pw-session-0000-447004-1779335975040","segments":2,"total_bytes":45438,"has_init":false},"target":"cove_replay_engine::segment::recovery"}
{"timestamp":"2026-05-23T03:36:31.680421Z","level":"INFO","fields":{"message":"discovered recoverable session","session_id":"pw-session-0000-446368-1779335904858","segments":15,"total_bytes":422563,"has_init":false},"target":"cove_replay_engine::segment::recovery"}
{"timestamp":"2026-05-23T03:36:31.680538Z","level":"INFO","fields":{"message":"discovered recoverable session","session_id":"pw-session-0000-433369-1779331848550","segments":15,"total_bytes":575246,"has_init":false},"target":"cove_replay_engine::segment::recovery"}
{"timestamp":"2026-05-23T03:36:31.680613Z","level":"INFO","fields":{"message":"discovered recoverable session","session_id":"pw-session-0000-306991-1779298114212","segments":1,"total_bytes":27641,"has_init":false},"target":"cove_replay_engine::segment::recovery"}
{"timestamp":"2026-05-23T03:36:31.680687Z","level":"INFO","fields":{"message":"discovered recoverable session","session_id":"pw-session-0000-276374-1779293632543","segments":1,"total_bytes":26277,"has_init":false},"target":"cove_replay_engine::segment::recovery"}
{"timestamp":"2026-05-23T03:36:31.680797Z","level":"INFO","fields":{"message":"discovered recoverable sessions from prior crash","count":62},"target":"cove_replay_engine::transport::server"}
{"timestamp":"2026-05-23T03:36:31.710313Z","level":"INFO","fields":{"message":"listening","socket":"/run/user/1000/cove-screen-recorder/engine.sock"},"target":"cove_replay_engine::transport::server"}
{"timestamp":"2026-05-23T03:37:56.583515Z","level":"INFO","fields":{"message":"engine.shutdown requested"},"target":"cove_replay_engine::transport::server"}
{"timestamp":"2026-05-23T03:37:56.583507Z","level":"INFO","fields":{"message":"shutdown signaled during dispatch, closing connection"},"target":"cove_replay_engine::transport::server"}
{"timestamp":"2026-05-23T03:37:58.592732Z","level":"INFO","fields":{"message":"cove-replay-engine started","version":"0.1.0","protocol_version":1},"target":"cove_replay_engine"}
{"timestamp":"2026-05-23T03:37:58.593101Z","level":"INFO","fields":{"message":"discovered recoverable session","session_id":"pw-session-0000-1057119-1779492633734","segments":10,"total_bytes":90123114,"has_init":true},"target":"cove_replay_engine::segment::recovery"}
{"timestamp":"2026-05-23T03:37:58.593231Z","level":"INFO","fields":{"message":"discovered recoverable session","session_id":"pw-session-0000-1057119-1779492537384","segments":10,"total_bytes":98487839,"has_init":true},"target":"cove_replay_engine::segment::recovery"}
{"timestamp":"2026-05-23T03:37:58.593313Z","level":"INFO","fields":{"message":"discovered recoverable session","session_id":"pw-session-0000-1057119-1779477397095","segments":5,"total_bytes":49361088,"has_init":true},"target":"cove_replay_engine::segment::recovery"}
{"timestamp":"2026-05-23T03:37:58.593444Z","level":"INFO","fields":{"message":"discovered recoverable session","session_id":"pw-session-0000-1057119-1779476237636","segments":11,"total_bytes":115817413,"has_init":true},"target":"cove_replay_engine::segment::recovery"}
{"timestamp":"2026-05-23T03:37:58.593497Z","level":"INFO","fields":{"message":"discovered recoverable session","session_id":"pw-session-0000-1057119-1779476067094","segments":1,"total_bytes":9608417,"has_init":true},"target":"cove_replay_engine::segment::recovery"}
{"timestamp":"2026-05-23T03:37:58.593578Z","level":"INFO","fields":{"message":"discovered recoverable session","session_id":"pw-session-0000-1057119-1779475770250","segments":6,"total_bytes":76988198,"has_init":true},"target":"cove_replay_engine::segment::recovery"}
{"timestamp":"2026-05-23T03:37:58.593683Z","level":"INFO","fields":{"message":"discovered recoverable session","session_id":"pw-session-0000-1057119-1779475745835","segments":8,"total_bytes":89227171,"has_init":true},"target":"cove_replay_engine::segment::recovery"}
{"timestamp":"2026-05-23T03:37:58.593765Z","level":"INFO","fields":{"message":"discovered recoverable session","session_id":"pw-session-0000-1057119-1779475121619","segments":6,"total_bytes":67485525,"has_init":true},"target":"cove_replay_engine::segment::recovery"}
{"timestamp":"2026-05-23T03:37:58.593881Z","level":"INFO","fields":{"message":"discovered recoverable session","session_id":"pw-session-0000-1057119-1779475066064","segments":11,"total_bytes":140147001,"has_init":true},"target":"cove_replay_engine::segment::recovery"}
{"timestamp":"2026-05-23T03:37:58.593996Z","level":"INFO","fields":{"message":"discovered recoverable session","session_id":"pw-session-0000-1057119-1779473142559","segments":11,"total_bytes":133153857,"has_init":true},"target":"cove_replay_engine::segment::recovery"}
{"timestamp":"2026-05-23T03:37:58.594111Z","level":"INFO","fields":{"message":"discovered recoverable session","session_id":"pw-session-0000-1057119-1779472730258","segments":11,"total_bytes":130243749,"has_init":true},"target":"cove_replay_engine::segment::recovery"}
{"timestamp":"2026-05-23T03:37:58.594236Z","level":"INFO","fields":{"message":"discovered recoverable session","session_id":"pw-session-0000-754390-1779416974675","segments":13,"total_bytes":7735032,"has_init":true},"target":"cove_replay_engine::segment::recovery"}
{"timestamp":"2026-05-23T03:37:58.594330Z","level":"INFO","fields":{"message":"discovered recoverable session","session_id":"pw-session-0000-753847-1779416924536","segments":8,"total_bytes":4387820,"has_init":true},"target":"cove_replay_engine::segment::recovery"}
{"timestamp":"2026-05-23T03:37:58.594456Z","level":"INFO","fields":{"message":"discovered recoverable session","session_id":"pw-session-0000-753362-1779416844334","segments":13,"total_bytes":7581671,"has_init":true},"target":"cove_replay_engine::segment::recovery"}
{"timestamp":"2026-05-23T03:37:58.594590Z","level":"INFO","fields":{"message":"discovered recoverable session","session_id":"pw-session-0000-752878-1779416764121","segments":13,"total_bytes":7827319,"has_init":true},"target":"cove_replay_engine::segment::recovery"}
{"timestamp":"2026-05-23T03:37:58.594720Z","level":"INFO","fields":{"message":"discovered recoverable session","session_id":"pw-session-0000-752341-1779416683915","segments":13,"total_bytes":7820797,"has_init":true},"target":"cove_replay_engine::segment::recovery"}
{"timestamp":"2026-05-23T03:37:58.594838Z","level":"INFO","fields":{"message":"discovered recoverable session","session_id":"pw-session-0000-751943-1779416653839","segments":11,"total_bytes":6326337,"has_init":true},"target":"cove_replay_engine::segment::recovery"}
{"timestamp":"2026-05-23T03:37:58.594980Z","level":"INFO","fields":{"message":"discovered recoverable session","session_id":"pw-session-0000-751435-1779416579402","segments":14,"total_bytes":8295900,"has_init":true},"target":"cove_replay_engine::segment::recovery"}
{"timestamp":"2026-05-23T03:37:58.595020Z","level":"INFO","fields":{"message":"discovered recoverable session","session_id":"pw-session-0000-751088-1779416573633","segments":1,"total_bytes":102474,"has_init":true},"target":"cove_replay_engine::segment::recovery"}
{"timestamp":"2026-05-23T03:37:58.595170Z","level":"INFO","fields":{"message":"discovered recoverable session","session_id":"pw-session-0000-750649-1779416503463","segments":14,"total_bytes":8232916,"has_init":true},"target":"cove_replay_engine::segment::recovery"}
{"timestamp":"2026-05-23T03:37:58.595324Z","level":"INFO","fields":{"message":"discovered recoverable session","session_id":"pw-session-0000-740080-1779414668701","segments":12,"total_bytes":11591167,"has_init":true},"target":"cove_replay_engine::segment::recovery"}
{"timestamp":"2026-05-23T03:37:58.595471Z","level":"INFO","fields":{"message":"discovered recoverable session","session_id":"pw-session-0000-739490-1779414588489","segments":11,"total_bytes":11164551,"has_init":true},"target":"cove_replay_engine::segment::recovery"}
{"timestamp":"2026-05-23T03:37:58.595614Z","level":"INFO","fields":{"message":"discovered recoverable session","session_id":"pw-session-0000-739103-1779414558410","segments":10,"total_bytes":9430747,"has_init":true},"target":"cove_replay_engine::segment::recovery"}
{"timestamp":"2026-05-23T03:37:58.595772Z","level":"INFO","fields":{"message":"discovered recoverable session","session_id":"pw-session-0000-738664-1779414489111","segments":12,"total_bytes":11699332,"has_init":true},"target":"cove_replay_engine::segment::recovery"}
{"timestamp":"2026-05-23T03:37:58.595911Z","level":"INFO","fields":{"message":"discovered recoverable session","session_id":"pw-session-0000-716688-1779409301653","segments":8,"total_bytes":4480783,"has_init":true},"target":"cove_replay_engine::segment::recovery"}
{"timestamp":"2026-05-23T03:37:58.596080Z","level":"INFO","fields":{"message":"discovered recoverable session","session_id":"pw-session-0000-716124-1779409221448","segments":13,"total_bytes":7688949,"has_init":true},"target":"cove_replay_engine::segment::recovery"}
{"timestamp":"2026-05-23T03:37:58.596257Z","level":"INFO","fields":{"message":"discovered recoverable session","session_id":"pw-session-0000-715675-1779409141240","segments":13,"total_bytes":7964648,"has_init":true},"target":"cove_replay_engine::segment::recovery"}
{"timestamp":"2026-05-23T03:37:58.596417Z","level":"INFO","fields":{"message":"discovered recoverable session","session_id":"pw-session-0000-715118-1779409061034","segments":13,"total_bytes":7902025,"has_init":true},"target":"cove_replay_engine::segment::recovery"}
{"timestamp":"2026-05-23T03:37:58.596535Z","level":"INFO","fields":{"message":"discovered recoverable session","session_id":"pw-session-0000-714649-1779409034565","segments":11,"total_bytes":17935855,"has_init":true},"target":"cove_replay_engine::segment::recovery"}
{"timestamp":"2026-05-23T03:37:58.596652Z","level":"INFO","fields":{"message":"discovered recoverable session","session_id":"pw-session-0000-695577-1779404288875","segments":13,"total_bytes":8178368,"has_init":true},"target":"cove_replay_engine::segment::recovery"}
{"timestamp":"2026-05-23T03:37:58.596792Z","level":"INFO","fields":{"message":"discovered recoverable session","session_id":"pw-session-0000-695069-1779404208668","segments":13,"total_bytes":8161214,"has_init":true},"target":"cove_replay_engine::segment::recovery"}
{"timestamp":"2026-05-23T03:37:58.596911Z","level":"INFO","fields":{"message":"discovered recoverable session","session_id":"pw-session-0000-694672-1779404178591","segments":11,"total_bytes":6542218,"has_init":true},"target":"cove_replay_engine::segment::recovery"}
{"timestamp":"2026-05-23T03:37:58.597039Z","level":"INFO","fields":{"message":"discovered recoverable session","session_id":"pw-session-0000-694166-1779404108410","segments":14,"total_bytes":8600787,"has_init":true},"target":"cove_replay_engine::segment::recovery"}
{"timestamp":"2026-05-23T03:37:58.597082Z","level":"INFO","fields":{"message":"discovered recoverable session","session_id":"pw-session-0000-693815-1779404098386","segments":1,"total_bytes":107650,"has_init":true},"target":"cove_replay_engine::segment::recovery"}
{"timestamp":"2026-05-23T03:37:58.597206Z","level":"INFO","fields":{"message":"discovered recoverable session","session_id":"pw-session-0000-693401-1779404028207","segments":14,"total_bytes":8573649,"has_init":true},"target":"cove_replay_engine::segment::recovery"}
{"timestamp":"2026-05-23T03:37:58.597343Z","level":"INFO","fields":{"message":"discovered recoverable session","session_id":"pw-session-0000-675650-1779400717058","segments":14,"total_bytes":16644797,"has_init":true},"target":"cove_replay_engine::segment::recovery"}
{"timestamp":"2026-05-23T03:37:58.597482Z","level":"INFO","fields":{"message":"discovered recoverable session","session_id":"pw-session-0000-648824-1779394387663","segments":14,"total_bytes":8148620,"has_init":true},"target":"cove_replay_engine::segment::recovery"}
{"timestamp":"2026-05-23T03:37:58.597624Z","level":"INFO","fields":{"message":"discovered recoverable session","session_id":"pw-session-0000-621683-1779389638096","segments":15,"total_bytes":579071,"has_init":true},"target":"cove_replay_engine::segment::recovery"}
{"timestamp":"2026-05-23T03:37:58.597758Z","level":"INFO","fields":{"message":"discovered recoverable session","session_id":"pw-session-0000-620990-1779389547392","segments":15,"total_bytes":598469,"has_init":true},"target":"cove_replay_engine::segment::recovery"}
{"timestamp":"2026-05-23T03:37:58.597910Z","level":"INFO","fields":{"message":"discovered recoverable session","session_id":"pw-session-0000-608326-1779388063854","segments":15,"total_bytes":401584,"has_init":true},"target":"cove_replay_engine::segment::recovery"}
{"timestamp":"2026-05-23T03:37:58.598044Z","level":"INFO","fields":{"message":"discovered recoverable session","session_id":"pw-session-0000-607862-1779388033780","segments":15,"total_bytes":405806,"has_init":true},"target":"cove_replay_engine::segment::recovery"}
{"timestamp":"2026-05-23T03:37:58.598175Z","level":"INFO","fields":{"message":"discovered recoverable session","session_id":"pw-session-0000-607111-1779387960158","segments":15,"total_bytes":412469,"has_init":true},"target":"cove_replay_engine::segment::recovery"}
{"timestamp":"2026-05-23T03:37:58.598220Z","level":"INFO","fields":{"message":"discovered recoverable session","session_id":"pw-session-0000-606777-1779387953570","segments":2,"total_bytes":45252,"has_init":true},"target":"cove_replay_engine::segment::recovery"}
{"timestamp":"2026-05-23T03:37:58.598357Z","level":"INFO","fields":{"message":"discovered recoverable session","session_id":"pw-session-0000-606152-1779387883404","segments":15,"total_bytes":409834,"has_init":true},"target":"cove_replay_engine::segment::recovery"}
{"timestamp":"2026-05-23T03:37:58.598491Z","level":"INFO","fields":{"message":"discovered recoverable session","session_id":"pw-session-0000-528209-1779356005542","segments":15,"total_bytes":399575,"has_init":true},"target":"cove_replay_engine::segment::recovery"}
{"timestamp":"2026-05-23T03:37:58.598640Z","level":"INFO","fields":{"message":"discovered recoverable session","session_id":"pw-session-0000-527769-1779355975464","segments":15,"total_bytes":396353,"has_init":true},"target":"cove_replay_engine::segment::recovery"}
{"timestamp":"2026-05-23T03:37:58.598813Z","level":"INFO","fields":{"message":"discovered recoverable session","session_id":"pw-session-0000-527039-1779355904528","segments":15,"total_bytes":399909,"has_init":true},"target":"cove_replay_engine::segment::recovery"}
{"timestamp":"2026-05-23T03:37:58.598886Z","level":"INFO","fields":{"message":"discovered recoverable session","session_id":"pw-session-0000-526726-1779355900049","segments":2,"total_bytes":43230,"has_init":true},"target":"cove_replay_engine::segment::recovery"}
{"timestamp":"2026-05-23T03:37:58.599022Z","level":"INFO","fields":{"message":"discovered recoverable session","session_id":"pw-session-0000-526271-1779355835103","segments":15,"total_bytes":418751,"has_init":true},"target":"cove_replay_engine::segment::recovery"}
{"timestamp":"2026-05-23T03:37:58.599165Z","level":"INFO","fields":{"message":"discovered recoverable session","session_id":"pw-session-0000-488643-1779348732790","segments":15,"total_bytes":412854,"has_init":false},"target":"cove_replay_engine::segment::recovery"}
{"timestamp":"2026-05-23T03:37:58.599345Z","level":"INFO","fields":{"message":"discovered recoverable session","session_id":"pw-session-0000-488219-1779348704506","segments":15,"total_bytes":404771,"has_init":false},"target":"cove_replay_engine::segment::recovery"}
{"timestamp":"2026-05-23T03:37:58.599481Z","level":"INFO","fields":{"message":"discovered recoverable session","session_id":"pw-session-0000-487563-1779348634941","segments":15,"total_bytes":403920,"has_init":false},"target":"cove_replay_engine::segment::recovery"}
{"timestamp":"2026-05-23T03:37:58.599581Z","level":"INFO","fields":{"message":"discovered recoverable session","session_id":"pw-session-0000-487247-1779348630300","segments":2,"total_bytes":39923,"has_init":false},"target":"cove_replay_engine::segment::recovery"}
{"timestamp":"2026-05-23T03:37:58.599726Z","level":"INFO","fields":{"message":"discovered recoverable session","session_id":"pw-session-0000-486664-1779348565018","segments":15,"total_bytes":399094,"has_init":false},"target":"cove_replay_engine::segment::recovery"}
{"timestamp":"2026-05-23T03:37:58.599856Z","level":"INFO","fields":{"message":"discovered recoverable session","session_id":"pw-session-0000-448304-1779336085323","segments":15,"total_bytes":425927,"has_init":false},"target":"cove_replay_engine::segment::recovery"}
{"timestamp":"2026-05-23T03:37:58.599989Z","level":"INFO","fields":{"message":"discovered recoverable session","session_id":"pw-session-0000-447871-1779336055245","segments":15,"total_bytes":422570,"has_init":false},"target":"cove_replay_engine::segment::recovery"}
{"timestamp":"2026-05-23T03:37:58.600120Z","level":"INFO","fields":{"message":"discovered recoverable session","session_id":"pw-session-0000-447332-1779335985067","segments":15,"total_bytes":437816,"has_init":false},"target":"cove_replay_engine::segment::recovery"}
{"timestamp":"2026-05-23T03:37:58.600165Z","level":"INFO","fields":{"message":"discovered recoverable session","session_id":"pw-session-0000-447004-1779335975040","segments":2,"total_bytes":45438,"has_init":false},"target":"cove_replay_engine::segment::recovery"}
{"timestamp":"2026-05-23T03:37:58.600401Z","level":"INFO","fields":{"message":"discovered recoverable session","session_id":"pw-session-0000-446368-1779335904858","segments":15,"total_bytes":422563,"has_init":false},"target":"cove_replay_engine::segment::recovery"}
{"timestamp":"2026-05-23T03:37:58.600536Z","level":"INFO","fields":{"message":"discovered recoverable session","session_id":"pw-session-0000-433369-1779331848550","segments":15,"total_bytes":575246,"has_init":false},"target":"cove_replay_engine::segment::recovery"}
{"timestamp":"2026-05-23T03:37:58.600744Z","level":"INFO","fields":{"message":"discovered recoverable session","session_id":"pw-session-0000-306991-1779298114212","segments":1,"total_bytes":27641,"has_init":false},"target":"cove_replay_engine::segment::recovery"}
{"timestamp":"2026-05-23T03:37:58.600829Z","level":"INFO","fields":{"message":"discovered recoverable session","session_id":"pw-session-0000-276374-1779293632543","segments":1,"total_bytes":26277,"has_init":false},"target":"cove_replay_engine::segment::recovery"}
{"timestamp":"2026-05-23T03:37:58.600951Z","level":"INFO","fields":{"message":"discovered recoverable sessions from prior crash","count":62},"target":"cove_replay_engine::transport::server"}
{"timestamp":"2026-05-23T03:37:58.633020Z","level":"INFO","fields":{"message":"listening","socket":"/run/user/1000/cove-screen-recorder/engine.sock"},"target":"cove_replay_engine::transport::server"}
{"timestamp":"2026-05-23T03:39:10.468661Z","level":"INFO","fields":{"message":"shutdown signaled during dispatch, closing connection"},"target":"cove_replay_engine::transport::server"}
{"timestamp":"2026-05-23T03:39:10.468660Z","level":"INFO","fields":{"message":"engine.shutdown requested"},"target":"cove_replay_engine::transport::server"}
{"timestamp":"2026-05-23T03:39:12.476614Z","level":"INFO","fields":{"message":"cove-replay-engine started","version":"0.1.0","protocol_version":1},"target":"cove_replay_engine"}
{"timestamp":"2026-05-23T03:39:12.476940Z","level":"INFO","fields":{"message":"discovered recoverable session","session_id":"pw-session-0000-1057119-1779492633734","segments":10,"total_bytes":90123114,"has_init":true},"target":"cove_replay_engine::segment::recovery"}
{"timestamp":"2026-05-23T03:39:12.477045Z","level":"INFO","fields":{"message":"discovered recoverable session","session_id":"pw-session-0000-1057119-1779492537384","segments":10,"total_bytes":98487839,"has_init":true},"target":"cove_replay_engine::segment::recovery"}
{"timestamp":"2026-05-23T03:39:12.477107Z","level":"INFO","fields":{"message":"discovered recoverable session","session_id":"pw-session-0000-1057119-1779477397095","segments":5,"total_bytes":49361088,"has_init":true},"target":"cove_replay_engine::segment::recovery"}
{"timestamp":"2026-05-23T03:39:12.477208Z","level":"INFO","fields":{"message":"discovered recoverable session","session_id":"pw-session-0000-1057119-1779476237636","segments":11,"total_bytes":115817413,"has_init":true},"target":"cove_replay_engine::segment::recovery"}
{"timestamp":"2026-05-23T03:39:12.477244Z","level":"INFO","fields":{"message":"discovered recoverable session","session_id":"pw-session-0000-1057119-1779476067094","segments":1,"total_bytes":9608417,"has_init":true},"target":"cove_replay_engine::segment::recovery"}
{"timestamp":"2026-05-23T03:39:12.477310Z","level":"INFO","fields":{"message":"discovered recoverable session","session_id":"pw-session-0000-1057119-1779475770250","segments":6,"total_bytes":76988198,"has_init":true},"target":"cove_replay_engine::segment::recovery"}
{"timestamp":"2026-05-23T03:39:12.477386Z","level":"INFO","fields":{"message":"discovered recoverable session","session_id":"pw-session-0000-1057119-1779475745835","segments":8,"total_bytes":89227171,"has_init":true},"target":"cove_replay_engine::segment::recovery"}
{"timestamp":"2026-05-23T03:39:12.477449Z","level":"INFO","fields":{"message":"discovered recoverable session","session_id":"pw-session-0000-1057119-1779475121619","segments":6,"total_bytes":67485525,"has_init":true},"target":"cove_replay_engine::segment::recovery"}
{"timestamp":"2026-05-23T03:39:12.477543Z","level":"INFO","fields":{"message":"discovered recoverable session","session_id":"pw-session-0000-1057119-1779475066064","segments":11,"total_bytes":140147001,"has_init":true},"target":"cove_replay_engine::segment::recovery"}
{"timestamp":"2026-05-23T03:39:12.477638Z","level":"INFO","fields":{"message":"discovered recoverable session","session_id":"pw-session-0000-1057119-1779473142559","segments":11,"total_bytes":133153857,"has_init":true},"target":"cove_replay_engine::segment::recovery"}
{"timestamp":"2026-05-23T03:39:12.477732Z","level":"INFO","fields":{"message":"discovered recoverable session","session_id":"pw-session-0000-1057119-1779472730258","segments":11,"total_bytes":130243749,"has_init":true},"target":"cove_replay_engine::segment::recovery"}
{"timestamp":"2026-05-23T03:39:12.477836Z","level":"INFO","fields":{"message":"discovered recoverable session","session_id":"pw-session-0000-754390-1779416974675","segments":13,"total_bytes":7735032,"has_init":true},"target":"cove_replay_engine::segment::recovery"}
{"timestamp":"2026-05-23T03:39:12.477912Z","level":"INFO","fields":{"message":"discovered recoverable session","session_id":"pw-session-0000-753847-1779416924536","segments":8,"total_bytes":4387820,"has_init":true},"target":"cove_replay_engine::segment::recovery"}
{"timestamp":"2026-05-23T03:39:12.478016Z","level":"INFO","fields":{"message":"discovered recoverable session","session_id":"pw-session-0000-753362-1779416844334","segments":13,"total_bytes":7581671,"has_init":true},"target":"cove_replay_engine::segment::recovery"}
{"timestamp":"2026-05-23T03:39:12.478141Z","level":"INFO","fields":{"message":"discovered recoverable session","session_id":"pw-session-0000-752878-1779416764121","segments":13,"total_bytes":7827319,"has_init":true},"target":"cove_replay_engine::segment::recovery"}
{"timestamp":"2026-05-23T03:39:12.478253Z","level":"INFO","fields":{"message":"discovered recoverable session","session_id":"pw-session-0000-752341-1779416683915","segments":13,"total_bytes":7820797,"has_init":true},"target":"cove_replay_engine::segment::recovery"}
{"timestamp":"2026-05-23T03:39:12.478348Z","level":"INFO","fields":{"message":"discovered recoverable session","session_id":"pw-session-0000-751943-1779416653839","segments":11,"total_bytes":6326337,"has_init":true},"target":"cove_replay_engine::segment::recovery"}
{"timestamp":"2026-05-23T03:39:12.478457Z","level":"INFO","fields":{"message":"discovered recoverable session","session_id":"pw-session-0000-751435-1779416579402","segments":14,"total_bytes":8295900,"has_init":true},"target":"cove_replay_engine::segment::recovery"}
{"timestamp":"2026-05-23T03:39:12.478495Z","level":"INFO","fields":{"message":"discovered recoverable session","session_id":"pw-session-0000-751088-1779416573633","segments":1,"total_bytes":102474,"has_init":true},"target":"cove_replay_engine::segment::recovery"}
{"timestamp":"2026-05-23T03:39:12.478605Z","level":"INFO","fields":{"message":"discovered recoverable session","session_id":"pw-session-0000-750649-1779416503463","segments":14,"total_bytes":8232916,"has_init":true},"target":"cove_replay_engine::segment::recovery"}
{"timestamp":"2026-05-23T03:39:12.478704Z","level":"INFO","fields":{"message":"discovered recoverable session","session_id":"pw-session-0000-740080-1779414668701","segments":12,"total_bytes":11591167,"has_init":true},"target":"cove_replay_engine::segment::recovery"}
{"timestamp":"2026-05-23T03:39:12.478797Z","level":"INFO","fields":{"message":"discovered recoverable session","session_id":"pw-session-0000-739490-1779414588489","segments":11,"total_bytes":11164551,"has_init":true},"target":"cove_replay_engine::segment::recovery"}
{"timestamp":"2026-05-23T03:39:12.478883Z","level":"INFO","fields":{"message":"discovered recoverable session","session_id":"pw-session-0000-739103-1779414558410","segments":10,"total_bytes":9430747,"has_init":true},"target":"cove_replay_engine::segment::recovery"}
{"timestamp":"2026-05-23T03:39:12.478980Z","level":"INFO","fields":{"message":"discovered recoverable session","session_id":"pw-session-0000-738664-1779414489111","segments":12,"total_bytes":11699332,"has_init":true},"target":"cove_replay_engine::segment::recovery"}
{"timestamp":"2026-05-23T03:39:12.479069Z","level":"INFO","fields":{"message":"discovered recoverable session","session_id":"pw-session-0000-716688-1779409301653","segments":8,"total_bytes":4480783,"has_init":true},"target":"cove_replay_engine::segment::recovery"}
{"timestamp":"2026-05-23T03:39:12.479202Z","level":"INFO","fields":{"message":"discovered recoverable session","session_id":"pw-session-0000-716124-1779409221448","segments":13,"total_bytes":7688949,"has_init":true},"target":"cove_replay_engine::segment::recovery"}
{"timestamp":"2026-05-23T03:39:12.479320Z","level":"INFO","fields":{"message":"discovered recoverable session","session_id":"pw-session-0000-715675-1779409141240","segments":13,"total_bytes":7964648,"has_init":true},"target":"cove_replay_engine::segment::recovery"}
{"timestamp":"2026-05-23T03:39:12.479424Z","level":"INFO","fields":{"message":"discovered recoverable session","session_id":"pw-session-0000-715118-1779409061034","segments":13,"total_bytes":7902025,"has_init":true},"target":"cove_replay_engine::segment::recovery"}
{"timestamp":"2026-05-23T03:39:12.479545Z","level":"INFO","fields":{"message":"discovered recoverable session","session_id":"pw-session-0000-714649-1779409034565","segments":11,"total_bytes":17935855,"has_init":true},"target":"cove_replay_engine::segment::recovery"}
{"timestamp":"2026-05-23T03:39:12.479657Z","level":"INFO","fields":{"message":"discovered recoverable session","session_id":"pw-session-0000-695577-1779404288875","segments":13,"total_bytes":8178368,"has_init":true},"target":"cove_replay_engine::segment::recovery"}
{"timestamp":"2026-05-23T03:39:12.479800Z","level":"INFO","fields":{"message":"discovered recoverable session","session_id":"pw-session-0000-695069-1779404208668","segments":13,"total_bytes":8161214,"has_init":true},"target":"cove_replay_engine::segment::recovery"}
{"timestamp":"2026-05-23T03:39:12.479915Z","level":"INFO","fields":{"message":"discovered recoverable session","session_id":"pw-session-0000-694672-1779404178591","segments":11,"total_bytes":6542218,"has_init":true},"target":"cove_replay_engine::segment::recovery"}
{"timestamp":"2026-05-23T03:39:12.480044Z","level":"INFO","fields":{"message":"discovered recoverable session","session_id":"pw-session-0000-694166-1779404108410","segments":14,"total_bytes":8600787,"has_init":true},"target":"cove_replay_engine::segment::recovery"}
{"timestamp":"2026-05-23T03:39:12.480093Z","level":"INFO","fields":{"message":"discovered recoverable session","session_id":"pw-session-0000-693815-1779404098386","segments":1,"total_bytes":107650,"has_init":true},"target":"cove_replay_engine::segment::recovery"}
{"timestamp":"2026-05-23T03:39:12.480202Z","level":"INFO","fields":{"message":"discovered recoverable session","session_id":"pw-session-0000-693401-1779404028207","segments":14,"total_bytes":8573649,"has_init":true},"target":"cove_replay_engine::segment::recovery"}
{"timestamp":"2026-05-23T03:39:12.480316Z","level":"INFO","fields":{"message":"discovered recoverable session","session_id":"pw-session-0000-675650-1779400717058","segments":14,"total_bytes":16644797,"has_init":true},"target":"cove_replay_engine::segment::recovery"}
{"timestamp":"2026-05-23T03:39:12.480429Z","level":"INFO","fields":{"message":"discovered recoverable session","session_id":"pw-session-0000-648824-1779394387663","segments":14,"total_bytes":8148620,"has_init":true},"target":"cove_replay_engine::segment::recovery"}
{"timestamp":"2026-05-23T03:39:12.480554Z","level":"INFO","fields":{"message":"discovered recoverable session","session_id":"pw-session-0000-621683-1779389638096","segments":15,"total_bytes":579071,"has_init":true},"target":"cove_replay_engine::segment::recovery"}
{"timestamp":"2026-05-23T03:39:12.480693Z","level":"INFO","fields":{"message":"discovered recoverable session","session_id":"pw-session-0000-620990-1779389547392","segments":15,"total_bytes":598469,"has_init":true},"target":"cove_replay_engine::segment::recovery"}
{"timestamp":"2026-05-23T03:39:12.480847Z","level":"INFO","fields":{"message":"discovered recoverable session","session_id":"pw-session-0000-608326-1779388063854","segments":15,"total_bytes":401584,"has_init":true},"target":"cove_replay_engine::segment::recovery"}
{"timestamp":"2026-05-23T03:39:12.480974Z","level":"INFO","fields":{"message":"discovered recoverable session","session_id":"pw-session-0000-607862-1779388033780","segments":15,"total_bytes":405806,"has_init":true},"target":"cove_replay_engine::segment::recovery"}
{"timestamp":"2026-05-23T03:39:12.481094Z","level":"INFO","fields":{"message":"discovered recoverable session","session_id":"pw-session-0000-607111-1779387960158","segments":15,"total_bytes":412469,"has_init":true},"target":"cove_replay_engine::segment::recovery"}
{"timestamp":"2026-05-23T03:39:12.481136Z","level":"INFO","fields":{"message":"discovered recoverable session","session_id":"pw-session-0000-606777-1779387953570","segments":2,"total_bytes":45252,"has_init":true},"target":"cove_replay_engine::segment::recovery"}
{"timestamp":"2026-05-23T03:39:12.481264Z","level":"INFO","fields":{"message":"discovered recoverable session","session_id":"pw-session-0000-606152-1779387883404","segments":15,"total_bytes":409834,"has_init":true},"target":"cove_replay_engine::segment::recovery"}
{"timestamp":"2026-05-23T03:39:12.481439Z","level":"INFO","fields":{"message":"discovered recoverable session","session_id":"pw-session-0000-528209-1779356005542","segments":15,"total_bytes":399575,"has_init":true},"target":"cove_replay_engine::segment::recovery"}
{"timestamp":"2026-05-23T03:39:12.481586Z","level":"INFO","fields":{"message":"discovered recoverable session","session_id":"pw-session-0000-527769-1779355975464","segments":15,"total_bytes":396353,"has_init":true},"target":"cove_replay_engine::segment::recovery"}
{"timestamp":"2026-05-23T03:39:12.481710Z","level":"INFO","fields":{"message":"discovered recoverable session","session_id":"pw-session-0000-527039-1779355904528","segments":15,"total_bytes":399909,"has_init":true},"target":"cove_replay_engine::segment::recovery"}
{"timestamp":"2026-05-23T03:39:12.481750Z","level":"INFO","fields":{"message":"discovered recoverable session","session_id":"pw-session-0000-526726-1779355900049","segments":2,"total_bytes":43230,"has_init":true},"target":"cove_replay_engine::segment::recovery"}
{"timestamp":"2026-05-23T03:39:12.481864Z","level":"INFO","fields":{"message":"discovered recoverable session","session_id":"pw-session-0000-526271-1779355835103","segments":15,"total_bytes":418751,"has_init":true},"target":"cove_replay_engine::segment::recovery"}
{"timestamp":"2026-05-23T03:39:12.481991Z","level":"INFO","fields":{"message":"discovered recoverable session","session_id":"pw-session-0000-488643-1779348732790","segments":15,"total_bytes":412854,"has_init":false},"target":"cove_replay_engine::segment::recovery"}
{"timestamp":"2026-05-23T03:39:12.482110Z","level":"INFO","fields":{"message":"discovered recoverable session","session_id":"pw-session-0000-488219-1779348704506","segments":15,"total_bytes":404771,"has_init":false},"target":"cove_replay_engine::segment::recovery"}
{"timestamp":"2026-05-23T03:39:12.482227Z","level":"INFO","fields":{"message":"discovered recoverable session","session_id":"pw-session-0000-487563-1779348634941","segments":15,"total_bytes":403920,"has_init":false},"target":"cove_replay_engine::segment::recovery"}
{"timestamp":"2026-05-23T03:39:12.482267Z","level":"INFO","fields":{"message":"discovered recoverable session","session_id":"pw-session-0000-487247-1779348630300","segments":2,"total_bytes":39923,"has_init":false},"target":"cove_replay_engine::segment::recovery"}
{"timestamp":"2026-05-23T03:39:12.482400Z","level":"INFO","fields":{"message":"discovered recoverable session","session_id":"pw-session-0000-486664-1779348565018","segments":15,"total_bytes":399094,"has_init":false},"target":"cove_replay_engine::segment::recovery"}
{"timestamp":"2026-05-23T03:39:12.482514Z","level":"INFO","fields":{"message":"discovered recoverable session","session_id":"pw-session-0000-448304-1779336085323","segments":15,"total_bytes":425927,"has_init":false},"target":"cove_replay_engine::segment::recovery"}
{"timestamp":"2026-05-23T03:39:12.482648Z","level":"INFO","fields":{"message":"discovered recoverable session","session_id":"pw-session-0000-447871-1779336055245","segments":15,"total_bytes":422570,"has_init":false},"target":"cove_replay_engine::segment::recovery"}
{"timestamp":"2026-05-23T03:39:12.482776Z","level":"INFO","fields":{"message":"discovered recoverable session","session_id":"pw-session-0000-447332-1779335985067","segments":15,"total_bytes":437816,"has_init":false},"target":"cove_replay_engine::segment::recovery"}
{"timestamp":"2026-05-23T03:39:12.482817Z","level":"INFO","fields":{"message":"discovered recoverable session","session_id":"pw-session-0000-447004-1779335975040","segments":2,"total_bytes":45438,"has_init":false},"target":"cove_replay_engine::segment::recovery"}
{"timestamp":"2026-05-23T03:39:12.482943Z","level":"INFO","fields":{"message":"discovered recoverable session","session_id":"pw-session-0000-446368-1779335904858","segments":15,"total_bytes":422563,"has_init":false},"target":"cove_replay_engine::segment::recovery"}
{"timestamp":"2026-05-23T03:39:12.483061Z","level":"INFO","fields":{"message":"discovered recoverable session","session_id":"pw-session-0000-433369-1779331848550","segments":15,"total_bytes":575246,"has_init":false},"target":"cove_replay_engine::segment::recovery"}
{"timestamp":"2026-05-23T03:39:12.483137Z","level":"INFO","fields":{"message":"discovered recoverable session","session_id":"pw-session-0000-306991-1779298114212","segments":1,"total_bytes":27641,"has_init":false},"target":"cove_replay_engine::segment::recovery"}
{"timestamp":"2026-05-23T03:39:12.483210Z","level":"INFO","fields":{"message":"discovered recoverable session","session_id":"pw-session-0000-276374-1779293632543","segments":1,"total_bytes":26277,"has_init":false},"target":"cove_replay_engine::segment::recovery"}
{"timestamp":"2026-05-23T03:39:12.483319Z","level":"INFO","fields":{"message":"discovered recoverable sessions from prior crash","count":62},"target":"cove_replay_engine::transport::server"}
{"timestamp":"2026-05-23T03:39:12.512089Z","level":"INFO","fields":{"message":"listening","socket":"/run/user/1000/cove-screen-recorder/engine.sock"},"target":"cove_replay_engine::transport::server"}
{"timestamp":"2026-05-23T03:40:15.060838Z","level":"INFO","fields":{"message":"portal session established","session_id":"pw-session-0000-1158597-1779507615060","node_id":129},"target":"cove_replay_engine::capture::pipewire"}
{"timestamp":"2026-05-23T03:40:15.075861Z","level":"WARN","fields":{"message":"PW stream errored during DMA-BUF-only negotiation: no more input formats; triggering SHM-only fallback retry"},"target":"cove_replay_engine::capture::pipewire"}
{"timestamp":"2026-05-23T03:40:15.075938Z","level":"INFO","fields":{"message":"PW: DMA-BUF negotiation hard-failed; reconnecting with SHM-only fallback"},"target":"cove_replay_engine::capture::pipewire"}
{"timestamp":"2026-05-23T03:40:15.097696Z","level":"INFO","fields":{"message":"PW stream ready","session_id":"pw-session-0000-1158597-1779507615060","stream_id":"pw-stream-0000","width":3840,"height":2160,"fourcc":"XR24"},"target":"cove_replay_engine::capture::pipewire"}
{"timestamp":"2026-05-23T03:50:10.276965Z","level":"INFO","fields":{"message":"engine.shutdown requested"},"target":"cove_replay_engine::transport::server"}
{"timestamp":"2026-05-23T03:50:10.276962Z","level":"INFO","fields":{"message":"shutdown signaled during dispatch, closing connection"},"target":"cove_replay_engine::transport::server"}
{"timestamp":"2026-05-23T04:33:01.635247Z","level":"INFO","fields":{"message":"cove-replay-engine started","version":"0.1.0","protocol_version":1},"target":"cove_replay_engine"}
{"timestamp":"2026-05-23T04:33:01.635650Z","level":"INFO","fields":{"message":"discovered recoverable session","session_id":"pw-session-0000-1158597-1779507615060","segments":10,"total_bytes":83036681,"has_init":true},"target":"cove_replay_engine::segment::recovery"}
{"timestamp":"2026-05-23T04:33:01.635760Z","level":"INFO","fields":{"message":"discovered recoverable session","session_id":"pw-session-0000-1057119-1779492633734","segments":10,"total_bytes":90123114,"has_init":true},"target":"cove_replay_engine::segment::recovery"}
{"timestamp":"2026-05-23T04:33:01.635888Z","level":"INFO","fields":{"message":"discovered recoverable session","session_id":"pw-session-0000-1057119-1779492537384","segments":10,"total_bytes":98487839,"has_init":true},"target":"cove_replay_engine::segment::recovery"}
{"timestamp":"2026-05-23T04:33:01.635975Z","level":"INFO","fields":{"message":"discovered recoverable session","session_id":"pw-session-0000-1057119-1779477397095","segments":5,"total_bytes":49361088,"has_init":true},"target":"cove_replay_engine::segment::recovery"}
{"timestamp":"2026-05-23T04:33:01.636078Z","level":"INFO","fields":{"message":"discovered recoverable session","session_id":"pw-session-0000-1057119-1779476237636","segments":11,"total_bytes":115817413,"has_init":true},"target":"cove_replay_engine::segment::recovery"}
{"timestamp":"2026-05-23T04:33:01.636115Z","level":"INFO","fields":{"message":"discovered recoverable session","session_id":"pw-session-0000-1057119-1779476067094","segments":1,"total_bytes":9608417,"has_init":true},"target":"cove_replay_engine::segment::recovery"}
{"timestamp":"2026-05-23T04:33:01.636183Z","level":"INFO","fields":{"message":"discovered recoverable session","session_id":"pw-session-0000-1057119-1779475770250","segments":6,"total_bytes":76988198,"has_init":true},"target":"cove_replay_engine::segment::recovery"}
{"timestamp":"2026-05-23T04:33:01.636260Z","level":"INFO","fields":{"message":"discovered recoverable session","session_id":"pw-session-0000-1057119-1779475745835","segments":8,"total_bytes":89227171,"has_init":true},"target":"cove_replay_engine::segment::recovery"}
{"timestamp":"2026-05-23T04:33:01.636326Z","level":"INFO","fields":{"message":"discovered recoverable session","session_id":"pw-session-0000-1057119-1779475121619","segments":6,"total_bytes":67485525,"has_init":true},"target":"cove_replay_engine::segment::recovery"}
{"timestamp":"2026-05-23T04:33:01.636428Z","level":"INFO","fields":{"message":"discovered recoverable session","session_id":"pw-session-0000-1057119-1779475066064","segments":11,"total_bytes":140147001,"has_init":true},"target":"cove_replay_engine::segment::recovery"}
{"timestamp":"2026-05-23T04:33:01.636525Z","level":"INFO","fields":{"message":"discovered recoverable session","session_id":"pw-session-0000-1057119-1779473142559","segments":11,"total_bytes":133153857,"has_init":true},"target":"cove_replay_engine::segment::recovery"}
{"timestamp":"2026-05-23T04:33:01.636628Z","level":"INFO","fields":{"message":"discovered recoverable session","session_id":"pw-session-0000-1057119-1779472730258","segments":11,"total_bytes":130243749,"has_init":true},"target":"cove_replay_engine::segment::recovery"}
{"timestamp":"2026-05-23T04:33:01.636734Z","level":"INFO","fields":{"message":"discovered recoverable session","session_id":"pw-session-0000-754390-1779416974675","segments":13,"total_bytes":7735032,"has_init":true},"target":"cove_replay_engine::segment::recovery"}
{"timestamp":"2026-05-23T04:33:01.636809Z","level":"INFO","fields":{"message":"discovered recoverable session","session_id":"pw-session-0000-753847-1779416924536","segments":8,"total_bytes":4387820,"has_init":true},"target":"cove_replay_engine::segment::recovery"}
{"timestamp":"2026-05-23T04:33:01.636917Z","level":"INFO","fields":{"message":"discovered recoverable session","session_id":"pw-session-0000-753362-1779416844334","segments":13,"total_bytes":7581671,"has_init":true},"target":"cove_replay_engine::segment::recovery"}
{"timestamp":"2026-05-23T04:33:01.637024Z","level":"INFO","fields":{"message":"discovered recoverable session","session_id":"pw-session-0000-752878-1779416764121","segments":13,"total_bytes":7827319,"has_init":true},"target":"cove_replay_engine::segment::recovery"}
{"timestamp":"2026-05-23T04:33:01.637142Z","level":"INFO","fields":{"message":"discovered recoverable session","session_id":"pw-session-0000-752341-1779416683915","segments":13,"total_bytes":7820797,"has_init":true},"target":"cove_replay_engine::segment::recovery"}
{"timestamp":"2026-05-23T04:33:01.637243Z","level":"INFO","fields":{"message":"discovered recoverable session","session_id":"pw-session-0000-751943-1779416653839","segments":11,"total_bytes":6326337,"has_init":true},"target":"cove_replay_engine::segment::recovery"}
{"timestamp":"2026-05-23T04:33:01.637355Z","level":"INFO","fields":{"message":"discovered recoverable session","session_id":"pw-session-0000-751435-1779416579402","segments":14,"total_bytes":8295900,"has_init":true},"target":"cove_replay_engine::segment::recovery"}
{"timestamp":"2026-05-23T04:33:01.637391Z","level":"INFO","fields":{"message":"discovered recoverable session","session_id":"pw-session-0000-751088-1779416573633","segments":1,"total_bytes":102474,"has_init":true},"target":"cove_replay_engine::segment::recovery"}
{"timestamp":"2026-05-23T04:33:01.637504Z","level":"INFO","fields":{"message":"discovered recoverable session","session_id":"pw-session-0000-750649-1779416503463","segments":14,"total_bytes":8232916,"has_init":true},"target":"cove_replay_engine::segment::recovery"}
{"timestamp":"2026-05-23T04:33:01.637607Z","level":"INFO","fields":{"message":"discovered recoverable session","session_id":"pw-session-0000-740080-1779414668701","segments":12,"total_bytes":11591167,"has_init":true},"target":"cove_replay_engine::segment::recovery"}
{"timestamp":"2026-05-23T04:33:01.637703Z","level":"INFO","fields":{"message":"discovered recoverable session","session_id":"pw-session-0000-739490-1779414588489","segments":11,"total_bytes":11164551,"has_init":true},"target":"cove_replay_engine::segment::recovery"}
{"timestamp":"2026-05-23T04:33:01.637791Z","level":"INFO","fields":{"message":"discovered recoverable session","session_id":"pw-session-0000-739103-1779414558410","segments":10,"total_bytes":9430747,"has_init":true},"target":"cove_replay_engine::segment::recovery"}
{"timestamp":"2026-05-23T04:33:01.637891Z","level":"INFO","fields":{"message":"discovered recoverable session","session_id":"pw-session-0000-738664-1779414489111","segments":12,"total_bytes":11699332,"has_init":true},"target":"cove_replay_engine::segment::recovery"}
{"timestamp":"2026-05-23T04:33:01.637979Z","level":"INFO","fields":{"message":"discovered recoverable session","session_id":"pw-session-0000-716688-1779409301653","segments":8,"total_bytes":4480783,"has_init":true},"target":"cove_replay_engine::segment::recovery"}
{"timestamp":"2026-05-23T04:33:01.638093Z","level":"INFO","fields":{"message":"discovered recoverable session","session_id":"pw-session-0000-716124-1779409221448","segments":13,"total_bytes":7688949,"has_init":true},"target":"cove_replay_engine::segment::recovery"}
{"timestamp":"2026-05-23T04:33:01.638201Z","level":"INFO","fields":{"message":"discovered recoverable session","session_id":"pw-session-0000-715675-1779409141240","segments":13,"total_bytes":7964648,"has_init":true},"target":"cove_replay_engine::segment::recovery"}
{"timestamp":"2026-05-23T04:33:01.638307Z","level":"INFO","fields":{"message":"discovered recoverable session","session_id":"pw-session-0000-715118-1779409061034","segments":13,"total_bytes":7902025,"has_init":true},"target":"cove_replay_engine::segment::recovery"}
{"timestamp":"2026-05-23T04:33:01.638400Z","level":"INFO","fields":{"message":"discovered recoverable session","session_id":"pw-session-0000-714649-1779409034565","segments":11,"total_bytes":17935855,"has_init":true},"target":"cove_replay_engine::segment::recovery"}
{"timestamp":"2026-05-23T04:33:01.638505Z","level":"INFO","fields":{"message":"discovered recoverable session","session_id":"pw-session-0000-695577-1779404288875","segments":13,"total_bytes":8178368,"has_init":true},"target":"cove_replay_engine::segment::recovery"}
{"timestamp":"2026-05-23T04:33:01.638611Z","level":"INFO","fields":{"message":"discovered recoverable session","session_id":"pw-session-0000-695069-1779404208668","segments":13,"total_bytes":8161214,"has_init":true},"target":"cove_replay_engine::segment::recovery"}
{"timestamp":"2026-05-23T04:33:01.638705Z","level":"INFO","fields":{"message":"discovered recoverable session","session_id":"pw-session-0000-694672-1779404178591","segments":11,"total_bytes":6542218,"has_init":true},"target":"cove_replay_engine::segment::recovery"}
{"timestamp":"2026-05-23T04:33:01.638820Z","level":"INFO","fields":{"message":"discovered recoverable session","session_id":"pw-session-0000-694166-1779404108410","segments":14,"total_bytes":8600787,"has_init":true},"target":"cove_replay_engine::segment::recovery"}
{"timestamp":"2026-05-23T04:33:01.638855Z","level":"INFO","fields":{"message":"discovered recoverable session","session_id":"pw-session-0000-693815-1779404098386","segments":1,"total_bytes":107650,"has_init":true},"target":"cove_replay_engine::segment::recovery"}
{"timestamp":"2026-05-23T04:33:01.638968Z","level":"INFO","fields":{"message":"discovered recoverable session","session_id":"pw-session-0000-693401-1779404028207","segments":14,"total_bytes":8573649,"has_init":true},"target":"cove_replay_engine::segment::recovery"}
{"timestamp":"2026-05-23T04:33:01.639079Z","level":"INFO","fields":{"message":"discovered recoverable session","session_id":"pw-session-0000-675650-1779400717058","segments":14,"total_bytes":16644797,"has_init":true},"target":"cove_replay_engine::segment::recovery"}
{"timestamp":"2026-05-23T04:33:01.639198Z","level":"INFO","fields":{"message":"discovered recoverable session","session_id":"pw-session-0000-648824-1779394387663","segments":14,"total_bytes":8148620,"has_init":true},"target":"cove_replay_engine::segment::recovery"}
{"timestamp":"2026-05-23T04:33:01.639324Z","level":"INFO","fields":{"message":"discovered recoverable session","session_id":"pw-session-0000-621683-1779389638096","segments":15,"total_bytes":579071,"has_init":true},"target":"cove_replay_engine::segment::recovery"}
{"timestamp":"2026-05-23T04:33:01.639444Z","level":"INFO","fields":{"message":"discovered recoverable session","session_id":"pw-session-0000-620990-1779389547392","segments":15,"total_bytes":598469,"has_init":true},"target":"cove_replay_engine::segment::recovery"}
{"timestamp":"2026-05-23T04:33:01.639562Z","level":"INFO","fields":{"message":"discovered recoverable session","session_id":"pw-session-0000-608326-1779388063854","segments":15,"total_bytes":401584,"has_init":true},"target":"cove_replay_engine::segment::recovery"}
{"timestamp":"2026-05-23T04:33:01.639683Z","level":"INFO","fields":{"message":"discovered recoverable session","session_id":"pw-session-0000-607862-1779388033780","segments":15,"total_bytes":405806,"has_init":true},"target":"cove_replay_engine::segment::recovery"}
{"timestamp":"2026-05-23T04:33:01.639804Z","level":"INFO","fields":{"message":"discovered recoverable session","session_id":"pw-session-0000-607111-1779387960158","segments":15,"total_bytes":412469,"has_init":true},"target":"cove_replay_engine::segment::recovery"}
{"timestamp":"2026-05-23T04:33:01.639844Z","level":"INFO","fields":{"message":"discovered recoverable session","session_id":"pw-session-0000-606777-1779387953570","segments":2,"total_bytes":45252,"has_init":true},"target":"cove_replay_engine::segment::recovery"}
{"timestamp":"2026-05-23T04:33:01.639964Z","level":"INFO","fields":{"message":"discovered recoverable session","session_id":"pw-session-0000-606152-1779387883404","segments":15,"total_bytes":409834,"has_init":true},"target":"cove_replay_engine::segment::recovery"}
{"timestamp":"2026-05-23T04:33:01.640081Z","level":"INFO","fields":{"message":"discovered recoverable session","session_id":"pw-session-0000-528209-1779356005542","segments":15,"total_bytes":399575,"has_init":true},"target":"cove_replay_engine::segment::recovery"}
{"timestamp":"2026-05-23T04:33:01.640202Z","level":"INFO","fields":{"message":"discovered recoverable session","session_id":"pw-session-0000-527769-1779355975464","segments":15,"total_bytes":396353,"has_init":true},"target":"cove_replay_engine::segment::recovery"}
{"timestamp":"2026-05-23T04:33:01.640323Z","level":"INFO","fields":{"message":"discovered recoverable session","session_id":"pw-session-0000-527039-1779355904528","segments":15,"total_bytes":399909,"has_init":true},"target":"cove_replay_engine::segment::recovery"}
{"timestamp":"2026-05-23T04:33:01.640364Z","level":"INFO","fields":{"message":"discovered recoverable session","session_id":"pw-session-0000-526726-1779355900049","segments":2,"total_bytes":43230,"has_init":true},"target":"cove_replay_engine::segment::recovery"}
{"timestamp":"2026-05-23T04:33:01.640482Z","level":"INFO","fields":{"message":"discovered recoverable session","session_id":"pw-session-0000-526271-1779355835103","segments":15,"total_bytes":418751,"has_init":true},"target":"cove_replay_engine::segment::recovery"}
{"timestamp":"2026-05-23T04:33:01.640610Z","level":"INFO","fields":{"message":"discovered recoverable session","session_id":"pw-session-0000-488643-1779348732790","segments":15,"total_bytes":412854,"has_init":false},"target":"cove_replay_engine::segment::recovery"}
{"timestamp":"2026-05-23T04:33:01.640733Z","level":"INFO","fields":{"message":"discovered recoverable session","session_id":"pw-session-0000-488219-1779348704506","segments":15,"total_bytes":404771,"has_init":false},"target":"cove_replay_engine::segment::recovery"}
{"timestamp":"2026-05-23T04:33:01.640853Z","level":"INFO","fields":{"message":"discovered recoverable session","session_id":"pw-session-0000-487563-1779348634941","segments":15,"total_bytes":403920,"has_init":false},"target":"cove_replay_engine::segment::recovery"}
{"timestamp":"2026-05-23T04:33:01.640894Z","level":"INFO","fields":{"message":"discovered recoverable session","session_id":"pw-session-0000-487247-1779348630300","segments":2,"total_bytes":39923,"has_init":false},"target":"cove_replay_engine::segment::recovery"}
{"timestamp":"2026-05-23T04:33:01.641013Z","level":"INFO","fields":{"message":"discovered recoverable session","session_id":"pw-session-0000-486664-1779348565018","segments":15,"total_bytes":399094,"has_init":false},"target":"cove_replay_engine::segment::recovery"}
{"timestamp":"2026-05-23T04:33:01.641132Z","level":"INFO","fields":{"message":"discovered recoverable session","session_id":"pw-session-0000-448304-1779336085323","segments":15,"total_bytes":425927,"has_init":false},"target":"cove_replay_engine::segment::recovery"}
{"timestamp":"2026-05-23T04:33:01.641250Z","level":"INFO","fields":{"message":"discovered recoverable session","session_id":"pw-session-0000-447871-1779336055245","segments":15,"total_bytes":422570,"has_init":false},"target":"cove_replay_engine::segment::recovery"}
{"timestamp":"2026-05-23T04:33:01.641375Z","level":"INFO","fields":{"message":"discovered recoverable session","session_id":"pw-session-0000-447332-1779335985067","segments":15,"total_bytes":437816,"has_init":false},"target":"cove_replay_engine::segment::recovery"}
{"timestamp":"2026-05-23T04:33:01.641416Z","level":"INFO","fields":{"message":"discovered recoverable session","session_id":"pw-session-0000-447004-1779335975040","segments":2,"total_bytes":45438,"has_init":false},"target":"cove_replay_engine::segment::recovery"}
{"timestamp":"2026-05-23T04:33:01.641534Z","level":"INFO","fields":{"message":"discovered recoverable session","session_id":"pw-session-0000-446368-1779335904858","segments":15,"total_bytes":422563,"has_init":false},"target":"cove_replay_engine::segment::recovery"}
{"timestamp":"2026-05-23T04:33:01.641651Z","level":"INFO","fields":{"message":"discovered recoverable session","session_id":"pw-session-0000-433369-1779331848550","segments":15,"total_bytes":575246,"has_init":false},"target":"cove_replay_engine::segment::recovery"}
{"timestamp":"2026-05-23T04:33:01.641732Z","level":"INFO","fields":{"message":"discovered recoverable session","session_id":"pw-session-0000-306991-1779298114212","segments":1,"total_bytes":27641,"has_init":false},"target":"cove_replay_engine::segment::recovery"}
{"timestamp":"2026-05-23T04:33:01.641808Z","level":"INFO","fields":{"message":"discovered recoverable session","session_id":"pw-session-0000-276374-1779293632543","segments":1,"total_bytes":26277,"has_init":false},"target":"cove_replay_engine::segment::recovery"}
{"timestamp":"2026-05-23T04:33:01.641918Z","level":"INFO","fields":{"message":"discovered recoverable sessions from prior crash","count":63},"target":"cove_replay_engine::transport::server"}
{"timestamp":"2026-05-23T04:33:01.674248Z","level":"INFO","fields":{"message":"listening","socket":"/run/user/1000/cove-screen-recorder/engine.sock"},"target":"cove_replay_engine::transport::server"}
{"timestamp":"2026-05-23T04:50:14.935584Z","level":"INFO","fields":{"message":"engine.shutdown requested"},"target":"cove_replay_engine::transport::server"}
{"timestamp":"2026-05-23T04:52:24.171039Z","level":"INFO","fields":{"message":"cove-replay-engine started","version":"0.1.0","protocol_version":1},"target":"cove_replay_engine"}
{"timestamp":"2026-05-23T04:52:24.171377Z","level":"INFO","fields":{"message":"discovered recoverable session","session_id":"pw-session-0000-1158597-1779507615060","segments":10,"total_bytes":83036681,"has_init":true},"target":"cove_replay_engine::segment::recovery"}
{"timestamp":"2026-05-23T04:52:24.171484Z","level":"INFO","fields":{"message":"discovered recoverable session","session_id":"pw-session-0000-1057119-1779492633734","segments":10,"total_bytes":90123114,"has_init":true},"target":"cove_replay_engine::segment::recovery"}
{"timestamp":"2026-05-23T04:52:24.171574Z","level":"INFO","fields":{"message":"discovered recoverable session","session_id":"pw-session-0000-1057119-1779492537384","segments":10,"total_bytes":98487839,"has_init":true},"target":"cove_replay_engine::segment::recovery"}
{"timestamp":"2026-05-23T04:52:24.171633Z","level":"INFO","fields":{"message":"discovered recoverable session","session_id":"pw-session-0000-1057119-1779477397095","segments":5,"total_bytes":49361088,"has_init":true},"target":"cove_replay_engine::segment::recovery"}
{"timestamp":"2026-05-23T04:52:24.171728Z","level":"INFO","fields":{"message":"discovered recoverable session","session_id":"pw-session-0000-1057119-1779476237636","segments":11,"total_bytes":115817413,"has_init":true},"target":"cove_replay_engine::segment::recovery"}
{"timestamp":"2026-05-23T04:52:24.171763Z","level":"INFO","fields":{"message":"discovered recoverable session","session_id":"pw-session-0000-1057119-1779476067094","segments":1,"total_bytes":9608417,"has_init":true},"target":"cove_replay_engine::segment::recovery"}
{"timestamp":"2026-05-23T04:52:24.171829Z","level":"INFO","fields":{"message":"discovered recoverable session","session_id":"pw-session-0000-1057119-1779475770250","segments":6,"total_bytes":76988198,"has_init":true},"target":"cove_replay_engine::segment::recovery"}
{"timestamp":"2026-05-23T04:52:24.171909Z","level":"INFO","fields":{"message":"discovered recoverable session","session_id":"pw-session-0000-1057119-1779475745835","segments":8,"total_bytes":89227171,"has_init":true},"target":"cove_replay_engine::segment::recovery"}
{"timestamp":"2026-05-23T04:52:24.171974Z","level":"INFO","fields":{"message":"discovered recoverable session","session_id":"pw-session-0000-1057119-1779475121619","segments":6,"total_bytes":67485525,"has_init":true},"target":"cove_replay_engine::segment::recovery"}
{"timestamp":"2026-05-23T04:52:24.172067Z","level":"INFO","fields":{"message":"discovered recoverable session","session_id":"pw-session-0000-1057119-1779475066064","segments":11,"total_bytes":140147001,"has_init":true},"target":"cove_replay_engine::segment::recovery"}
{"timestamp":"2026-05-23T04:52:24.172160Z","level":"INFO","fields":{"message":"discovered recoverable session","session_id":"pw-session-0000-1057119-1779473142559","segments":11,"total_bytes":133153857,"has_init":true},"target":"cove_replay_engine::segment::recovery"}
{"timestamp":"2026-05-23T04:52:24.172259Z","level":"INFO","fields":{"message":"discovered recoverable session","session_id":"pw-session-0000-1057119-1779472730258","segments":11,"total_bytes":130243749,"has_init":true},"target":"cove_replay_engine::segment::recovery"}
{"timestamp":"2026-05-23T04:52:24.172363Z","level":"INFO","fields":{"message":"discovered recoverable session","session_id":"pw-session-0000-754390-1779416974675","segments":13,"total_bytes":7735032,"has_init":true},"target":"cove_replay_engine::segment::recovery"}
{"timestamp":"2026-05-23T04:52:24.172514Z","level":"INFO","fields":{"message":"discovered recoverable session","session_id":"pw-session-0000-753847-1779416924536","segments":8,"total_bytes":4387820,"has_init":true},"target":"cove_replay_engine::segment::recovery"}
{"timestamp":"2026-05-23T04:52:24.172704Z","level":"INFO","fields":{"message":"discovered recoverable session","session_id":"pw-session-0000-753362-1779416844334","segments":13,"total_bytes":7581671,"has_init":true},"target":"cove_replay_engine::segment::recovery"}
{"timestamp":"2026-05-23T04:52:24.172861Z","level":"INFO","fields":{"message":"discovered recoverable session","session_id":"pw-session-0000-752878-1779416764121","segments":13,"total_bytes":7827319,"has_init":true},"target":"cove_replay_engine::segment::recovery"}
{"timestamp":"2026-05-23T04:52:24.173027Z","level":"INFO","fields":{"message":"discovered recoverable session","session_id":"pw-session-0000-752341-1779416683915","segments":13,"total_bytes":7820797,"has_init":true},"target":"cove_replay_engine::segment::recovery"}
{"timestamp":"2026-05-23T04:52:24.173170Z","level":"INFO","fields":{"message":"discovered recoverable session","session_id":"pw-session-0000-751943-1779416653839","segments":11,"total_bytes":6326337,"has_init":true},"target":"cove_replay_engine::segment::recovery"}
{"timestamp":"2026-05-23T04:52:24.173323Z","level":"INFO","fields":{"message":"discovered recoverable session","session_id":"pw-session-0000-751435-1779416579402","segments":14,"total_bytes":8295900,"has_init":true},"target":"cove_replay_engine::segment::recovery"}
{"timestamp":"2026-05-23T04:52:24.173364Z","level":"INFO","fields":{"message":"discovered recoverable session","session_id":"pw-session-0000-751088-1779416573633","segments":1,"total_bytes":102474,"has_init":true},"target":"cove_replay_engine::segment::recovery"}
{"timestamp":"2026-05-23T04:52:24.173498Z","level":"INFO","fields":{"message":"discovered recoverable session","session_id":"pw-session-0000-750649-1779416503463","segments":14,"total_bytes":8232916,"has_init":true},"target":"cove_replay_engine::segment::recovery"}
{"timestamp":"2026-05-23T04:52:24.173621Z","level":"INFO","fields":{"message":"discovered recoverable session","session_id":"pw-session-0000-740080-1779414668701","segments":12,"total_bytes":11591167,"has_init":true},"target":"cove_replay_engine::segment::recovery"}
{"timestamp":"2026-05-23T04:52:24.173740Z","level":"INFO","fields":{"message":"discovered recoverable session","session_id":"pw-session-0000-739490-1779414588489","segments":11,"total_bytes":11164551,"has_init":true},"target":"cove_replay_engine::segment::recovery"}
{"timestamp":"2026-05-23T04:52:24.173845Z","level":"INFO","fields":{"message":"discovered recoverable session","session_id":"pw-session-0000-739103-1779414558410","segments":10,"total_bytes":9430747,"has_init":true},"target":"cove_replay_engine::segment::recovery"}
{"timestamp":"2026-05-23T04:52:24.173964Z","level":"INFO","fields":{"message":"discovered recoverable session","session_id":"pw-session-0000-738664-1779414489111","segments":12,"total_bytes":11699332,"has_init":true},"target":"cove_replay_engine::segment::recovery"}
{"timestamp":"2026-05-23T04:52:24.174056Z","level":"INFO","fields":{"message":"discovered recoverable session","session_id":"pw-session-0000-716688-1779409301653","segments":8,"total_bytes":4480783,"has_init":true},"target":"cove_replay_engine::segment::recovery"}
{"timestamp":"2026-05-23T04:52:24.174181Z","level":"INFO","fields":{"message":"discovered recoverable session","session_id":"pw-session-0000-716124-1779409221448","segments":13,"total_bytes":7688949,"has_init":true},"target":"cove_replay_engine::segment::recovery"}
{"timestamp":"2026-05-23T04:52:24.174299Z","level":"INFO","fields":{"message":"discovered recoverable session","session_id":"pw-session-0000-715675-1779409141240","segments":13,"total_bytes":7964648,"has_init":true},"target":"cove_replay_engine::segment::recovery"}
{"timestamp":"2026-05-23T04:52:24.174401Z","level":"INFO","fields":{"message":"discovered recoverable session","session_id":"pw-session-0000-715118-1779409061034","segments":13,"total_bytes":7902025,"has_init":true},"target":"cove_replay_engine::segment::recovery"}
{"timestamp":"2026-05-23T04:52:24.174492Z","level":"INFO","fields":{"message":"discovered recoverable session","session_id":"pw-session-0000-714649-1779409034565","segments":11,"total_bytes":17935855,"has_init":true},"target":"cove_replay_engine::segment::recovery"}
{"timestamp":"2026-05-23T04:52:24.174598Z","level":"INFO","fields":{"message":"discovered recoverable session","session_id":"pw-session-0000-695577-1779404288875","segments":13,"total_bytes":8178368,"has_init":true},"target":"cove_replay_engine::segment::recovery"}
{"timestamp":"2026-05-23T04:52:24.174700Z","level":"INFO","fields":{"message":"discovered recoverable session","session_id":"pw-session-0000-695069-1779404208668","segments":13,"total_bytes":8161214,"has_init":true},"target":"cove_replay_engine::segment::recovery"}
{"timestamp":"2026-05-23T04:52:24.174792Z","level":"INFO","fields":{"message":"discovered recoverable session","session_id":"pw-session-0000-694672-1779404178591","segments":11,"total_bytes":6542218,"has_init":true},"target":"cove_replay_engine::segment::recovery"}
{"timestamp":"2026-05-23T04:52:24.174902Z","level":"INFO","fields":{"message":"discovered recoverable session","session_id":"pw-session-0000-694166-1779404108410","segments":14,"total_bytes":8600787,"has_init":true},"target":"cove_replay_engine::segment::recovery"}
{"timestamp":"2026-05-23T04:52:24.174935Z","level":"INFO","fields":{"message":"discovered recoverable session","session_id":"pw-session-0000-693815-1779404098386","segments":1,"total_bytes":107650,"has_init":true},"target":"cove_replay_engine::segment::recovery"}
{"timestamp":"2026-05-23T04:52:24.175044Z","level":"INFO","fields":{"message":"discovered recoverable session","session_id":"pw-session-0000-693401-1779404028207","segments":14,"total_bytes":8573649,"has_init":true},"target":"cove_replay_engine::segment::recovery"}
{"timestamp":"2026-05-23T04:52:24.175153Z","level":"INFO","fields":{"message":"discovered recoverable session","session_id":"pw-session-0000-675650-1779400717058","segments":14,"total_bytes":16644797,"has_init":true},"target":"cove_replay_engine::segment::recovery"}
{"timestamp":"2026-05-23T04:52:24.175267Z","level":"INFO","fields":{"message":"discovered recoverable session","session_id":"pw-session-0000-648824-1779394387663","segments":14,"total_bytes":8148620,"has_init":true},"target":"cove_replay_engine::segment::recovery"}
{"timestamp":"2026-05-23T04:52:24.175386Z","level":"INFO","fields":{"message":"discovered recoverable session","session_id":"pw-session-0000-621683-1779389638096","segments":15,"total_bytes":579071,"has_init":true},"target":"cove_replay_engine::segment::recovery"}
{"timestamp":"2026-05-23T04:52:24.175500Z","level":"INFO","fields":{"message":"discovered recoverable session","session_id":"pw-session-0000-620990-1779389547392","segments":15,"total_bytes":598469,"has_init":true},"target":"cove_replay_engine::segment::recovery"}
{"timestamp":"2026-05-23T04:52:24.175616Z","level":"INFO","fields":{"message":"discovered recoverable session","session_id":"pw-session-0000-608326-1779388063854","segments":15,"total_bytes":401584,"has_init":true},"target":"cove_replay_engine::segment::recovery"}
{"timestamp":"2026-05-23T04:52:24.175738Z","level":"INFO","fields":{"message":"discovered recoverable session","session_id":"pw-session-0000-607862-1779388033780","segments":15,"total_bytes":405806,"has_init":true},"target":"cove_replay_engine::segment::recovery"}
{"timestamp":"2026-05-23T04:52:24.175856Z","level":"INFO","fields":{"message":"discovered recoverable session","session_id":"pw-session-0000-607111-1779387960158","segments":15,"total_bytes":412469,"has_init":true},"target":"cove_replay_engine::segment::recovery"}
{"timestamp":"2026-05-23T04:52:24.175895Z","level":"INFO","fields":{"message":"discovered recoverable session","session_id":"pw-session-0000-606777-1779387953570","segments":2,"total_bytes":45252,"has_init":true},"target":"cove_replay_engine::segment::recovery"}
{"timestamp":"2026-05-23T04:52:24.176012Z","level":"INFO","fields":{"message":"discovered recoverable session","session_id":"pw-session-0000-606152-1779387883404","segments":15,"total_bytes":409834,"has_init":true},"target":"cove_replay_engine::segment::recovery"}
{"timestamp":"2026-05-23T04:52:24.176126Z","level":"INFO","fields":{"message":"discovered recoverable session","session_id":"pw-session-0000-528209-1779356005542","segments":15,"total_bytes":399575,"has_init":true},"target":"cove_replay_engine::segment::recovery"}
{"timestamp":"2026-05-23T04:52:24.176240Z","level":"INFO","fields":{"message":"discovered recoverable session","session_id":"pw-session-0000-527769-1779355975464","segments":15,"total_bytes":396353,"has_init":true},"target":"cove_replay_engine::segment::recovery"}
{"timestamp":"2026-05-23T04:52:24.176356Z","level":"INFO","fields":{"message":"discovered recoverable session","session_id":"pw-session-0000-527039-1779355904528","segments":15,"total_bytes":399909,"has_init":true},"target":"cove_replay_engine::segment::recovery"}
{"timestamp":"2026-05-23T04:52:24.176395Z","level":"INFO","fields":{"message":"discovered recoverable session","session_id":"pw-session-0000-526726-1779355900049","segments":2,"total_bytes":43230,"has_init":true},"target":"cove_replay_engine::segment::recovery"}
{"timestamp":"2026-05-23T04:52:24.176510Z","level":"INFO","fields":{"message":"discovered recoverable session","session_id":"pw-session-0000-526271-1779355835103","segments":15,"total_bytes":418751,"has_init":true},"target":"cove_replay_engine::segment::recovery"}
{"timestamp":"2026-05-23T04:52:24.176632Z","level":"INFO","fields":{"message":"discovered recoverable session","session_id":"pw-session-0000-488643-1779348732790","segments":15,"total_bytes":412854,"has_init":false},"target":"cove_replay_engine::segment::recovery"}
{"timestamp":"2026-05-23T04:52:24.176749Z","level":"INFO","fields":{"message":"discovered recoverable session","session_id":"pw-session-0000-488219-1779348704506","segments":15,"total_bytes":404771,"has_init":false},"target":"cove_replay_engine::segment::recovery"}
{"timestamp":"2026-05-23T04:52:24.176866Z","level":"INFO","fields":{"message":"discovered recoverable session","session_id":"pw-session-0000-487563-1779348634941","segments":15,"total_bytes":403920,"has_init":false},"target":"cove_replay_engine::segment::recovery"}
{"timestamp":"2026-05-23T04:52:24.176912Z","level":"INFO","fields":{"message":"discovered recoverable session","session_id":"pw-session-0000-487247-1779348630300","segments":2,"total_bytes":39923,"has_init":false},"target":"cove_replay_engine::segment::recovery"}
{"timestamp":"2026-05-23T04:52:24.177043Z","level":"INFO","fields":{"message":"discovered recoverable session","session_id":"pw-session-0000-486664-1779348565018","segments":15,"total_bytes":399094,"has_init":false},"target":"cove_replay_engine::segment::recovery"}
{"timestamp":"2026-05-23T04:52:24.177162Z","level":"INFO","fields":{"message":"discovered recoverable session","session_id":"pw-session-0000-448304-1779336085323","segments":15,"total_bytes":425927,"has_init":false},"target":"cove_replay_engine::segment::recovery"}
{"timestamp":"2026-05-23T04:52:24.177277Z","level":"INFO","fields":{"message":"discovered recoverable session","session_id":"pw-session-0000-447871-1779336055245","segments":15,"total_bytes":422570,"has_init":false},"target":"cove_replay_engine::segment::recovery"}
{"timestamp":"2026-05-23T04:52:24.177393Z","level":"INFO","fields":{"message":"discovered recoverable session","session_id":"pw-session-0000-447332-1779335985067","segments":15,"total_bytes":437816,"has_init":false},"target":"cove_replay_engine::segment::recovery"}
{"timestamp":"2026-05-23T04:52:24.177432Z","level":"INFO","fields":{"message":"discovered recoverable session","session_id":"pw-session-0000-447004-1779335975040","segments":2,"total_bytes":45438,"has_init":false},"target":"cove_replay_engine::segment::recovery"}
{"timestamp":"2026-05-23T04:52:24.177548Z","level":"INFO","fields":{"message":"discovered recoverable session","session_id":"pw-session-0000-446368-1779335904858","segments":15,"total_bytes":422563,"has_init":false},"target":"cove_replay_engine::segment::recovery"}
{"timestamp":"2026-05-23T04:52:24.177663Z","level":"INFO","fields":{"message":"discovered recoverable session","session_id":"pw-session-0000-433369-1779331848550","segments":15,"total_bytes":575246,"has_init":false},"target":"cove_replay_engine::segment::recovery"}
{"timestamp":"2026-05-23T04:52:24.177740Z","level":"INFO","fields":{"message":"discovered recoverable session","session_id":"pw-session-0000-306991-1779298114212","segments":1,"total_bytes":27641,"has_init":false},"target":"cove_replay_engine::segment::recovery"}
{"timestamp":"2026-05-23T04:52:24.177812Z","level":"INFO","fields":{"message":"discovered recoverable session","session_id":"pw-session-0000-276374-1779293632543","segments":1,"total_bytes":26277,"has_init":false},"target":"cove_replay_engine::segment::recovery"}
{"timestamp":"2026-05-23T04:52:24.177917Z","level":"INFO","fields":{"message":"discovered recoverable sessions from prior crash","count":63},"target":"cove_replay_engine::transport::server"}
{"timestamp":"2026-05-23T04:52:24.205707Z","level":"INFO","fields":{"message":"listening","socket":"/run/user/1000/cove-screen-recorder/engine.sock"},"target":"cove_replay_engine::transport::server"}
{"timestamp":"2026-05-23T04:56:07.988479Z","level":"INFO","fields":{"message":"engine.shutdown requested"},"target":"cove_replay_engine::transport::server"}
{"timestamp":"2026-05-23T04:56:07.988474Z","level":"INFO","fields":{"message":"shutdown signaled during dispatch, closing connection"},"target":"cove_replay_engine::transport::server"}
{"timestamp":"2026-05-23T04:56:09.998463Z","level":"INFO","fields":{"message":"cove-replay-engine started","version":"0.1.0","protocol_version":1},"target":"cove_replay_engine"}
{"timestamp":"2026-05-23T04:56:09.998778Z","level":"INFO","fields":{"message":"discovered recoverable session","session_id":"pw-session-0000-1158597-1779507615060","segments":10,"total_bytes":83036681,"has_init":true},"target":"cove_replay_engine::segment::recovery"}
{"timestamp":"2026-05-23T04:56:09.998884Z","level":"INFO","fields":{"message":"discovered recoverable session","session_id":"pw-session-0000-1057119-1779492633734","segments":10,"total_bytes":90123114,"has_init":true},"target":"cove_replay_engine::segment::recovery"}
{"timestamp":"2026-05-23T04:56:09.998980Z","level":"INFO","fields":{"message":"discovered recoverable session","session_id":"pw-session-0000-1057119-1779492537384","segments":10,"total_bytes":98487839,"has_init":true},"target":"cove_replay_engine::segment::recovery"}
{"timestamp":"2026-05-23T04:56:09.999050Z","level":"INFO","fields":{"message":"discovered recoverable session","session_id":"pw-session-0000-1057119-1779477397095","segments":5,"total_bytes":49361088,"has_init":true},"target":"cove_replay_engine::segment::recovery"}
{"timestamp":"2026-05-23T04:56:09.999148Z","level":"INFO","fields":{"message":"discovered recoverable session","session_id":"pw-session-0000-1057119-1779476237636","segments":11,"total_bytes":115817413,"has_init":true},"target":"cove_replay_engine::segment::recovery"}
{"timestamp":"2026-05-23T04:56:09.999184Z","level":"INFO","fields":{"message":"discovered recoverable session","session_id":"pw-session-0000-1057119-1779476067094","segments":1,"total_bytes":9608417,"has_init":true},"target":"cove_replay_engine::segment::recovery"}
{"timestamp":"2026-05-23T04:56:09.999247Z","level":"INFO","fields":{"message":"discovered recoverable session","session_id":"pw-session-0000-1057119-1779475770250","segments":6,"total_bytes":76988198,"has_init":true},"target":"cove_replay_engine::segment::recovery"}
{"timestamp":"2026-05-23T04:56:09.999319Z","level":"INFO","fields":{"message":"discovered recoverable session","session_id":"pw-session-0000-1057119-1779475745835","segments":8,"total_bytes":89227171,"has_init":true},"target":"cove_replay_engine::segment::recovery"}
{"timestamp":"2026-05-23T04:56:09.999383Z","level":"INFO","fields":{"message":"discovered recoverable session","session_id":"pw-session-0000-1057119-1779475121619","segments":6,"total_bytes":67485525,"has_init":true},"target":"cove_replay_engine::segment::recovery"}
{"timestamp":"2026-05-23T04:56:09.999476Z","level":"INFO","fields":{"message":"discovered recoverable session","session_id":"pw-session-0000-1057119-1779475066064","segments":11,"total_bytes":140147001,"has_init":true},"target":"cove_replay_engine::segment::recovery"}
{"timestamp":"2026-05-23T04:56:09.999568Z","level":"INFO","fields":{"message":"discovered recoverable session","session_id":"pw-session-0000-1057119-1779473142559","segments":11,"total_bytes":133153857,"has_init":true},"target":"cove_replay_engine::segment::recovery"}
{"timestamp":"2026-05-23T04:56:09.999661Z","level":"INFO","fields":{"message":"discovered recoverable session","session_id":"pw-session-0000-1057119-1779472730258","segments":11,"total_bytes":130243749,"has_init":true},"target":"cove_replay_engine::segment::recovery"}
{"timestamp":"2026-05-23T04:56:09.999769Z","level":"INFO","fields":{"message":"discovered recoverable session","session_id":"pw-session-0000-754390-1779416974675","segments":13,"total_bytes":7735032,"has_init":true},"target":"cove_replay_engine::segment::recovery"}
{"timestamp":"2026-05-23T04:56:09.999844Z","level":"INFO","fields":{"message":"discovered recoverable session","session_id":"pw-session-0000-753847-1779416924536","segments":8,"total_bytes":4387820,"has_init":true},"target":"cove_replay_engine::segment::recovery"}
{"timestamp":"2026-05-23T04:56:09.999951Z","level":"INFO","fields":{"message":"discovered recoverable session","session_id":"pw-session-0000-753362-1779416844334","segments":13,"total_bytes":7581671,"has_init":true},"target":"cove_replay_engine::segment::recovery"}
{"timestamp":"2026-05-23T04:56:10.000058Z","level":"INFO","fields":{"message":"discovered recoverable session","session_id":"pw-session-0000-752878-1779416764121","segments":13,"total_bytes":7827319,"has_init":true},"target":"cove_replay_engine::segment::recovery"}
{"timestamp":"2026-05-23T04:56:10.000172Z","level":"INFO","fields":{"message":"discovered recoverable session","session_id":"pw-session-0000-752341-1779416683915","segments":13,"total_bytes":7820797,"has_init":true},"target":"cove_replay_engine::segment::recovery"}
{"timestamp":"2026-05-23T04:56:10.000273Z","level":"INFO","fields":{"message":"discovered recoverable session","session_id":"pw-session-0000-751943-1779416653839","segments":11,"total_bytes":6326337,"has_init":true},"target":"cove_replay_engine::segment::recovery"}
{"timestamp":"2026-05-23T04:56:10.000382Z","level":"INFO","fields":{"message":"discovered recoverable session","session_id":"pw-session-0000-751435-1779416579402","segments":14,"total_bytes":8295900,"has_init":true},"target":"cove_replay_engine::segment::recovery"}
{"timestamp":"2026-05-23T04:56:10.000416Z","level":"INFO","fields":{"message":"discovered recoverable session","session_id":"pw-session-0000-751088-1779416573633","segments":1,"total_bytes":102474,"has_init":true},"target":"cove_replay_engine::segment::recovery"}
{"timestamp":"2026-05-23T04:56:10.000530Z","level":"INFO","fields":{"message":"discovered recoverable session","session_id":"pw-session-0000-750649-1779416503463","segments":14,"total_bytes":8232916,"has_init":true},"target":"cove_replay_engine::segment::recovery"}
{"timestamp":"2026-05-23T04:56:10.000632Z","level":"INFO","fields":{"message":"discovered recoverable session","session_id":"pw-session-0000-740080-1779414668701","segments":12,"total_bytes":11591167,"has_init":true},"target":"cove_replay_engine::segment::recovery"}
{"timestamp":"2026-05-23T04:56:10.000750Z","level":"INFO","fields":{"message":"discovered recoverable session","session_id":"pw-session-0000-739490-1779414588489","segments":11,"total_bytes":11164551,"has_init":true},"target":"cove_replay_engine::segment::recovery"}
{"timestamp":"2026-05-23T04:56:10.000858Z","level":"INFO","fields":{"message":"discovered recoverable session","session_id":"pw-session-0000-739103-1779414558410","segments":10,"total_bytes":9430747,"has_init":true},"target":"cove_replay_engine::segment::recovery"}
{"timestamp":"2026-05-23T04:56:10.000963Z","level":"INFO","fields":{"message":"discovered recoverable session","session_id":"pw-session-0000-738664-1779414489111","segments":12,"total_bytes":11699332,"has_init":true},"target":"cove_replay_engine::segment::recovery"}
{"timestamp":"2026-05-23T04:56:10.001038Z","level":"INFO","fields":{"message":"discovered recoverable session","session_id":"pw-session-0000-716688-1779409301653","segments":8,"total_bytes":4480783,"has_init":true},"target":"cove_replay_engine::segment::recovery"}
{"timestamp":"2026-05-23T04:56:10.001146Z","level":"INFO","fields":{"message":"discovered recoverable session","session_id":"pw-session-0000-716124-1779409221448","segments":13,"total_bytes":7688949,"has_init":true},"target":"cove_replay_engine::segment::recovery"}
{"timestamp":"2026-05-23T04:56:10.001249Z","level":"INFO","fields":{"message":"discovered recoverable session","session_id":"pw-session-0000-715675-1779409141240","segments":13,"total_bytes":7964648,"has_init":true},"target":"cove_replay_engine::segment::recovery"}
{"timestamp":"2026-05-23T04:56:10.001352Z","level":"INFO","fields":{"message":"discovered recoverable session","session_id":"pw-session-0000-715118-1779409061034","segments":13,"total_bytes":7902025,"has_init":true},"target":"cove_replay_engine::segment::recovery"}
{"timestamp":"2026-05-23T04:56:10.001446Z","level":"INFO","fields":{"message":"discovered recoverable session","session_id":"pw-session-0000-714649-1779409034565","segments":11,"total_bytes":17935855,"has_init":true},"target":"cove_replay_engine::segment::recovery"}
{"timestamp":"2026-05-23T04:56:10.001547Z","level":"INFO","fields":{"message":"discovered recoverable session","session_id":"pw-session-0000-695577-1779404288875","segments":13,"total_bytes":8178368,"has_init":true},"target":"cove_replay_engine::segment::recovery"}
{"timestamp":"2026-05-23T04:56:10.001651Z","level":"INFO","fields":{"message":"discovered recoverable session","session_id":"pw-session-0000-695069-1779404208668","segments":13,"total_bytes":8161214,"has_init":true},"target":"cove_replay_engine::segment::recovery"}
{"timestamp":"2026-05-23T04:56:10.001748Z","level":"INFO","fields":{"message":"discovered recoverable session","session_id":"pw-session-0000-694672-1779404178591","segments":11,"total_bytes":6542218,"has_init":true},"target":"cove_replay_engine::segment::recovery"}
{"timestamp":"2026-05-23T04:56:10.001860Z","level":"INFO","fields":{"message":"discovered recoverable session","session_id":"pw-session-0000-694166-1779404108410","segments":14,"total_bytes":8600787,"has_init":true},"target":"cove_replay_engine::segment::recovery"}
{"timestamp":"2026-05-23T04:56:10.001895Z","level":"INFO","fields":{"message":"discovered recoverable session","session_id":"pw-session-0000-693815-1779404098386","segments":1,"total_bytes":107650,"has_init":true},"target":"cove_replay_engine::segment::recovery"}
{"timestamp":"2026-05-23T04:56:10.002007Z","level":"INFO","fields":{"message":"discovered recoverable session","session_id":"pw-session-0000-693401-1779404028207","segments":14,"total_bytes":8573649,"has_init":true},"target":"cove_replay_engine::segment::recovery"}
{"timestamp":"2026-05-23T04:56:10.002116Z","level":"INFO","fields":{"message":"discovered recoverable session","session_id":"pw-session-0000-675650-1779400717058","segments":14,"total_bytes":16644797,"has_init":true},"target":"cove_replay_engine::segment::recovery"}
{"timestamp":"2026-05-23T04:56:10.002224Z","level":"INFO","fields":{"message":"discovered recoverable session","session_id":"pw-session-0000-648824-1779394387663","segments":14,"total_bytes":8148620,"has_init":true},"target":"cove_replay_engine::segment::recovery"}
{"timestamp":"2026-05-23T04:56:10.002340Z","level":"INFO","fields":{"message":"discovered recoverable session","session_id":"pw-session-0000-621683-1779389638096","segments":15,"total_bytes":579071,"has_init":true},"target":"cove_replay_engine::segment::recovery"}
{"timestamp":"2026-05-23T04:56:10.002466Z","level":"INFO","fields":{"message":"discovered recoverable session","session_id":"pw-session-0000-620990-1779389547392","segments":15,"total_bytes":598469,"has_init":true},"target":"cove_replay_engine::segment::recovery"}
{"timestamp":"2026-05-23T04:56:10.002580Z","level":"INFO","fields":{"message":"discovered recoverable session","session_id":"pw-session-0000-608326-1779388063854","segments":15,"total_bytes":401584,"has_init":true},"target":"cove_replay_engine::segment::recovery"}
{"timestamp":"2026-05-23T04:56:10.002695Z","level":"INFO","fields":{"message":"discovered recoverable session","session_id":"pw-session-0000-607862-1779388033780","segments":15,"total_bytes":405806,"has_init":true},"target":"cove_replay_engine::segment::recovery"}
{"timestamp":"2026-05-23T04:56:10.002808Z","level":"INFO","fields":{"message":"discovered recoverable session","session_id":"pw-session-0000-607111-1779387960158","segments":15,"total_bytes":412469,"has_init":true},"target":"cove_replay_engine::segment::recovery"}
{"timestamp":"2026-05-23T04:56:10.002847Z","level":"INFO","fields":{"message":"discovered recoverable session","session_id":"pw-session-0000-606777-1779387953570","segments":2,"total_bytes":45252,"has_init":true},"target":"cove_replay_engine::segment::recovery"}
{"timestamp":"2026-05-23T04:56:10.002967Z","level":"INFO","fields":{"message":"discovered recoverable session","session_id":"pw-session-0000-606152-1779387883404","segments":15,"total_bytes":409834,"has_init":true},"target":"cove_replay_engine::segment::recovery"}
{"timestamp":"2026-05-23T04:56:10.003083Z","level":"INFO","fields":{"message":"discovered recoverable session","session_id":"pw-session-0000-528209-1779356005542","segments":15,"total_bytes":399575,"has_init":true},"target":"cove_replay_engine::segment::recovery"}
{"timestamp":"2026-05-23T04:56:10.003195Z","level":"INFO","fields":{"message":"discovered recoverable session","session_id":"pw-session-0000-527769-1779355975464","segments":15,"total_bytes":396353,"has_init":true},"target":"cove_replay_engine::segment::recovery"}
{"timestamp":"2026-05-23T04:56:10.003315Z","level":"INFO","fields":{"message":"discovered recoverable session","session_id":"pw-session-0000-527039-1779355904528","segments":15,"total_bytes":399909,"has_init":true},"target":"cove_replay_engine::segment::recovery"}
{"timestamp":"2026-05-23T04:56:10.003360Z","level":"INFO","fields":{"message":"discovered recoverable session","session_id":"pw-session-0000-526726-1779355900049","segments":2,"total_bytes":43230,"has_init":true},"target":"cove_replay_engine::segment::recovery"}
{"timestamp":"2026-05-23T04:56:10.003474Z","level":"INFO","fields":{"message":"discovered recoverable session","session_id":"pw-session-0000-526271-1779355835103","segments":15,"total_bytes":418751,"has_init":true},"target":"cove_replay_engine::segment::recovery"}
{"timestamp":"2026-05-23T04:56:10.003598Z","level":"INFO","fields":{"message":"discovered recoverable session","session_id":"pw-session-0000-488643-1779348732790","segments":15,"total_bytes":412854,"has_init":false},"target":"cove_replay_engine::segment::recovery"}
{"timestamp":"2026-05-23T04:56:10.003712Z","level":"INFO","fields":{"message":"discovered recoverable session","session_id":"pw-session-0000-488219-1779348704506","segments":15,"total_bytes":404771,"has_init":false},"target":"cove_replay_engine::segment::recovery"}
{"timestamp":"2026-05-23T04:56:10.003828Z","level":"INFO","fields":{"message":"discovered recoverable session","session_id":"pw-session-0000-487563-1779348634941","segments":15,"total_bytes":403920,"has_init":false},"target":"cove_replay_engine::segment::recovery"}
{"timestamp":"2026-05-23T04:56:10.003868Z","level":"INFO","fields":{"message":"discovered recoverable session","session_id":"pw-session-0000-487247-1779348630300","segments":2,"total_bytes":39923,"has_init":false},"target":"cove_replay_engine::segment::recovery"}
{"timestamp":"2026-05-23T04:56:10.003988Z","level":"INFO","fields":{"message":"discovered recoverable session","session_id":"pw-session-0000-486664-1779348565018","segments":15,"total_bytes":399094,"has_init":false},"target":"cove_replay_engine::segment::recovery"}
{"timestamp":"2026-05-23T04:56:10.004104Z","level":"INFO","fields":{"message":"discovered recoverable session","session_id":"pw-session-0000-448304-1779336085323","segments":15,"total_bytes":425927,"has_init":false},"target":"cove_replay_engine::segment::recovery"}
{"timestamp":"2026-05-23T04:56:10.004224Z","level":"INFO","fields":{"message":"discovered recoverable session","session_id":"pw-session-0000-447871-1779336055245","segments":15,"total_bytes":422570,"has_init":false},"target":"cove_replay_engine::segment::recovery"}
{"timestamp":"2026-05-23T04:56:10.004344Z","level":"INFO","fields":{"message":"discovered recoverable session","session_id":"pw-session-0000-447332-1779335985067","segments":15,"total_bytes":437816,"has_init":false},"target":"cove_replay_engine::segment::recovery"}
{"timestamp":"2026-05-23T04:56:10.004384Z","level":"INFO","fields":{"message":"discovered recoverable session","session_id":"pw-session-0000-447004-1779335975040","segments":2,"total_bytes":45438,"has_init":false},"target":"cove_replay_engine::segment::recovery"}
{"timestamp":"2026-05-23T04:56:10.004499Z","level":"INFO","fields":{"message":"discovered recoverable session","session_id":"pw-session-0000-446368-1779335904858","segments":15,"total_bytes":422563,"has_init":false},"target":"cove_replay_engine::segment::recovery"}
{"timestamp":"2026-05-23T04:56:10.004614Z","level":"INFO","fields":{"message":"discovered recoverable session","session_id":"pw-session-0000-433369-1779331848550","segments":15,"total_bytes":575246,"has_init":false},"target":"cove_replay_engine::segment::recovery"}
{"timestamp":"2026-05-23T04:56:10.004688Z","level":"INFO","fields":{"message":"discovered recoverable session","session_id":"pw-session-0000-306991-1779298114212","segments":1,"total_bytes":27641,"has_init":false},"target":"cove_replay_engine::segment::recovery"}
{"timestamp":"2026-05-23T04:56:10.004759Z","level":"INFO","fields":{"message":"discovered recoverable session","session_id":"pw-session-0000-276374-1779293632543","segments":1,"total_bytes":26277,"has_init":false},"target":"cove_replay_engine::segment::recovery"}
{"timestamp":"2026-05-23T04:56:10.004887Z","level":"INFO","fields":{"message":"discovered recoverable sessions from prior crash","count":63},"target":"cove_replay_engine::transport::server"}
{"timestamp":"2026-05-23T04:56:10.032727Z","level":"INFO","fields":{"message":"listening","socket":"/run/user/1000/cove-screen-recorder/engine.sock"},"target":"cove_replay_engine::transport::server"}
{"timestamp":"2026-05-23T04:57:30.870105Z","level":"INFO","fields":{"message":"portal session established","session_id":"pw-session-0000-1187898-1779512250870","node_id":111},"target":"cove_replay_engine::capture::pipewire"}
{"timestamp":"2026-05-23T04:57:30.878244Z","level":"WARN","fields":{"message":"PW stream errored during DMA-BUF-only negotiation: no more input formats; triggering SHM-only fallback retry"},"target":"cove_replay_engine::capture::pipewire"}
{"timestamp":"2026-05-23T04:57:30.878291Z","level":"INFO","fields":{"message":"PW: DMA-BUF negotiation hard-failed; reconnecting with SHM-only fallback"},"target":"cove_replay_engine::capture::pipewire"}
{"timestamp":"2026-05-23T04:57:30.887272Z","level":"INFO","fields":{"message":"PW stream ready","session_id":"pw-session-0000-1187898-1779512250870","stream_id":"pw-stream-0000","width":1920,"height":1080,"fourcc":"XR24"},"target":"cove_replay_engine::capture::pipewire"}
{"timestamp":"2026-05-23T05:17:42.901555Z","level":"INFO","fields":{"message":"signal received, shutting down"},"target":"cove_replay_engine::transport::server"}
{"timestamp":"2026-05-23T06:18:28.325627Z","level":"INFO","fields":{"message":"cove-replay-engine started","version":"0.1.0","protocol_version":1},"target":"cove_replay_engine"}
{"timestamp":"2026-05-23T06:18:28.325950Z","level":"INFO","fields":{"message":"discovered recoverable session","session_id":"pw-session-0000-1209923-1779515463207","segments":11,"total_bytes":11078784,"has_init":true},"target":"cove_replay_engine::segment::recovery"}
{"timestamp":"2026-05-23T06:18:28.326114Z","level":"INFO","fields":{"message":"discovered recoverable session","session_id":"pw-session-0000-1187898-1779512250870","segments":14,"total_bytes":19853039,"has_init":true},"target":"cove_replay_engine::segment::recovery"}
{"timestamp":"2026-05-23T06:18:28.326221Z","level":"INFO","fields":{"message":"discovered recoverable session","session_id":"pw-session-0000-1158597-1779507615060","segments":10,"total_bytes":83036681,"has_init":true},"target":"cove_replay_engine::segment::recovery"}
{"timestamp":"2026-05-23T06:18:28.326315Z","level":"INFO","fields":{"message":"discovered recoverable session","session_id":"pw-session-0000-1057119-1779492633734","segments":10,"total_bytes":90123114,"has_init":true},"target":"cove_replay_engine::segment::recovery"}
{"timestamp":"2026-05-23T06:18:28.326405Z","level":"INFO","fields":{"message":"discovered recoverable session","session_id":"pw-session-0000-1057119-1779492537384","segments":10,"total_bytes":98487839,"has_init":true},"target":"cove_replay_engine::segment::recovery"}
{"timestamp":"2026-05-23T06:18:28.326465Z","level":"INFO","fields":{"message":"discovered recoverable session","session_id":"pw-session-0000-1057119-1779477397095","segments":5,"total_bytes":49361088,"has_init":true},"target":"cove_replay_engine::segment::recovery"}
{"timestamp":"2026-05-23T06:18:28.326559Z","level":"INFO","fields":{"message":"discovered recoverable session","session_id":"pw-session-0000-1057119-1779476237636","segments":11,"total_bytes":115817413,"has_init":true},"target":"cove_replay_engine::segment::recovery"}
{"timestamp":"2026-05-23T06:18:28.326595Z","level":"INFO","fields":{"message":"discovered recoverable session","session_id":"pw-session-0000-1057119-1779476067094","segments":1,"total_bytes":9608417,"has_init":true},"target":"cove_replay_engine::segment::recovery"}
{"timestamp":"2026-05-23T06:18:28.326660Z","level":"INFO","fields":{"message":"discovered recoverable session","session_id":"pw-session-0000-1057119-1779475770250","segments":6,"total_bytes":76988198,"has_init":true},"target":"cove_replay_engine::segment::recovery"}
{"timestamp":"2026-05-23T06:18:28.326765Z","level":"INFO","fields":{"message":"discovered recoverable session","session_id":"pw-session-0000-1057119-1779475745835","segments":8,"total_bytes":89227171,"has_init":true},"target":"cove_replay_engine::segment::recovery"}
{"timestamp":"2026-05-23T06:18:28.326847Z","level":"INFO","fields":{"message":"discovered recoverable session","session_id":"pw-session-0000-1057119-1779475121619","segments":6,"total_bytes":67485525,"has_init":true},"target":"cove_replay_engine::segment::recovery"}
{"timestamp":"2026-05-23T06:18:28.326960Z","level":"INFO","fields":{"message":"discovered recoverable session","session_id":"pw-session-0000-1057119-1779475066064","segments":11,"total_bytes":140147001,"has_init":true},"target":"cove_replay_engine::segment::recovery"}
{"timestamp":"2026-05-23T06:18:28.327099Z","level":"INFO","fields":{"message":"discovered recoverable session","session_id":"pw-session-0000-1057119-1779473142559","segments":11,"total_bytes":133153857,"has_init":true},"target":"cove_replay_engine::segment::recovery"}
{"timestamp":"2026-05-23T06:18:28.327207Z","level":"INFO","fields":{"message":"discovered recoverable session","session_id":"pw-session-0000-1057119-1779472730258","segments":11,"total_bytes":130243749,"has_init":true},"target":"cove_replay_engine::segment::recovery"}
{"timestamp":"2026-05-23T06:18:28.327313Z","level":"INFO","fields":{"message":"discovered recoverable session","session_id":"pw-session-0000-754390-1779416974675","segments":13,"total_bytes":7735032,"has_init":true},"target":"cove_replay_engine::segment::recovery"}
{"timestamp":"2026-05-23T06:18:28.327388Z","level":"INFO","fields":{"message":"discovered recoverable session","session_id":"pw-session-0000-753847-1779416924536","segments":8,"total_bytes":4387820,"has_init":true},"target":"cove_replay_engine::segment::recovery"}
{"timestamp":"2026-05-23T06:18:28.327491Z","level":"INFO","fields":{"message":"discovered recoverable session","session_id":"pw-session-0000-753362-1779416844334","segments":13,"total_bytes":7581671,"has_init":true},"target":"cove_replay_engine::segment::recovery"}
{"timestamp":"2026-05-23T06:18:28.327640Z","level":"INFO","fields":{"message":"discovered recoverable session","session_id":"pw-session-0000-752878-1779416764121","segments":13,"total_bytes":7827319,"has_init":true},"target":"cove_replay_engine::segment::recovery"}
{"timestamp":"2026-05-23T06:18:28.327769Z","level":"INFO","fields":{"message":"discovered recoverable session","session_id":"pw-session-0000-752341-1779416683915","segments":13,"total_bytes":7820797,"has_init":true},"target":"cove_replay_engine::segment::recovery"}
{"timestamp":"2026-05-23T06:18:28.327866Z","level":"INFO","fields":{"message":"discovered recoverable session","session_id":"pw-session-0000-751943-1779416653839","segments":11,"total_bytes":6326337,"has_init":true},"target":"cove_replay_engine::segment::recovery"}
{"timestamp":"2026-05-23T06:18:28.327975Z","level":"INFO","fields":{"message":"discovered recoverable session","session_id":"pw-session-0000-751435-1779416579402","segments":14,"total_bytes":8295900,"has_init":true},"target":"cove_replay_engine::segment::recovery"}
{"timestamp":"2026-05-23T06:18:28.328010Z","level":"INFO","fields":{"message":"discovered recoverable session","session_id":"pw-session-0000-751088-1779416573633","segments":1,"total_bytes":102474,"has_init":true},"target":"cove_replay_engine::segment::recovery"}
{"timestamp":"2026-05-23T06:18:28.328117Z","level":"INFO","fields":{"message":"discovered recoverable session","session_id":"pw-session-0000-750649-1779416503463","segments":14,"total_bytes":8232916,"has_init":true},"target":"cove_replay_engine::segment::recovery"}
{"timestamp":"2026-05-23T06:18:28.328233Z","level":"INFO","fields":{"message":"discovered recoverable session","session_id":"pw-session-0000-740080-1779414668701","segments":12,"total_bytes":11591167,"has_init":true},"target":"cove_replay_engine::segment::recovery"}
{"timestamp":"2026-05-23T06:18:28.328330Z","level":"INFO","fields":{"message":"discovered recoverable session","session_id":"pw-session-0000-739490-1779414588489","segments":11,"total_bytes":11164551,"has_init":true},"target":"cove_replay_engine::segment::recovery"}
{"timestamp":"2026-05-23T06:18:28.328420Z","level":"INFO","fields":{"message":"discovered recoverable session","session_id":"pw-session-0000-739103-1779414558410","segments":10,"total_bytes":9430747,"has_init":true},"target":"cove_replay_engine::segment::recovery"}
{"timestamp":"2026-05-23T06:18:28.328517Z","level":"INFO","fields":{"message":"discovered recoverable session","session_id":"pw-session-0000-738664-1779414489111","segments":12,"total_bytes":11699332,"has_init":true},"target":"cove_replay_engine::segment::recovery"}
{"timestamp":"2026-05-23T06:18:28.328615Z","level":"INFO","fields":{"message":"discovered recoverable session","session_id":"pw-session-0000-716688-1779409301653","segments":8,"total_bytes":4480783,"has_init":true},"target":"cove_replay_engine::segment::recovery"}
{"timestamp":"2026-05-23T06:18:28.328730Z","level":"INFO","fields":{"message":"discovered recoverable session","session_id":"pw-session-0000-716124-1779409221448","segments":13,"total_bytes":7688949,"has_init":true},"target":"cove_replay_engine::segment::recovery"}
{"timestamp":"2026-05-23T06:18:28.328835Z","level":"INFO","fields":{"message":"discovered recoverable session","session_id":"pw-session-0000-715675-1779409141240","segments":13,"total_bytes":7964648,"has_init":true},"target":"cove_replay_engine::segment::recovery"}
{"timestamp":"2026-05-23T06:18:28.328938Z","level":"INFO","fields":{"message":"discovered recoverable session","session_id":"pw-session-0000-715118-1779409061034","segments":13,"total_bytes":7902025,"has_init":true},"target":"cove_replay_engine::segment::recovery"}
{"timestamp":"2026-05-23T06:18:28.329030Z","level":"INFO","fields":{"message":"discovered recoverable session","session_id":"pw-session-0000-714649-1779409034565","segments":11,"total_bytes":17935855,"has_init":true},"target":"cove_replay_engine::segment::recovery"}
{"timestamp":"2026-05-23T06:18:28.329131Z","level":"INFO","fields":{"message":"discovered recoverable session","session_id":"pw-session-0000-695577-1779404288875","segments":13,"total_bytes":8178368,"has_init":true},"target":"cove_replay_engine::segment::recovery"}
{"timestamp":"2026-05-23T06:18:28.329235Z","level":"INFO","fields":{"message":"discovered recoverable session","session_id":"pw-session-0000-695069-1779404208668","segments":13,"total_bytes":8161214,"has_init":true},"target":"cove_replay_engine::segment::recovery"}
{"timestamp":"2026-05-23T06:18:28.329326Z","level":"INFO","fields":{"message":"discovered recoverable session","session_id":"pw-session-0000-694672-1779404178591","segments":11,"total_bytes":6542218,"has_init":true},"target":"cove_replay_engine::segment::recovery"}
{"timestamp":"2026-05-23T06:18:28.329434Z","level":"INFO","fields":{"message":"discovered recoverable session","session_id":"pw-session-0000-694166-1779404108410","segments":14,"total_bytes":8600787,"has_init":true},"target":"cove_replay_engine::segment::recovery"}
{"timestamp":"2026-05-23T06:18:28.329468Z","level":"INFO","fields":{"message":"discovered recoverable session","session_id":"pw-session-0000-693815-1779404098386","segments":1,"total_bytes":107650,"has_init":true},"target":"cove_replay_engine::segment::recovery"}
{"timestamp":"2026-05-23T06:18:28.329575Z","level":"INFO","fields":{"message":"discovered recoverable session","session_id":"pw-session-0000-693401-1779404028207","segments":14,"total_bytes":8573649,"has_init":true},"target":"cove_replay_engine::segment::recovery"}
{"timestamp":"2026-05-23T06:18:28.329687Z","level":"INFO","fields":{"message":"discovered recoverable session","session_id":"pw-session-0000-675650-1779400717058","segments":14,"total_bytes":16644797,"has_init":true},"target":"cove_replay_engine::segment::recovery"}
{"timestamp":"2026-05-23T06:18:28.329795Z","level":"INFO","fields":{"message":"discovered recoverable session","session_id":"pw-session-0000-648824-1779394387663","segments":14,"total_bytes":8148620,"has_init":true},"target":"cove_replay_engine::segment::recovery"}
{"timestamp":"2026-05-23T06:18:28.329916Z","level":"INFO","fields":{"message":"discovered recoverable session","session_id":"pw-session-0000-621683-1779389638096","segments":15,"total_bytes":579071,"has_init":true},"target":"cove_replay_engine::segment::recovery"}
{"timestamp":"2026-05-23T06:18:28.330033Z","level":"INFO","fields":{"message":"discovered recoverable session","session_id":"pw-session-0000-620990-1779389547392","segments":15,"total_bytes":598469,"has_init":true},"target":"cove_replay_engine::segment::recovery"}
{"timestamp":"2026-05-23T06:18:28.330147Z","level":"INFO","fields":{"message":"discovered recoverable session","session_id":"pw-session-0000-608326-1779388063854","segments":15,"total_bytes":401584,"has_init":true},"target":"cove_replay_engine::segment::recovery"}
{"timestamp":"2026-05-23T06:18:28.330262Z","level":"INFO","fields":{"message":"discovered recoverable session","session_id":"pw-session-0000-607862-1779388033780","segments":15,"total_bytes":405806,"has_init":true},"target":"cove_replay_engine::segment::recovery"}
{"timestamp":"2026-05-23T06:18:28.330378Z","level":"INFO","fields":{"message":"discovered recoverable session","session_id":"pw-session-0000-607111-1779387960158","segments":15,"total_bytes":412469,"has_init":true},"target":"cove_replay_engine::segment::recovery"}
{"timestamp":"2026-05-23T06:18:28.330417Z","level":"INFO","fields":{"message":"discovered recoverable session","session_id":"pw-session-0000-606777-1779387953570","segments":2,"total_bytes":45252,"has_init":true},"target":"cove_replay_engine::segment::recovery"}
{"timestamp":"2026-05-23T06:18:28.330532Z","level":"INFO","fields":{"message":"discovered recoverable session","session_id":"pw-session-0000-606152-1779387883404","segments":15,"total_bytes":409834,"has_init":true},"target":"cove_replay_engine::segment::recovery"}
{"timestamp":"2026-05-23T06:18:28.330647Z","level":"INFO","fields":{"message":"discovered recoverable session","session_id":"pw-session-0000-528209-1779356005542","segments":15,"total_bytes":399575,"has_init":true},"target":"cove_replay_engine::segment::recovery"}
{"timestamp":"2026-05-23T06:18:28.330764Z","level":"INFO","fields":{"message":"discovered recoverable session","session_id":"pw-session-0000-527769-1779355975464","segments":15,"total_bytes":396353,"has_init":true},"target":"cove_replay_engine::segment::recovery"}
{"timestamp":"2026-05-23T06:18:28.330878Z","level":"INFO","fields":{"message":"discovered recoverable session","session_id":"pw-session-0000-527039-1779355904528","segments":15,"total_bytes":399909,"has_init":true},"target":"cove_replay_engine::segment::recovery"}
{"timestamp":"2026-05-23T06:18:28.330916Z","level":"INFO","fields":{"message":"discovered recoverable session","session_id":"pw-session-0000-526726-1779355900049","segments":2,"total_bytes":43230,"has_init":true},"target":"cove_replay_engine::segment::recovery"}
{"timestamp":"2026-05-23T06:18:28.331027Z","level":"INFO","fields":{"message":"discovered recoverable session","session_id":"pw-session-0000-526271-1779355835103","segments":15,"total_bytes":418751,"has_init":true},"target":"cove_replay_engine::segment::recovery"}
{"timestamp":"2026-05-23T06:18:28.331142Z","level":"INFO","fields":{"message":"discovered recoverable session","session_id":"pw-session-0000-488643-1779348732790","segments":15,"total_bytes":412854,"has_init":false},"target":"cove_replay_engine::segment::recovery"}
{"timestamp":"2026-05-23T06:18:28.331258Z","level":"INFO","fields":{"message":"discovered recoverable session","session_id":"pw-session-0000-488219-1779348704506","segments":15,"total_bytes":404771,"has_init":false},"target":"cove_replay_engine::segment::recovery"}
{"timestamp":"2026-05-23T06:18:28.331373Z","level":"INFO","fields":{"message":"discovered recoverable session","session_id":"pw-session-0000-487563-1779348634941","segments":15,"total_bytes":403920,"has_init":false},"target":"cove_replay_engine::segment::recovery"}
{"timestamp":"2026-05-23T06:18:28.331412Z","level":"INFO","fields":{"message":"discovered recoverable session","session_id":"pw-session-0000-487247-1779348630300","segments":2,"total_bytes":39923,"has_init":false},"target":"cove_replay_engine::segment::recovery"}
{"timestamp":"2026-05-23T06:18:28.331529Z","level":"INFO","fields":{"message":"discovered recoverable session","session_id":"pw-session-0000-486664-1779348565018","segments":15,"total_bytes":399094,"has_init":false},"target":"cove_replay_engine::segment::recovery"}
{"timestamp":"2026-05-23T06:18:28.331645Z","level":"INFO","fields":{"message":"discovered recoverable session","session_id":"pw-session-0000-448304-1779336085323","segments":15,"total_bytes":425927,"has_init":false},"target":"cove_replay_engine::segment::recovery"}
{"timestamp":"2026-05-23T06:18:28.331759Z","level":"INFO","fields":{"message":"discovered recoverable session","session_id":"pw-session-0000-447871-1779336055245","segments":15,"total_bytes":422570,"has_init":false},"target":"cove_replay_engine::segment::recovery"}
{"timestamp":"2026-05-23T06:18:28.331872Z","level":"INFO","fields":{"message":"discovered recoverable session","session_id":"pw-session-0000-447332-1779335985067","segments":15,"total_bytes":437816,"has_init":false},"target":"cove_replay_engine::segment::recovery"}
{"timestamp":"2026-05-23T06:18:28.331930Z","level":"INFO","fields":{"message":"discovered recoverable session","session_id":"pw-session-0000-447004-1779335975040","segments":2,"total_bytes":45438,"has_init":false},"target":"cove_replay_engine::segment::recovery"}
{"timestamp":"2026-05-23T06:18:28.332047Z","level":"INFO","fields":{"message":"discovered recoverable session","session_id":"pw-session-0000-446368-1779335904858","segments":15,"total_bytes":422563,"has_init":false},"target":"cove_replay_engine::segment::recovery"}
{"timestamp":"2026-05-23T06:18:28.332162Z","level":"INFO","fields":{"message":"discovered recoverable session","session_id":"pw-session-0000-433369-1779331848550","segments":15,"total_bytes":575246,"has_init":false},"target":"cove_replay_engine::segment::recovery"}
{"timestamp":"2026-05-23T06:18:28.332235Z","level":"INFO","fields":{"message":"discovered recoverable session","session_id":"pw-session-0000-306991-1779298114212","segments":1,"total_bytes":27641,"has_init":false},"target":"cove_replay_engine::segment::recovery"}
{"timestamp":"2026-05-23T06:18:28.332307Z","level":"INFO","fields":{"message":"discovered recoverable session","session_id":"pw-session-0000-276374-1779293632543","segments":1,"total_bytes":26277,"has_init":false},"target":"cove_replay_engine::segment::recovery"}
{"timestamp":"2026-05-23T06:18:28.332427Z","level":"INFO","fields":{"message":"discovered recoverable sessions from prior crash","count":65},"target":"cove_replay_engine::transport::server"}
{"timestamp":"2026-05-23T06:18:28.362116Z","level":"INFO","fields":{"message":"listening","socket":"/run/user/1000/cove-screen-recorder/engine.sock"},"target":"cove_replay_engine::transport::server"}
{"timestamp":"2026-05-23T06:25:06.525893Z","level":"INFO","fields":{"message":"engine.shutdown requested"},"target":"cove_replay_engine::transport::server"}
{"timestamp":"2026-05-23T06:25:08.534705Z","level":"INFO","fields":{"message":"cove-replay-engine started","version":"0.1.0","protocol_version":1},"target":"cove_replay_engine"}
{"timestamp":"2026-05-23T06:25:08.535039Z","level":"INFO","fields":{"message":"discovered recoverable session","session_id":"pw-session-0000-1209923-1779515463207","segments":11,"total_bytes":11078784,"has_init":true},"target":"cove_replay_engine::segment::recovery"}
{"timestamp":"2026-05-23T06:25:08.535192Z","level":"INFO","fields":{"message":"discovered recoverable session","session_id":"pw-session-0000-1187898-1779512250870","segments":14,"total_bytes":19853039,"has_init":true},"target":"cove_replay_engine::segment::recovery"}
{"timestamp":"2026-05-23T06:25:08.535290Z","level":"INFO","fields":{"message":"discovered recoverable session","session_id":"pw-session-0000-1158597-1779507615060","segments":10,"total_bytes":83036681,"has_init":true},"target":"cove_replay_engine::segment::recovery"}
{"timestamp":"2026-05-23T06:25:08.535388Z","level":"INFO","fields":{"message":"discovered recoverable session","session_id":"pw-session-0000-1057119-1779492633734","segments":10,"total_bytes":90123114,"has_init":true},"target":"cove_replay_engine::segment::recovery"}
{"timestamp":"2026-05-23T06:25:08.535476Z","level":"INFO","fields":{"message":"discovered recoverable session","session_id":"pw-session-0000-1057119-1779492537384","segments":10,"total_bytes":98487839,"has_init":true},"target":"cove_replay_engine::segment::recovery"}
{"timestamp":"2026-05-23T06:25:08.535534Z","level":"INFO","fields":{"message":"discovered recoverable session","session_id":"pw-session-0000-1057119-1779477397095","segments":5,"total_bytes":49361088,"has_init":true},"target":"cove_replay_engine::segment::recovery"}
{"timestamp":"2026-05-23T06:25:08.535629Z","level":"INFO","fields":{"message":"discovered recoverable session","session_id":"pw-session-0000-1057119-1779476237636","segments":11,"total_bytes":115817413,"has_init":true},"target":"cove_replay_engine::segment::recovery"}
{"timestamp":"2026-05-23T06:25:08.535664Z","level":"INFO","fields":{"message":"discovered recoverable session","session_id":"pw-session-0000-1057119-1779476067094","segments":1,"total_bytes":9608417,"has_init":true},"target":"cove_replay_engine::segment::recovery"}
{"timestamp":"2026-05-23T06:25:08.535726Z","level":"INFO","fields":{"message":"discovered recoverable session","session_id":"pw-session-0000-1057119-1779475770250","segments":6,"total_bytes":76988198,"has_init":true},"target":"cove_replay_engine::segment::recovery"}
{"timestamp":"2026-05-23T06:25:08.535801Z","level":"INFO","fields":{"message":"discovered recoverable session","session_id":"pw-session-0000-1057119-1779475745835","segments":8,"total_bytes":89227171,"has_init":true},"target":"cove_replay_engine::segment::recovery"}
{"timestamp":"2026-05-23T06:25:08.535865Z","level":"INFO","fields":{"message":"discovered recoverable session","session_id":"pw-session-0000-1057119-1779475121619","segments":6,"total_bytes":67485525,"has_init":true},"target":"cove_replay_engine::segment::recovery"}
{"timestamp":"2026-05-23T06:25:08.535960Z","level":"INFO","fields":{"message":"discovered recoverable session","session_id":"pw-session-0000-1057119-1779475066064","segments":11,"total_bytes":140147001,"has_init":true},"target":"cove_replay_engine::segment::recovery"}
{"timestamp":"2026-05-23T06:25:08.536052Z","level":"INFO","fields":{"message":"discovered recoverable session","session_id":"pw-session-0000-1057119-1779473142559","segments":11,"total_bytes":133153857,"has_init":true},"target":"cove_replay_engine::segment::recovery"}
{"timestamp":"2026-05-23T06:25:08.536143Z","level":"INFO","fields":{"message":"discovered recoverable session","session_id":"pw-session-0000-1057119-1779472730258","segments":11,"total_bytes":130243749,"has_init":true},"target":"cove_replay_engine::segment::recovery"}
{"timestamp":"2026-05-23T06:25:08.536255Z","level":"INFO","fields":{"message":"discovered recoverable session","session_id":"pw-session-0000-754390-1779416974675","segments":13,"total_bytes":7735032,"has_init":true},"target":"cove_replay_engine::segment::recovery"}
{"timestamp":"2026-05-23T06:25:08.536336Z","level":"INFO","fields":{"message":"discovered recoverable session","session_id":"pw-session-0000-753847-1779416924536","segments":8,"total_bytes":4387820,"has_init":true},"target":"cove_replay_engine::segment::recovery"}
{"timestamp":"2026-05-23T06:25:08.536439Z","level":"INFO","fields":{"message":"discovered recoverable session","session_id":"pw-session-0000-753362-1779416844334","segments":13,"total_bytes":7581671,"has_init":true},"target":"cove_replay_engine::segment::recovery"}
{"timestamp":"2026-05-23T06:25:08.536540Z","level":"INFO","fields":{"message":"discovered recoverable session","session_id":"pw-session-0000-752878-1779416764121","segments":13,"total_bytes":7827319,"has_init":true},"target":"cove_replay_engine::segment::recovery"}
{"timestamp":"2026-05-23T06:25:08.536642Z","level":"INFO","fields":{"message":"discovered recoverable session","session_id":"pw-session-0000-752341-1779416683915","segments":13,"total_bytes":7820797,"has_init":true},"target":"cove_replay_engine::segment::recovery"}
{"timestamp":"2026-05-23T06:25:08.536737Z","level":"INFO","fields":{"message":"discovered recoverable session","session_id":"pw-session-0000-751943-1779416653839","segments":11,"total_bytes":6326337,"has_init":true},"target":"cove_replay_engine::segment::recovery"}
{"timestamp":"2026-05-23T06:25:08.536845Z","level":"INFO","fields":{"message":"discovered recoverable session","session_id":"pw-session-0000-751435-1779416579402","segments":14,"total_bytes":8295900,"has_init":true},"target":"cove_replay_engine::segment::recovery"}
{"timestamp":"2026-05-23T06:25:08.536878Z","level":"INFO","fields":{"message":"discovered recoverable session","session_id":"pw-session-0000-751088-1779416573633","segments":1,"total_bytes":102474,"has_init":true},"target":"cove_replay_engine::segment::recovery"}
{"timestamp":"2026-05-23T06:25:08.536982Z","level":"INFO","fields":{"message":"discovered recoverable session","session_id":"pw-session-0000-750649-1779416503463","segments":14,"total_bytes":8232916,"has_init":true},"target":"cove_replay_engine::segment::recovery"}
{"timestamp":"2026-05-23T06:25:08.537081Z","level":"INFO","fields":{"message":"discovered recoverable session","session_id":"pw-session-0000-740080-1779414668701","segments":12,"total_bytes":11591167,"has_init":true},"target":"cove_replay_engine::segment::recovery"}
{"timestamp":"2026-05-23T06:25:08.537175Z","level":"INFO","fields":{"message":"discovered recoverable session","session_id":"pw-session-0000-739490-1779414588489","segments":11,"total_bytes":11164551,"has_init":true},"target":"cove_replay_engine::segment::recovery"}
{"timestamp":"2026-05-23T06:25:08.537261Z","level":"INFO","fields":{"message":"discovered recoverable session","session_id":"pw-session-0000-739103-1779414558410","segments":10,"total_bytes":9430747,"has_init":true},"target":"cove_replay_engine::segment::recovery"}
{"timestamp":"2026-05-23T06:25:08.537358Z","level":"INFO","fields":{"message":"discovered recoverable session","session_id":"pw-session-0000-738664-1779414489111","segments":12,"total_bytes":11699332,"has_init":true},"target":"cove_replay_engine::segment::recovery"}
{"timestamp":"2026-05-23T06:25:08.537433Z","level":"INFO","fields":{"message":"discovered recoverable session","session_id":"pw-session-0000-716688-1779409301653","segments":8,"total_bytes":4480783,"has_init":true},"target":"cove_replay_engine::segment::recovery"}
{"timestamp":"2026-05-23T06:25:08.537537Z","level":"INFO","fields":{"message":"discovered recoverable session","session_id":"pw-session-0000-716124-1779409221448","segments":13,"total_bytes":7688949,"has_init":true},"target":"cove_replay_engine::segment::recovery"}
{"timestamp":"2026-05-23T06:25:08.537640Z","level":"INFO","fields":{"message":"discovered recoverable session","session_id":"pw-session-0000-715675-1779409141240","segments":13,"total_bytes":7964648,"has_init":true},"target":"cove_replay_engine::segment::recovery"}
{"timestamp":"2026-05-23T06:25:08.537744Z","level":"INFO","fields":{"message":"discovered recoverable session","session_id":"pw-session-0000-715118-1779409061034","segments":13,"total_bytes":7902025,"has_init":true},"target":"cove_replay_engine::segment::recovery"}
{"timestamp":"2026-05-23T06:25:08.537838Z","level":"INFO","fields":{"message":"discovered recoverable session","session_id":"pw-session-0000-714649-1779409034565","segments":11,"total_bytes":17935855,"has_init":true},"target":"cove_replay_engine::segment::recovery"}
{"timestamp":"2026-05-23T06:25:08.537938Z","level":"INFO","fields":{"message":"discovered recoverable session","session_id":"pw-session-0000-695577-1779404288875","segments":13,"total_bytes":8178368,"has_init":true},"target":"cove_replay_engine::segment::recovery"}
{"timestamp":"2026-05-23T06:25:08.538042Z","level":"INFO","fields":{"message":"discovered recoverable session","session_id":"pw-session-0000-695069-1779404208668","segments":13,"total_bytes":8161214,"has_init":true},"target":"cove_replay_engine::segment::recovery"}
{"timestamp":"2026-05-23T06:25:08.538135Z","level":"INFO","fields":{"message":"discovered recoverable session","session_id":"pw-session-0000-694672-1779404178591","segments":11,"total_bytes":6542218,"has_init":true},"target":"cove_replay_engine::segment::recovery"}
{"timestamp":"2026-05-23T06:25:08.538242Z","level":"INFO","fields":{"message":"discovered recoverable session","session_id":"pw-session-0000-694166-1779404108410","segments":14,"total_bytes":8600787,"has_init":true},"target":"cove_replay_engine::segment::recovery"}
{"timestamp":"2026-05-23T06:25:08.538275Z","level":"INFO","fields":{"message":"discovered recoverable session","session_id":"pw-session-0000-693815-1779404098386","segments":1,"total_bytes":107650,"has_init":true},"target":"cove_replay_engine::segment::recovery"}
{"timestamp":"2026-05-23T06:25:08.538384Z","level":"INFO","fields":{"message":"discovered recoverable session","session_id":"pw-session-0000-693401-1779404028207","segments":14,"total_bytes":8573649,"has_init":true},"target":"cove_replay_engine::segment::recovery"}
{"timestamp":"2026-05-23T06:25:08.538494Z","level":"INFO","fields":{"message":"discovered recoverable session","session_id":"pw-session-0000-675650-1779400717058","segments":14,"total_bytes":16644797,"has_init":true},"target":"cove_replay_engine::segment::recovery"}
{"timestamp":"2026-05-23T06:25:08.538660Z","level":"INFO","fields":{"message":"discovered recoverable session","session_id":"pw-session-0000-648824-1779394387663","segments":14,"total_bytes":8148620,"has_init":true},"target":"cove_replay_engine::segment::recovery"}
{"timestamp":"2026-05-23T06:25:08.538789Z","level":"INFO","fields":{"message":"discovered recoverable session","session_id":"pw-session-0000-621683-1779389638096","segments":15,"total_bytes":579071,"has_init":true},"target":"cove_replay_engine::segment::recovery"}
{"timestamp":"2026-05-23T06:25:08.538907Z","level":"INFO","fields":{"message":"discovered recoverable session","session_id":"pw-session-0000-620990-1779389547392","segments":15,"total_bytes":598469,"has_init":true},"target":"cove_replay_engine::segment::recovery"}
{"timestamp":"2026-05-23T06:25:08.539027Z","level":"INFO","fields":{"message":"discovered recoverable session","session_id":"pw-session-0000-608326-1779388063854","segments":15,"total_bytes":401584,"has_init":true},"target":"cove_replay_engine::segment::recovery"}
{"timestamp":"2026-05-23T06:25:08.539152Z","level":"INFO","fields":{"message":"discovered recoverable session","session_id":"pw-session-0000-607862-1779388033780","segments":15,"total_bytes":405806,"has_init":true},"target":"cove_replay_engine::segment::recovery"}
{"timestamp":"2026-05-23T06:25:08.539267Z","level":"INFO","fields":{"message":"discovered recoverable session","session_id":"pw-session-0000-607111-1779387960158","segments":15,"total_bytes":412469,"has_init":true},"target":"cove_replay_engine::segment::recovery"}
{"timestamp":"2026-05-23T06:25:08.539307Z","level":"INFO","fields":{"message":"discovered recoverable session","session_id":"pw-session-0000-606777-1779387953570","segments":2,"total_bytes":45252,"has_init":true},"target":"cove_replay_engine::segment::recovery"}
{"timestamp":"2026-05-23T06:25:08.539421Z","level":"INFO","fields":{"message":"discovered recoverable session","session_id":"pw-session-0000-606152-1779387883404","segments":15,"total_bytes":409834,"has_init":true},"target":"cove_replay_engine::segment::recovery"}
{"timestamp":"2026-05-23T06:25:08.539535Z","level":"INFO","fields":{"message":"discovered recoverable session","session_id":"pw-session-0000-528209-1779356005542","segments":15,"total_bytes":399575,"has_init":true},"target":"cove_replay_engine::segment::recovery"}
{"timestamp":"2026-05-23T06:25:08.539649Z","level":"INFO","fields":{"message":"discovered recoverable session","session_id":"pw-session-0000-527769-1779355975464","segments":15,"total_bytes":396353,"has_init":true},"target":"cove_replay_engine::segment::recovery"}
{"timestamp":"2026-05-23T06:25:08.539761Z","level":"INFO","fields":{"message":"discovered recoverable session","session_id":"pw-session-0000-527039-1779355904528","segments":15,"total_bytes":399909,"has_init":true},"target":"cove_replay_engine::segment::recovery"}
{"timestamp":"2026-05-23T06:25:08.539803Z","level":"INFO","fields":{"message":"discovered recoverable session","session_id":"pw-session-0000-526726-1779355900049","segments":2,"total_bytes":43230,"has_init":true},"target":"cove_replay_engine::segment::recovery"}
{"timestamp":"2026-05-23T06:25:08.539913Z","level":"INFO","fields":{"message":"discovered recoverable session","session_id":"pw-session-0000-526271-1779355835103","segments":15,"total_bytes":418751,"has_init":true},"target":"cove_replay_engine::segment::recovery"}
{"timestamp":"2026-05-23T06:25:08.540031Z","level":"INFO","fields":{"message":"discovered recoverable session","session_id":"pw-session-0000-488643-1779348732790","segments":15,"total_bytes":412854,"has_init":false},"target":"cove_replay_engine::segment::recovery"}
{"timestamp":"2026-05-23T06:25:08.540144Z","level":"INFO","fields":{"message":"discovered recoverable session","session_id":"pw-session-0000-488219-1779348704506","segments":15,"total_bytes":404771,"has_init":false},"target":"cove_replay_engine::segment::recovery"}
{"timestamp":"2026-05-23T06:25:08.540256Z","level":"INFO","fields":{"message":"discovered recoverable session","session_id":"pw-session-0000-487563-1779348634941","segments":15,"total_bytes":403920,"has_init":false},"target":"cove_replay_engine::segment::recovery"}
{"timestamp":"2026-05-23T06:25:08.540294Z","level":"INFO","fields":{"message":"discovered recoverable session","session_id":"pw-session-0000-487247-1779348630300","segments":2,"total_bytes":39923,"has_init":false},"target":"cove_replay_engine::segment::recovery"}
{"timestamp":"2026-05-23T06:25:08.540415Z","level":"INFO","fields":{"message":"discovered recoverable session","session_id":"pw-session-0000-486664-1779348565018","segments":15,"total_bytes":399094,"has_init":false},"target":"cove_replay_engine::segment::recovery"}
{"timestamp":"2026-05-23T06:25:08.540530Z","level":"INFO","fields":{"message":"discovered recoverable session","session_id":"pw-session-0000-448304-1779336085323","segments":15,"total_bytes":425927,"has_init":false},"target":"cove_replay_engine::segment::recovery"}
{"timestamp":"2026-05-23T06:25:08.540643Z","level":"INFO","fields":{"message":"discovered recoverable session","session_id":"pw-session-0000-447871-1779336055245","segments":15,"total_bytes":422570,"has_init":false},"target":"cove_replay_engine::segment::recovery"}
{"timestamp":"2026-05-23T06:25:08.540756Z","level":"INFO","fields":{"message":"discovered recoverable session","session_id":"pw-session-0000-447332-1779335985067","segments":15,"total_bytes":437816,"has_init":false},"target":"cove_replay_engine::segment::recovery"}
{"timestamp":"2026-05-23T06:25:08.540795Z","level":"INFO","fields":{"message":"discovered recoverable session","session_id":"pw-session-0000-447004-1779335975040","segments":2,"total_bytes":45438,"has_init":false},"target":"cove_replay_engine::segment::recovery"}
{"timestamp":"2026-05-23T06:25:08.540907Z","level":"INFO","fields":{"message":"discovered recoverable session","session_id":"pw-session-0000-446368-1779335904858","segments":15,"total_bytes":422563,"has_init":false},"target":"cove_replay_engine::segment::recovery"}
{"timestamp":"2026-05-23T06:25:08.541020Z","level":"INFO","fields":{"message":"discovered recoverable session","session_id":"pw-session-0000-433369-1779331848550","segments":15,"total_bytes":575246,"has_init":false},"target":"cove_replay_engine::segment::recovery"}
{"timestamp":"2026-05-23T06:25:08.541094Z","level":"INFO","fields":{"message":"discovered recoverable session","session_id":"pw-session-0000-306991-1779298114212","segments":1,"total_bytes":27641,"has_init":false},"target":"cove_replay_engine::segment::recovery"}
{"timestamp":"2026-05-23T06:25:08.541169Z","level":"INFO","fields":{"message":"discovered recoverable session","session_id":"pw-session-0000-276374-1779293632543","segments":1,"total_bytes":26277,"has_init":false},"target":"cove_replay_engine::segment::recovery"}
{"timestamp":"2026-05-23T06:25:08.541295Z","level":"INFO","fields":{"message":"discovered recoverable sessions from prior crash","count":65},"target":"cove_replay_engine::transport::server"}
{"timestamp":"2026-05-23T06:25:08.572498Z","level":"INFO","fields":{"message":"listening","socket":"/run/user/1000/cove-screen-recorder/engine.sock"},"target":"cove_replay_engine::transport::server"}
{"timestamp":"2026-05-23T06:25:33.641293Z","level":"INFO","fields":{"message":"portal session established","session_id":"pw-session-0000-1224592-1779517533641","node_id":67},"target":"cove_replay_engine::capture::pipewire"}
{"timestamp":"2026-05-23T06:25:33.650211Z","level":"WARN","fields":{"message":"PW stream errored during DMA-BUF-only negotiation: no more input formats; triggering SHM-only fallback retry"},"target":"cove_replay_engine::capture::pipewire"}
{"timestamp":"2026-05-23T06:25:33.650255Z","level":"INFO","fields":{"message":"PW: DMA-BUF negotiation hard-failed; reconnecting with SHM-only fallback"},"target":"cove_replay_engine::capture::pipewire"}
{"timestamp":"2026-05-23T06:25:33.656014Z","level":"INFO","fields":{"message":"PW stream ready","session_id":"pw-session-0000-1224592-1779517533641","stream_id":"pw-stream-0000","width":3840,"height":2160,"fourcc":"XR24"},"target":"cove_replay_engine::capture::pipewire"}
{"timestamp":"2026-05-23T06:25:59.156111Z","level":"INFO","fields":{"message":"export.queued","export_id":"exp-1779517559156083846-0001","snapshot_id":"snap-1779517559153511294-0000","requested_duration_s":25.227322222222224,"pid":1224592},"target":"cove_replay_engine::export"}
{"timestamp":"2026-05-23T06:25:59.156391Z","level":"INFO","fields":{"message":"export.started","export_id":"exp-1779517559156083846-0001","snapshot_id":"snap-1779517559153511294-0000","est_duration_s":25.227322222222224,"est_output_bytes":107763507,"tmp_path":"/run/user/1000/cove-screen-recorder/exports/exp-1779517559156083846-0001.tmp","final_path":"/run/user/1000/cove-screen-recorder/exports/exp-1779517559156083846-0001.mp4","pid":1224592},"target":"cove_replay_engine::export"}
{"timestamp":"2026-05-23T06:25:59.379486Z","level":"INFO","fields":{"message":"export.muxing enter","export_id":"exp-1779517559156083846-0001","bytes_out":107657245,"elapsed_ms":222},"target":"cove_replay_engine::export"}
{"timestamp":"2026-05-23T06:25:59.379701Z","level":"INFO","fields":{"message":"export.tmp fsync success","export_id":"exp-1779517559156083846-0001","tmp_bytes":107657245,"tmp_path":"/run/user/1000/cove-screen-recorder/exports/exp-1779517559156083846-0001.tmp"},"target":"cove_replay_engine::export"}
{"timestamp":"2026-05-23T06:25:59.379843Z","level":"INFO","fields":{"message":"export.rename success (same-device)","export_id":"exp-1779517559156083846-0001","final_path":"/run/user/1000/cove-screen-recorder/exports/exp-1779517559156083846-0001.mp4"},"target":"cove_replay_engine::export"}
{"timestamp":"2026-05-23T06:25:59.379934Z","level":"INFO","fields":{"message":"export.dir fsync success","export_id":"exp-1779517559156083846-0001","dir":"/run/user/1000/cove-screen-recorder/exports"},"target":"cove_replay_engine::export"}
{"timestamp":"2026-05-23T06:26:01.702252Z","level":"INFO","fields":{"message":"export.sha256 success","export_id":"exp-1779517559156083846-0001","bytes":107657245,"sha256":"bfe7ee5aa78cd0a9eb3f91a1ba24dbb9a1aa3f7f60585a8844b11e39b774d845","final_path":"/run/user/1000/cove-screen-recorder/exports/exp-1779517559156083846-0001.mp4"},"target":"cove_replay_engine::export"}
{"timestamp":"2026-05-23T06:26:01.702329Z","level":"INFO","fields":{"message":"export.completion preswap","export_id":"exp-1779517559156083846-0001","terminal_fired_was":false,"mux_duration_ms":2322,"total_duration_ms":2545},"target":"cove_replay_engine::export"}
{"timestamp":"2026-05-23T06:26:01.702352Z","level":"INFO","fields":{"message":"export.completion postswap","export_id":"exp-1779517559156083846-0001","mux_duration_ms":2322,"total_duration_ms":2545},"target":"cove_replay_engine::export"}
{"timestamp":"2026-05-23T06:26:01.702454Z","level":"INFO","fields":{"message":"export.completed emit","export_id":"exp-1779517559156083846-0001","final_path":"/run/user/1000/cove-screen-recorder/exports/exp-1779517559156083846-0001.mp4","bytes":107657245,"sha256":"bfe7ee5aa78cd0a9eb3f91a1ba24dbb9a1aa3f7f60585a8844b11e39b774d845","total_duration_ms":2545,"pid":1224592},"target":"cove_replay_engine::export"}
{"timestamp":"2026-05-23T07:54:55.774078Z","level":"INFO","fields":{"message":"cove-replay-engine started","version":"0.1.0","protocol_version":1},"target":"cove_replay_engine"}
{"timestamp":"2026-05-23T07:54:55.774736Z","level":"INFO","fields":{"message":"discovered recoverable session","session_id":"pw-session-0000-1224592-1779517533641","segments":11,"total_bytes":138251913,"has_init":true},"target":"cove_replay_engine::segment::recovery"}
{"timestamp":"2026-05-23T07:54:55.774868Z","level":"INFO","fields":{"message":"discovered recoverable session","session_id":"pw-session-0000-1209923-1779515463207","segments":11,"total_bytes":11078784,"has_init":true},"target":"cove_replay_engine::segment::recovery"}
{"timestamp":"2026-05-23T07:54:55.775032Z","level":"INFO","fields":{"message":"discovered recoverable session","session_id":"pw-session-0000-1187898-1779512250870","segments":14,"total_bytes":19853039,"has_init":true},"target":"cove_replay_engine::segment::recovery"}
{"timestamp":"2026-05-23T07:54:55.775151Z","level":"INFO","fields":{"message":"discovered recoverable session","session_id":"pw-session-0000-1158597-1779507615060","segments":10,"total_bytes":83036681,"has_init":true},"target":"cove_replay_engine::segment::recovery"}
{"timestamp":"2026-05-23T07:54:55.775246Z","level":"INFO","fields":{"message":"discovered recoverable session","session_id":"pw-session-0000-1057119-1779492633734","segments":10,"total_bytes":90123114,"has_init":true},"target":"cove_replay_engine::segment::recovery"}
{"timestamp":"2026-05-23T07:54:55.775353Z","level":"INFO","fields":{"message":"discovered recoverable session","session_id":"pw-session-0000-1057119-1779492537384","segments":10,"total_bytes":98487839,"has_init":true},"target":"cove_replay_engine::segment::recovery"}
{"timestamp":"2026-05-23T07:54:55.775417Z","level":"INFO","fields":{"message":"discovered recoverable session","session_id":"pw-session-0000-1057119-1779477397095","segments":5,"total_bytes":49361088,"has_init":true},"target":"cove_replay_engine::segment::recovery"}
{"timestamp":"2026-05-23T07:54:55.775514Z","level":"INFO","fields":{"message":"discovered recoverable session","session_id":"pw-session-0000-1057119-1779476237636","segments":11,"total_bytes":115817413,"has_init":true},"target":"cove_replay_engine::segment::recovery"}
{"timestamp":"2026-05-23T07:54:55.775549Z","level":"INFO","fields":{"message":"discovered recoverable session","session_id":"pw-session-0000-1057119-1779476067094","segments":1,"total_bytes":9608417,"has_init":true},"target":"cove_replay_engine::segment::recovery"}
{"timestamp":"2026-05-23T07:54:55.775618Z","level":"INFO","fields":{"message":"discovered recoverable session","session_id":"pw-session-0000-1057119-1779475770250","segments":6,"total_bytes":76988198,"has_init":true},"target":"cove_replay_engine::segment::recovery"}
{"timestamp":"2026-05-23T07:54:55.775694Z","level":"INFO","fields":{"message":"discovered recoverable session","session_id":"pw-session-0000-1057119-1779475745835","segments":8,"total_bytes":89227171,"has_init":true},"target":"cove_replay_engine::segment::recovery"}
{"timestamp":"2026-05-23T07:54:55.775758Z","level":"INFO","fields":{"message":"discovered recoverable session","session_id":"pw-session-0000-1057119-1779475121619","segments":6,"total_bytes":67485525,"has_init":true},"target":"cove_replay_engine::segment::recovery"}
{"timestamp":"2026-05-23T07:54:55.775852Z","level":"INFO","fields":{"message":"discovered recoverable session","session_id":"pw-session-0000-1057119-1779475066064","segments":11,"total_bytes":140147001,"has_init":true},"target":"cove_replay_engine::segment::recovery"}
{"timestamp":"2026-05-23T07:54:55.775950Z","level":"INFO","fields":{"message":"discovered recoverable session","session_id":"pw-session-0000-1057119-1779473142559","segments":11,"total_bytes":133153857,"has_init":true},"target":"cove_replay_engine::segment::recovery"}
{"timestamp":"2026-05-23T07:54:55.776056Z","level":"INFO","fields":{"message":"discovered recoverable session","session_id":"pw-session-0000-1057119-1779472730258","segments":11,"total_bytes":130243749,"has_init":true},"target":"cove_replay_engine::segment::recovery"}
{"timestamp":"2026-05-23T07:54:55.776173Z","level":"INFO","fields":{"message":"discovered recoverable session","session_id":"pw-session-0000-754390-1779416974675","segments":13,"total_bytes":7735032,"has_init":true},"target":"cove_replay_engine::segment::recovery"}
{"timestamp":"2026-05-23T07:54:55.776251Z","level":"INFO","fields":{"message":"discovered recoverable session","session_id":"pw-session-0000-753847-1779416924536","segments":8,"total_bytes":4387820,"has_init":true},"target":"cove_replay_engine::segment::recovery"}
{"timestamp":"2026-05-23T07:54:55.776355Z","level":"INFO","fields":{"message":"discovered recoverable session","session_id":"pw-session-0000-753362-1779416844334","segments":13,"total_bytes":7581671,"has_init":true},"target":"cove_replay_engine::segment::recovery"}
{"timestamp":"2026-05-23T07:54:55.776458Z","level":"INFO","fields":{"message":"discovered recoverable session","session_id":"pw-session-0000-752878-1779416764121","segments":13,"total_bytes":7827319,"has_init":true},"target":"cove_replay_engine::segment::recovery"}
{"timestamp":"2026-05-23T07:54:55.776562Z","level":"INFO","fields":{"message":"discovered recoverable session","session_id":"pw-session-0000-752341-1779416683915","segments":13,"total_bytes":7820797,"has_init":true},"target":"cove_replay_engine::segment::recovery"}
{"timestamp":"2026-05-23T07:54:55.776655Z","level":"INFO","fields":{"message":"discovered recoverable session","session_id":"pw-session-0000-751943-1779416653839","segments":11,"total_bytes":6326337,"has_init":true},"target":"cove_replay_engine::segment::recovery"}
{"timestamp":"2026-05-23T07:54:55.776770Z","level":"INFO","fields":{"message":"discovered recoverable session","session_id":"pw-session-0000-751435-1779416579402","segments":14,"total_bytes":8295900,"has_init":true},"target":"cove_replay_engine::segment::recovery"}
{"timestamp":"2026-05-23T07:54:55.776806Z","level":"INFO","fields":{"message":"discovered recoverable session","session_id":"pw-session-0000-751088-1779416573633","segments":1,"total_bytes":102474,"has_init":true},"target":"cove_replay_engine::segment::recovery"}
{"timestamp":"2026-05-23T07:54:55.776916Z","level":"INFO","fields":{"message":"discovered recoverable session","session_id":"pw-session-0000-750649-1779416503463","segments":14,"total_bytes":8232916,"has_init":true},"target":"cove_replay_engine::segment::recovery"}
{"timestamp":"2026-05-23T07:54:55.777014Z","level":"INFO","fields":{"message":"discovered recoverable session","session_id":"pw-session-0000-740080-1779414668701","segments":12,"total_bytes":11591167,"has_init":true},"target":"cove_replay_engine::segment::recovery"}
{"timestamp":"2026-05-23T07:54:55.777108Z","level":"INFO","fields":{"message":"discovered recoverable session","session_id":"pw-session-0000-739490-1779414588489","segments":11,"total_bytes":11164551,"has_init":true},"target":"cove_replay_engine::segment::recovery"}
{"timestamp":"2026-05-23T07:54:55.777193Z","level":"INFO","fields":{"message":"discovered recoverable session","session_id":"pw-session-0000-739103-1779414558410","segments":10,"total_bytes":9430747,"has_init":true},"target":"cove_replay_engine::segment::recovery"}
{"timestamp":"2026-05-23T07:54:55.777290Z","level":"INFO","fields":{"message":"discovered recoverable session","session_id":"pw-session-0000-738664-1779414489111","segments":12,"total_bytes":11699332,"has_init":true},"target":"cove_replay_engine::segment::recovery"}
{"timestamp":"2026-05-23T07:54:55.777376Z","level":"INFO","fields":{"message":"discovered recoverable session","session_id":"pw-session-0000-716688-1779409301653","segments":8,"total_bytes":4480783,"has_init":true},"target":"cove_replay_engine::segment::recovery"}
{"timestamp":"2026-05-23T07:54:55.777488Z","level":"INFO","fields":{"message":"discovered recoverable session","session_id":"pw-session-0000-716124-1779409221448","segments":13,"total_bytes":7688949,"has_init":true},"target":"cove_replay_engine::segment::recovery"}
{"timestamp":"2026-05-23T07:54:55.777597Z","level":"INFO","fields":{"message":"discovered recoverable session","session_id":"pw-session-0000-715675-1779409141240","segments":13,"total_bytes":7964648,"has_init":true},"target":"cove_replay_engine::segment::recovery"}
{"timestamp":"2026-05-23T07:54:55.777703Z","level":"INFO","fields":{"message":"discovered recoverable session","session_id":"pw-session-0000-715118-1779409061034","segments":13,"total_bytes":7902025,"has_init":true},"target":"cove_replay_engine::segment::recovery"}
{"timestamp":"2026-05-23T07:54:55.777794Z","level":"INFO","fields":{"message":"discovered recoverable session","session_id":"pw-session-0000-714649-1779409034565","segments":11,"total_bytes":17935855,"has_init":true},"target":"cove_replay_engine::segment::recovery"}
{"timestamp":"2026-05-23T07:54:55.777900Z","level":"INFO","fields":{"message":"discovered recoverable session","session_id":"pw-session-0000-695577-1779404288875","segments":13,"total_bytes":8178368,"has_init":true},"target":"cove_replay_engine::segment::recovery"}
{"timestamp":"2026-05-23T07:54:55.778016Z","level":"INFO","fields":{"message":"discovered recoverable session","session_id":"pw-session-0000-695069-1779404208668","segments":13,"total_bytes":8161214,"has_init":true},"target":"cove_replay_engine::segment::recovery"}
{"timestamp":"2026-05-23T07:54:55.778115Z","level":"INFO","fields":{"message":"discovered recoverable session","session_id":"pw-session-0000-694672-1779404178591","segments":11,"total_bytes":6542218,"has_init":true},"target":"cove_replay_engine::segment::recovery"}
{"timestamp":"2026-05-23T07:54:55.778225Z","level":"INFO","fields":{"message":"discovered recoverable session","session_id":"pw-session-0000-694166-1779404108410","segments":14,"total_bytes":8600787,"has_init":true},"target":"cove_replay_engine::segment::recovery"}
{"timestamp":"2026-05-23T07:54:55.778258Z","level":"INFO","fields":{"message":"discovered recoverable session","session_id":"pw-session-0000-693815-1779404098386","segments":1,"total_bytes":107650,"has_init":true},"target":"cove_replay_engine::segment::recovery"}
{"timestamp":"2026-05-23T07:54:55.778368Z","level":"INFO","fields":{"message":"discovered recoverable session","session_id":"pw-session-0000-693401-1779404028207","segments":14,"total_bytes":8573649,"has_init":true},"target":"cove_replay_engine::segment::recovery"}
{"timestamp":"2026-05-23T07:54:55.778478Z","level":"INFO","fields":{"message":"discovered recoverable session","session_id":"pw-session-0000-675650-1779400717058","segments":14,"total_bytes":16644797,"has_init":true},"target":"cove_replay_engine::segment::recovery"}
{"timestamp":"2026-05-23T07:54:55.778592Z","level":"INFO","fields":{"message":"discovered recoverable session","session_id":"pw-session-0000-648824-1779394387663","segments":14,"total_bytes":8148620,"has_init":true},"target":"cove_replay_engine::segment::recovery"}
{"timestamp":"2026-05-23T07:54:55.778711Z","level":"INFO","fields":{"message":"discovered recoverable session","session_id":"pw-session-0000-621683-1779389638096","segments":15,"total_bytes":579071,"has_init":true},"target":"cove_replay_engine::segment::recovery"}
{"timestamp":"2026-05-23T07:54:55.778826Z","level":"INFO","fields":{"message":"discovered recoverable session","session_id":"pw-session-0000-620990-1779389547392","segments":15,"total_bytes":598469,"has_init":true},"target":"cove_replay_engine::segment::recovery"}
{"timestamp":"2026-05-23T07:54:55.778943Z","level":"INFO","fields":{"message":"discovered recoverable session","session_id":"pw-session-0000-608326-1779388063854","segments":15,"total_bytes":401584,"has_init":true},"target":"cove_replay_engine::segment::recovery"}
{"timestamp":"2026-05-23T07:54:55.779062Z","level":"INFO","fields":{"message":"discovered recoverable session","session_id":"pw-session-0000-607862-1779388033780","segments":15,"total_bytes":405806,"has_init":true},"target":"cove_replay_engine::segment::recovery"}
{"timestamp":"2026-05-23T07:54:55.779177Z","level":"INFO","fields":{"message":"discovered recoverable session","session_id":"pw-session-0000-607111-1779387960158","segments":15,"total_bytes":412469,"has_init":true},"target":"cove_replay_engine::segment::recovery"}
{"timestamp":"2026-05-23T07:54:55.779217Z","level":"INFO","fields":{"message":"discovered recoverable session","session_id":"pw-session-0000-606777-1779387953570","segments":2,"total_bytes":45252,"has_init":true},"target":"cove_replay_engine::segment::recovery"}
{"timestamp":"2026-05-23T07:54:55.779334Z","level":"INFO","fields":{"message":"discovered recoverable session","session_id":"pw-session-0000-606152-1779387883404","segments":15,"total_bytes":409834,"has_init":true},"target":"cove_replay_engine::segment::recovery"}
{"timestamp":"2026-05-23T07:54:55.779448Z","level":"INFO","fields":{"message":"discovered recoverable session","session_id":"pw-session-0000-528209-1779356005542","segments":15,"total_bytes":399575,"has_init":true},"target":"cove_replay_engine::segment::recovery"}
{"timestamp":"2026-05-23T07:54:55.779564Z","level":"INFO","fields":{"message":"discovered recoverable session","session_id":"pw-session-0000-527769-1779355975464","segments":15,"total_bytes":396353,"has_init":true},"target":"cove_replay_engine::segment::recovery"}
{"timestamp":"2026-05-23T07:54:55.779679Z","level":"INFO","fields":{"message":"discovered recoverable session","session_id":"pw-session-0000-527039-1779355904528","segments":15,"total_bytes":399909,"has_init":true},"target":"cove_replay_engine::segment::recovery"}
{"timestamp":"2026-05-23T07:54:55.779721Z","level":"INFO","fields":{"message":"discovered recoverable session","session_id":"pw-session-0000-526726-1779355900049","segments":2,"total_bytes":43230,"has_init":true},"target":"cove_replay_engine::segment::recovery"}
{"timestamp":"2026-05-23T07:54:55.779842Z","level":"INFO","fields":{"message":"discovered recoverable session","session_id":"pw-session-0000-526271-1779355835103","segments":15,"total_bytes":418751,"has_init":true},"target":"cove_replay_engine::segment::recovery"}
{"timestamp":"2026-05-23T07:54:55.779957Z","level":"INFO","fields":{"message":"discovered recoverable session","session_id":"pw-session-0000-488643-1779348732790","segments":15,"total_bytes":412854,"has_init":false},"target":"cove_replay_engine::segment::recovery"}
{"timestamp":"2026-05-23T07:54:55.780074Z","level":"INFO","fields":{"message":"discovered recoverable session","session_id":"pw-session-0000-488219-1779348704506","segments":15,"total_bytes":404771,"has_init":false},"target":"cove_replay_engine::segment::recovery"}
{"timestamp":"2026-05-23T07:54:55.780190Z","level":"INFO","fields":{"message":"discovered recoverable session","session_id":"pw-session-0000-487563-1779348634941","segments":15,"total_bytes":403920,"has_init":false},"target":"cove_replay_engine::segment::recovery"}
{"timestamp":"2026-05-23T07:54:55.780230Z","level":"INFO","fields":{"message":"discovered recoverable session","session_id":"pw-session-0000-487247-1779348630300","segments":2,"total_bytes":39923,"has_init":false},"target":"cove_replay_engine::segment::recovery"}
{"timestamp":"2026-05-23T07:54:55.780353Z","level":"INFO","fields":{"message":"discovered recoverable session","session_id":"pw-session-0000-486664-1779348565018","segments":15,"total_bytes":399094,"has_init":false},"target":"cove_replay_engine::segment::recovery"}
{"timestamp":"2026-05-23T07:54:55.780473Z","level":"INFO","fields":{"message":"discovered recoverable session","session_id":"pw-session-0000-448304-1779336085323","segments":15,"total_bytes":425927,"has_init":false},"target":"cove_replay_engine::segment::recovery"}
{"timestamp":"2026-05-23T07:54:55.780591Z","level":"INFO","fields":{"message":"discovered recoverable session","session_id":"pw-session-0000-447871-1779336055245","segments":15,"total_bytes":422570,"has_init":false},"target":"cove_replay_engine::segment::recovery"}
{"timestamp":"2026-05-23T07:54:55.780711Z","level":"INFO","fields":{"message":"discovered recoverable session","session_id":"pw-session-0000-447332-1779335985067","segments":15,"total_bytes":437816,"has_init":false},"target":"cove_replay_engine::segment::recovery"}
{"timestamp":"2026-05-23T07:54:55.780751Z","level":"INFO","fields":{"message":"discovered recoverable session","session_id":"pw-session-0000-447004-1779335975040","segments":2,"total_bytes":45438,"has_init":false},"target":"cove_replay_engine::segment::recovery"}
{"timestamp":"2026-05-23T07:54:55.780867Z","level":"INFO","fields":{"message":"discovered recoverable session","session_id":"pw-session-0000-446368-1779335904858","segments":15,"total_bytes":422563,"has_init":false},"target":"cove_replay_engine::segment::recovery"}
{"timestamp":"2026-05-23T07:54:55.780983Z","level":"INFO","fields":{"message":"discovered recoverable session","session_id":"pw-session-0000-433369-1779331848550","segments":15,"total_bytes":575246,"has_init":false},"target":"cove_replay_engine::segment::recovery"}
{"timestamp":"2026-05-23T07:54:55.781057Z","level":"INFO","fields":{"message":"discovered recoverable session","session_id":"pw-session-0000-306991-1779298114212","segments":1,"total_bytes":27641,"has_init":false},"target":"cove_replay_engine::segment::recovery"}
{"timestamp":"2026-05-23T07:54:55.781134Z","level":"INFO","fields":{"message":"discovered recoverable session","session_id":"pw-session-0000-276374-1779293632543","segments":1,"total_bytes":26277,"has_init":false},"target":"cove_replay_engine::segment::recovery"}
{"timestamp":"2026-05-23T07:54:55.781241Z","level":"INFO","fields":{"message":"discovered recoverable sessions from prior crash","count":66},"target":"cove_replay_engine::transport::server"}
{"timestamp":"2026-05-23T07:54:55.822080Z","level":"INFO","fields":{"message":"listening","socket":"/run/user/1000/cove-screen-recorder/engine.sock"},"target":"cove_replay_engine::transport::server"}
{"timestamp":"2026-05-23T07:56:23.765928Z","level":"INFO","fields":{"message":"portal session established","session_id":"pw-session-0000-1239343-1779522983765","node_id":156},"target":"cove_replay_engine::capture::pipewire"}
{"timestamp":"2026-05-23T07:56:23.776747Z","level":"WARN","fields":{"message":"PW stream errored during DMA-BUF-only negotiation: no more input formats; triggering SHM-only fallback retry"},"target":"cove_replay_engine::capture::pipewire"}
{"timestamp":"2026-05-23T07:56:23.776802Z","level":"INFO","fields":{"message":"PW: DMA-BUF negotiation hard-failed; reconnecting with SHM-only fallback"},"target":"cove_replay_engine::capture::pipewire"}
{"timestamp":"2026-05-23T07:56:23.782028Z","level":"INFO","fields":{"message":"PW stream ready","session_id":"pw-session-0000-1239343-1779522983765","stream_id":"pw-stream-0000","width":3840,"height":2160,"fourcc":"XR24"},"target":"cove_replay_engine::capture::pipewire"}
{"timestamp":"2026-05-23T07:56:33.768498Z","level":"INFO","fields":{"message":"export.queued","export_id":"exp-1779522993768449164-0001","snapshot_id":"snap-1779522993326034487-0000","requested_duration_s":8.391633333333333,"pid":1239343},"target":"cove_replay_engine::export"}
{"timestamp":"2026-05-23T07:56:33.768950Z","level":"INFO","fields":{"message":"export.started","export_id":"exp-1779522993768449164-0001","snapshot_id":"snap-1779522993326034487-0000","est_duration_s":8.391633333333333,"est_output_bytes":19227116,"tmp_path":"/run/user/1000/cove-screen-recorder/exports/exp-1779522993768449164-0001.tmp","final_path":"/run/user/1000/cove-screen-recorder/exports/exp-1779522993768449164-0001.mp4","pid":1239343},"target":"cove_replay_engine::export"}
{"timestamp":"2026-05-23T07:56:33.972049Z","level":"INFO","fields":{"message":"export.muxing enter","export_id":"exp-1779522993768449164-0001","bytes_out":19191542,"elapsed_ms":199},"target":"cove_replay_engine::export"}
{"timestamp":"2026-05-23T07:56:33.972647Z","level":"INFO","fields":{"message":"export.tmp fsync success","export_id":"exp-1779522993768449164-0001","tmp_bytes":19191542,"tmp_path":"/run/user/1000/cove-screen-recorder/exports/exp-1779522993768449164-0001.tmp"},"target":"cove_replay_engine::export"}
{"timestamp":"2026-05-23T07:56:33.972743Z","level":"INFO","fields":{"message":"export.rename success (same-device)","export_id":"exp-1779522993768449164-0001","final_path":"/run/user/1000/cove-screen-recorder/exports/exp-1779522993768449164-0001.mp4"},"target":"cove_replay_engine::export"}
{"timestamp":"2026-05-23T07:56:33.974707Z","level":"INFO","fields":{"message":"export.dir fsync success","export_id":"exp-1779522993768449164-0001","dir":"/run/user/1000/cove-screen-recorder/exports"},"target":"cove_replay_engine::export"}
{"timestamp":"2026-05-23T07:56:34.386390Z","level":"INFO","fields":{"message":"export.sha256 success","export_id":"exp-1779522993768449164-0001","bytes":19191542,"sha256":"17cdd0a94f8549219a3023b3ace3a972558b09b13c785ec38bbc7ab25aab4485","final_path":"/run/user/1000/cove-screen-recorder/exports/exp-1779522993768449164-0001.mp4"},"target":"cove_replay_engine::export"}
{"timestamp":"2026-05-23T07:56:34.386478Z","level":"INFO","fields":{"message":"export.completion preswap","export_id":"exp-1779522993768449164-0001","terminal_fired_was":false,"mux_duration_ms":414,"total_duration_ms":614},"target":"cove_replay_engine::export"}
{"timestamp":"2026-05-23T07:56:34.386502Z","level":"INFO","fields":{"message":"export.completion postswap","export_id":"exp-1779522993768449164-0001","mux_duration_ms":414,"total_duration_ms":614},"target":"cove_replay_engine::export"}
{"timestamp":"2026-05-23T07:56:34.386591Z","level":"INFO","fields":{"message":"export.completed emit","export_id":"exp-1779522993768449164-0001","final_path":"/run/user/1000/cove-screen-recorder/exports/exp-1779522993768449164-0001.mp4","bytes":19191542,"sha256":"17cdd0a94f8549219a3023b3ace3a972558b09b13c785ec38bbc7ab25aab4485","total_duration_ms":614,"pid":1239343},"target":"cove_replay_engine::export"}
{"timestamp":"2026-05-23T07:58:54.440390Z","level":"INFO","fields":{"message":"signal received, shutting down"},"target":"cove_replay_engine::transport::server"}
{"timestamp":"2026-05-23T15:25:17.121831Z","level":"INFO","fields":{"message":"cove-replay-engine started","version":"0.1.0","protocol_version":1},"target":"cove_replay_engine"}
{"timestamp":"2026-05-23T15:25:17.126005Z","level":"INFO","fields":{"message":"discovered recoverable session","session_id":"pw-session-0000-1239343-1779522983765","segments":7,"total_bytes":65432298,"has_init":true},"target":"cove_replay_engine::segment::recovery"}
{"timestamp":"2026-05-23T15:25:17.126255Z","level":"INFO","fields":{"message":"discovered recoverable session","session_id":"pw-session-0000-1224592-1779517533641","segments":11,"total_bytes":138251913,"has_init":true},"target":"cove_replay_engine::segment::recovery"}
{"timestamp":"2026-05-23T15:25:17.126386Z","level":"INFO","fields":{"message":"discovered recoverable session","session_id":"pw-session-0000-1209923-1779515463207","segments":11,"total_bytes":11078784,"has_init":true},"target":"cove_replay_engine::segment::recovery"}
{"timestamp":"2026-05-23T15:25:17.126527Z","level":"INFO","fields":{"message":"discovered recoverable session","session_id":"pw-session-0000-1187898-1779512250870","segments":14,"total_bytes":19853039,"has_init":true},"target":"cove_replay_engine::segment::recovery"}
{"timestamp":"2026-05-23T15:25:17.126637Z","level":"INFO","fields":{"message":"discovered recoverable session","session_id":"pw-session-0000-1158597-1779507615060","segments":10,"total_bytes":83036681,"has_init":true},"target":"cove_replay_engine::segment::recovery"}
{"timestamp":"2026-05-23T15:25:17.126747Z","level":"INFO","fields":{"message":"discovered recoverable session","session_id":"pw-session-0000-1057119-1779492633734","segments":10,"total_bytes":90123114,"has_init":true},"target":"cove_replay_engine::segment::recovery"}
{"timestamp":"2026-05-23T15:25:17.126863Z","level":"INFO","fields":{"message":"discovered recoverable session","session_id":"pw-session-0000-1057119-1779492537384","segments":10,"total_bytes":98487839,"has_init":true},"target":"cove_replay_engine::segment::recovery"}
{"timestamp":"2026-05-23T15:25:17.126935Z","level":"INFO","fields":{"message":"discovered recoverable session","session_id":"pw-session-0000-1057119-1779477397095","segments":5,"total_bytes":49361088,"has_init":true},"target":"cove_replay_engine::segment::recovery"}
{"timestamp":"2026-05-23T15:25:17.127051Z","level":"INFO","fields":{"message":"discovered recoverable session","session_id":"pw-session-0000-1057119-1779476237636","segments":11,"total_bytes":115817413,"has_init":true},"target":"cove_replay_engine::segment::recovery"}
{"timestamp":"2026-05-23T15:25:17.127092Z","level":"INFO","fields":{"message":"discovered recoverable session","session_id":"pw-session-0000-1057119-1779476067094","segments":1,"total_bytes":9608417,"has_init":true},"target":"cove_replay_engine::segment::recovery"}
{"timestamp":"2026-05-23T15:25:17.127171Z","level":"INFO","fields":{"message":"discovered recoverable session","session_id":"pw-session-0000-1057119-1779475770250","segments":6,"total_bytes":76988198,"has_init":true},"target":"cove_replay_engine::segment::recovery"}
{"timestamp":"2026-05-23T15:25:17.127262Z","level":"INFO","fields":{"message":"discovered recoverable session","session_id":"pw-session-0000-1057119-1779475745835","segments":8,"total_bytes":89227171,"has_init":true},"target":"cove_replay_engine::segment::recovery"}
{"timestamp":"2026-05-23T15:25:17.127338Z","level":"INFO","fields":{"message":"discovered recoverable session","session_id":"pw-session-0000-1057119-1779475121619","segments":6,"total_bytes":67485525,"has_init":true},"target":"cove_replay_engine::segment::recovery"}
{"timestamp":"2026-05-23T15:25:17.127465Z","level":"INFO","fields":{"message":"discovered recoverable session","session_id":"pw-session-0000-1057119-1779475066064","segments":11,"total_bytes":140147001,"has_init":true},"target":"cove_replay_engine::segment::recovery"}
{"timestamp":"2026-05-23T15:25:17.127582Z","level":"INFO","fields":{"message":"discovered recoverable session","session_id":"pw-session-0000-1057119-1779473142559","segments":11,"total_bytes":133153857,"has_init":true},"target":"cove_replay_engine::segment::recovery"}
{"timestamp":"2026-05-23T15:25:17.127699Z","level":"INFO","fields":{"message":"discovered recoverable session","session_id":"pw-session-0000-1057119-1779472730258","segments":11,"total_bytes":130243749,"has_init":true},"target":"cove_replay_engine::segment::recovery"}
{"timestamp":"2026-05-23T15:25:17.127831Z","level":"INFO","fields":{"message":"discovered recoverable session","session_id":"pw-session-0000-754390-1779416974675","segments":13,"total_bytes":7735032,"has_init":true},"target":"cove_replay_engine::segment::recovery"}
{"timestamp":"2026-05-23T15:25:17.127925Z","level":"INFO","fields":{"message":"discovered recoverable session","session_id":"pw-session-0000-753847-1779416924536","segments":8,"total_bytes":4387820,"has_init":true},"target":"cove_replay_engine::segment::recovery"}
{"timestamp":"2026-05-23T15:25:17.128063Z","level":"INFO","fields":{"message":"discovered recoverable session","session_id":"pw-session-0000-753362-1779416844334","segments":13,"total_bytes":7581671,"has_init":true},"target":"cove_replay_engine::segment::recovery"}
{"timestamp":"2026-05-23T15:25:17.128204Z","level":"INFO","fields":{"message":"discovered recoverable session","session_id":"pw-session-0000-752878-1779416764121","segments":13,"total_bytes":7827319,"has_init":true},"target":"cove_replay_engine::segment::recovery"}
{"timestamp":"2026-05-23T15:25:17.128325Z","level":"INFO","fields":{"message":"discovered recoverable session","session_id":"pw-session-0000-752341-1779416683915","segments":13,"total_bytes":7820797,"has_init":true},"target":"cove_replay_engine::segment::recovery"}
{"timestamp":"2026-05-23T15:25:17.128418Z","level":"INFO","fields":{"message":"discovered recoverable session","session_id":"pw-session-0000-751943-1779416653839","segments":11,"total_bytes":6326337,"has_init":true},"target":"cove_replay_engine::segment::recovery"}
{"timestamp":"2026-05-23T15:25:17.128532Z","level":"INFO","fields":{"message":"discovered recoverable session","session_id":"pw-session-0000-751435-1779416579402","segments":14,"total_bytes":8295900,"has_init":true},"target":"cove_replay_engine::segment::recovery"}
{"timestamp":"2026-05-23T15:25:17.128566Z","level":"INFO","fields":{"message":"discovered recoverable session","session_id":"pw-session-0000-751088-1779416573633","segments":1,"total_bytes":102474,"has_init":true},"target":"cove_replay_engine::segment::recovery"}
{"timestamp":"2026-05-23T15:25:17.128680Z","level":"INFO","fields":{"message":"discovered recoverable session","session_id":"pw-session-0000-750649-1779416503463","segments":14,"total_bytes":8232916,"has_init":true},"target":"cove_replay_engine::segment::recovery"}
{"timestamp":"2026-05-23T15:25:17.128780Z","level":"INFO","fields":{"message":"discovered recoverable session","session_id":"pw-session-0000-740080-1779414668701","segments":12,"total_bytes":11591167,"has_init":true},"target":"cove_replay_engine::segment::recovery"}
{"timestamp":"2026-05-23T15:25:17.128872Z","level":"INFO","fields":{"message":"discovered recoverable session","session_id":"pw-session-0000-739490-1779414588489","segments":11,"total_bytes":11164551,"has_init":true},"target":"cove_replay_engine::segment::recovery"}
{"timestamp":"2026-05-23T15:25:17.128958Z","level":"INFO","fields":{"message":"discovered recoverable session","session_id":"pw-session-0000-739103-1779414558410","segments":10,"total_bytes":9430747,"has_init":true},"target":"cove_replay_engine::segment::recovery"}
{"timestamp":"2026-05-23T15:25:17.129059Z","level":"INFO","fields":{"message":"discovered recoverable session","session_id":"pw-session-0000-738664-1779414489111","segments":12,"total_bytes":11699332,"has_init":true},"target":"cove_replay_engine::segment::recovery"}
{"timestamp":"2026-05-23T15:25:17.129136Z","level":"INFO","fields":{"message":"discovered recoverable session","session_id":"pw-session-0000-716688-1779409301653","segments":8,"total_bytes":4480783,"has_init":true},"target":"cove_replay_engine::segment::recovery"}
{"timestamp":"2026-05-23T15:25:17.129243Z","level":"INFO","fields":{"message":"discovered recoverable session","session_id":"pw-session-0000-716124-1779409221448","segments":13,"total_bytes":7688949,"has_init":true},"target":"cove_replay_engine::segment::recovery"}
{"timestamp":"2026-05-23T15:25:17.129347Z","level":"INFO","fields":{"message":"discovered recoverable session","session_id":"pw-session-0000-715675-1779409141240","segments":13,"total_bytes":7964648,"has_init":true},"target":"cove_replay_engine::segment::recovery"}
{"timestamp":"2026-05-23T15:25:17.129452Z","level":"INFO","fields":{"message":"discovered recoverable session","session_id":"pw-session-0000-715118-1779409061034","segments":13,"total_bytes":7902025,"has_init":true},"target":"cove_replay_engine::segment::recovery"}
{"timestamp":"2026-05-23T15:25:17.129548Z","level":"INFO","fields":{"message":"discovered recoverable session","session_id":"pw-session-0000-714649-1779409034565","segments":11,"total_bytes":17935855,"has_init":true},"target":"cove_replay_engine::segment::recovery"}
{"timestamp":"2026-05-23T15:25:17.129649Z","level":"INFO","fields":{"message":"discovered recoverable session","session_id":"pw-session-0000-695577-1779404288875","segments":13,"total_bytes":8178368,"has_init":true},"target":"cove_replay_engine::segment::recovery"}
{"timestamp":"2026-05-23T15:25:17.129753Z","level":"INFO","fields":{"message":"discovered recoverable session","session_id":"pw-session-0000-695069-1779404208668","segments":13,"total_bytes":8161214,"has_init":true},"target":"cove_replay_engine::segment::recovery"}
{"timestamp":"2026-05-23T15:25:17.129844Z","level":"INFO","fields":{"message":"discovered recoverable session","session_id":"pw-session-0000-694672-1779404178591","segments":11,"total_bytes":6542218,"has_init":true},"target":"cove_replay_engine::segment::recovery"}
{"timestamp":"2026-05-23T15:25:17.129957Z","level":"INFO","fields":{"message":"discovered recoverable session","session_id":"pw-session-0000-694166-1779404108410","segments":14,"total_bytes":8600787,"has_init":true},"target":"cove_replay_engine::segment::recovery"}
{"timestamp":"2026-05-23T15:25:17.129991Z","level":"INFO","fields":{"message":"discovered recoverable session","session_id":"pw-session-0000-693815-1779404098386","segments":1,"total_bytes":107650,"has_init":true},"target":"cove_replay_engine::segment::recovery"}
{"timestamp":"2026-05-23T15:25:17.130101Z","level":"INFO","fields":{"message":"discovered recoverable session","session_id":"pw-session-0000-693401-1779404028207","segments":14,"total_bytes":8573649,"has_init":true},"target":"cove_replay_engine::segment::recovery"}
{"timestamp":"2026-05-23T15:25:17.130210Z","level":"INFO","fields":{"message":"discovered recoverable session","session_id":"pw-session-0000-675650-1779400717058","segments":14,"total_bytes":16644797,"has_init":true},"target":"cove_replay_engine::segment::recovery"}
{"timestamp":"2026-05-23T15:25:17.130330Z","level":"INFO","fields":{"message":"discovered recoverable session","session_id":"pw-session-0000-648824-1779394387663","segments":14,"total_bytes":8148620,"has_init":true},"target":"cove_replay_engine::segment::recovery"}
{"timestamp":"2026-05-23T15:25:17.130472Z","level":"INFO","fields":{"message":"discovered recoverable session","session_id":"pw-session-0000-621683-1779389638096","segments":15,"total_bytes":579071,"has_init":true},"target":"cove_replay_engine::segment::recovery"}
{"timestamp":"2026-05-23T15:25:17.130610Z","level":"INFO","fields":{"message":"discovered recoverable session","session_id":"pw-session-0000-620990-1779389547392","segments":15,"total_bytes":598469,"has_init":true},"target":"cove_replay_engine::segment::recovery"}
{"timestamp":"2026-05-23T15:25:17.130730Z","level":"INFO","fields":{"message":"discovered recoverable session","session_id":"pw-session-0000-608326-1779388063854","segments":15,"total_bytes":401584,"has_init":true},"target":"cove_replay_engine::segment::recovery"}
{"timestamp":"2026-05-23T15:25:17.130848Z","level":"INFO","fields":{"message":"discovered recoverable session","session_id":"pw-session-0000-607862-1779388033780","segments":15,"total_bytes":405806,"has_init":true},"target":"cove_replay_engine::segment::recovery"}
{"timestamp":"2026-05-23T15:25:17.130963Z","level":"INFO","fields":{"message":"discovered recoverable session","session_id":"pw-session-0000-607111-1779387960158","segments":15,"total_bytes":412469,"has_init":true},"target":"cove_replay_engine::segment::recovery"}
{"timestamp":"2026-05-23T15:25:17.131003Z","level":"INFO","fields":{"message":"discovered recoverable session","session_id":"pw-session-0000-606777-1779387953570","segments":2,"total_bytes":45252,"has_init":true},"target":"cove_replay_engine::segment::recovery"}
{"timestamp":"2026-05-23T15:25:17.131121Z","level":"INFO","fields":{"message":"discovered recoverable session","session_id":"pw-session-0000-606152-1779387883404","segments":15,"total_bytes":409834,"has_init":true},"target":"cove_replay_engine::segment::recovery"}
{"timestamp":"2026-05-23T15:25:17.131238Z","level":"INFO","fields":{"message":"discovered recoverable session","session_id":"pw-session-0000-528209-1779356005542","segments":15,"total_bytes":399575,"has_init":true},"target":"cove_replay_engine::segment::recovery"}
{"timestamp":"2026-05-23T15:25:17.131359Z","level":"INFO","fields":{"message":"discovered recoverable session","session_id":"pw-session-0000-527769-1779355975464","segments":15,"total_bytes":396353,"has_init":true},"target":"cove_replay_engine::segment::recovery"}
{"timestamp":"2026-05-23T15:25:17.131497Z","level":"INFO","fields":{"message":"discovered recoverable session","session_id":"pw-session-0000-527039-1779355904528","segments":15,"total_bytes":399909,"has_init":true},"target":"cove_replay_engine::segment::recovery"}
{"timestamp":"2026-05-23T15:25:17.131564Z","level":"INFO","fields":{"message":"discovered recoverable session","session_id":"pw-session-0000-526726-1779355900049","segments":2,"total_bytes":43230,"has_init":true},"target":"cove_replay_engine::segment::recovery"}
{"timestamp":"2026-05-23T15:25:17.131717Z","level":"INFO","fields":{"message":"discovered recoverable session","session_id":"pw-session-0000-526271-1779355835103","segments":15,"total_bytes":418751,"has_init":true},"target":"cove_replay_engine::segment::recovery"}
{"timestamp":"2026-05-23T15:25:17.131847Z","level":"INFO","fields":{"message":"discovered recoverable session","session_id":"pw-session-0000-488643-1779348732790","segments":15,"total_bytes":412854,"has_init":false},"target":"cove_replay_engine::segment::recovery"}
{"timestamp":"2026-05-23T15:25:17.131974Z","level":"INFO","fields":{"message":"discovered recoverable session","session_id":"pw-session-0000-488219-1779348704506","segments":15,"total_bytes":404771,"has_init":false},"target":"cove_replay_engine::segment::recovery"}
{"timestamp":"2026-05-23T15:25:17.132097Z","level":"INFO","fields":{"message":"discovered recoverable session","session_id":"pw-session-0000-487563-1779348634941","segments":15,"total_bytes":403920,"has_init":false},"target":"cove_replay_engine::segment::recovery"}
{"timestamp":"2026-05-23T15:25:17.132138Z","level":"INFO","fields":{"message":"discovered recoverable session","session_id":"pw-session-0000-487247-1779348630300","segments":2,"total_bytes":39923,"has_init":false},"target":"cove_replay_engine::segment::recovery"}
{"timestamp":"2026-05-23T15:25:17.132266Z","level":"INFO","fields":{"message":"discovered recoverable session","session_id":"pw-session-0000-486664-1779348565018","segments":15,"total_bytes":399094,"has_init":false},"target":"cove_replay_engine::segment::recovery"}
{"timestamp":"2026-05-23T15:25:17.132384Z","level":"INFO","fields":{"message":"discovered recoverable session","session_id":"pw-session-0000-448304-1779336085323","segments":15,"total_bytes":425927,"has_init":false},"target":"cove_replay_engine::segment::recovery"}
{"timestamp":"2026-05-23T15:25:17.132501Z","level":"INFO","fields":{"message":"discovered recoverable session","session_id":"pw-session-0000-447871-1779336055245","segments":15,"total_bytes":422570,"has_init":false},"target":"cove_replay_engine::segment::recovery"}
{"timestamp":"2026-05-23T15:25:17.132618Z","level":"INFO","fields":{"message":"discovered recoverable session","session_id":"pw-session-0000-447332-1779335985067","segments":15,"total_bytes":437816,"has_init":false},"target":"cove_replay_engine::segment::recovery"}
{"timestamp":"2026-05-23T15:25:17.132658Z","level":"INFO","fields":{"message":"discovered recoverable session","session_id":"pw-session-0000-447004-1779335975040","segments":2,"total_bytes":45438,"has_init":false},"target":"cove_replay_engine::segment::recovery"}
{"timestamp":"2026-05-23T15:25:17.132774Z","level":"INFO","fields":{"message":"discovered recoverable session","session_id":"pw-session-0000-446368-1779335904858","segments":15,"total_bytes":422563,"has_init":false},"target":"cove_replay_engine::segment::recovery"}
{"timestamp":"2026-05-23T15:25:17.132892Z","level":"INFO","fields":{"message":"discovered recoverable session","session_id":"pw-session-0000-433369-1779331848550","segments":15,"total_bytes":575246,"has_init":false},"target":"cove_replay_engine::segment::recovery"}
{"timestamp":"2026-05-23T15:25:17.132971Z","level":"INFO","fields":{"message":"discovered recoverable session","session_id":"pw-session-0000-306991-1779298114212","segments":1,"total_bytes":27641,"has_init":false},"target":"cove_replay_engine::segment::recovery"}
{"timestamp":"2026-05-23T15:25:17.133043Z","level":"INFO","fields":{"message":"discovered recoverable session","session_id":"pw-session-0000-276374-1779293632543","segments":1,"total_bytes":26277,"has_init":false},"target":"cove_replay_engine::segment::recovery"}
{"timestamp":"2026-05-23T15:25:17.133147Z","level":"INFO","fields":{"message":"discovered recoverable sessions from prior crash","count":67},"target":"cove_replay_engine::transport::server"}
{"timestamp":"2026-05-23T15:25:17.162150Z","level":"INFO","fields":{"message":"listening","socket":"/run/user/1000/cove-screen-recorder/engine.sock"},"target":"cove_replay_engine::transport::server"}
{"timestamp":"2026-05-23T15:25:17.404851Z","level":"DEBUG","fields":{"message":"incoming message","method":"engine.version"},"target":"cove_replay_engine::transport::server"}
{"timestamp":"2026-05-23T15:25:17.702820Z","level":"DEBUG","fields":{"message":"incoming message","method":"engine.version"},"target":"cove_replay_engine::transport::server"}
{"timestamp":"2026-05-23T15:25:17.770084Z","level":"DEBUG","fields":{"message":"incoming message","method":"engine.version"},"target":"cove_replay_engine::transport::server"}
{"timestamp":"2026-05-23T15:25:17.770902Z","level":"DEBUG","fields":{"message":"incoming message","method":"replay.recoverable_sessions"},"target":"cove_replay_engine::transport::server"}
{"timestamp":"2026-05-23T15:25:17.773087Z","level":"DEBUG","fields":{"message":"incoming message","method":"replay.recoverable_sessions"},"target":"cove_replay_engine::transport::server"}
{"timestamp":"2026-05-23T15:25:22.405791Z","level":"DEBUG","fields":{"message":"incoming message","method":"engine.health"},"target":"cove_replay_engine::transport::server"}
{"timestamp":"2026-05-23T15:25:27.408910Z","level":"DEBUG","fields":{"message":"incoming message","method":"engine.health"},"target":"cove_replay_engine::transport::server"}
{"timestamp":"2026-05-23T15:25:32.412247Z","level":"DEBUG","fields":{"message":"incoming message","method":"engine.health"},"target":"cove_replay_engine::transport::server"}
{"timestamp":"2026-05-23T15:25:37.415660Z","level":"DEBUG","fields":{"message":"incoming message","method":"engine.health"},"target":"cove_replay_engine::transport::server"}
{"timestamp":"2026-05-23T15:25:42.418942Z","level":"DEBUG","fields":{"message":"incoming message","method":"engine.health"},"target":"cove_replay_engine::transport::server"}
{"timestamp":"2026-05-23T15:25:47.419574Z","level":"DEBUG","fields":{"message":"incoming message","method":"engine.health"},"target":"cove_replay_engine::transport::server"}
{"timestamp":"2026-05-23T15:25:52.422258Z","level":"DEBUG","fields":{"message":"incoming message","method":"engine.health"},"target":"cove_replay_engine::transport::server"}
{"timestamp":"2026-05-23T15:25:57.425555Z","level":"DEBUG","fields":{"message":"incoming message","method":"engine.health"},"target":"cove_replay_engine::transport::server"}
{"timestamp":"2026-05-23T15:26:02.428845Z","level":"DEBUG","fields":{"message":"incoming message","method":"engine.health"},"target":"cove_replay_engine::transport::server"}
{"timestamp":"2026-05-23T15:26:07.434407Z","level":"DEBUG","fields":{"message":"incoming message","method":"engine.health"},"target":"cove_replay_engine::transport::server"}
{"timestamp":"2026-05-23T15:26:12.438907Z","level":"DEBUG","fields":{"message":"incoming message","method":"engine.health"},"target":"cove_replay_engine::transport::server"}
{"timestamp":"2026-05-23T15:26:17.442198Z","level":"DEBUG","fields":{"message":"incoming message","method":"engine.health"},"target":"cove_replay_engine::transport::server"}
{"timestamp":"2026-05-23T15:26:22.445579Z","level":"DEBUG","fields":{"message":"incoming message","method":"engine.health"},"target":"cove_replay_engine::transport::server"}
{"timestamp":"2026-05-23T15:26:27.448853Z","level":"DEBUG","fields":{"message":"incoming message","method":"engine.health"},"target":"cove_replay_engine::transport::server"}
{"timestamp":"2026-05-23T15:26:32.452200Z","level":"DEBUG","fields":{"message":"incoming message","method":"engine.health"},"target":"cove_replay_engine::transport::server"}
{"timestamp":"2026-05-23T15:26:37.455515Z","level":"DEBUG","fields":{"message":"incoming message","method":"engine.health"},"target":"cove_replay_engine::transport::server"}
{"timestamp":"2026-05-23T15:26:42.458870Z","level":"DEBUG","fields":{"message":"incoming message","method":"engine.health"},"target":"cove_replay_engine::transport::server"}
{"timestamp":"2026-05-23T15:26:47.462209Z","level":"DEBUG","fields":{"message":"incoming message","method":"engine.health"},"target":"cove_replay_engine::transport::server"}
{"timestamp":"2026-05-23T15:26:52.465500Z","level":"DEBUG","fields":{"message":"incoming message","method":"engine.health"},"target":"cove_replay_engine::transport::server"}
{"timestamp":"2026-05-23T15:26:57.468914Z","level":"DEBUG","fields":{"message":"incoming message","method":"engine.health"},"target":"cove_replay_engine::transport::server"}
{"timestamp":"2026-05-23T15:27:02.472236Z","level":"DEBUG","fields":{"message":"incoming message","method":"engine.health"},"target":"cove_replay_engine::transport::server"}
{"timestamp":"2026-05-23T15:27:07.475508Z","level":"DEBUG","fields":{"message":"incoming message","method":"engine.health"},"target":"cove_replay_engine::transport::server"}
{"timestamp":"2026-05-23T15:27:12.478827Z","level":"DEBUG","fields":{"message":"incoming message","method":"engine.health"},"target":"cove_replay_engine::transport::server"}
{"timestamp":"2026-05-23T15:27:16.716070Z","level":"DEBUG","fields":{"message":"incoming message","method":"replay.discard_recovered_session"},"target":"cove_replay_engine::transport::server"}
{"timestamp":"2026-05-23T15:27:16.723300Z","level":"DEBUG","fields":{"message":"incoming message","method":"replay.recoverable_sessions"},"target":"cove_replay_engine::transport::server"}
{"timestamp":"2026-05-23T15:27:16.726376Z","level":"DEBUG","fields":{"message":"incoming message","method":"replay.discard_recovered_session"},"target":"cove_replay_engine::transport::server"}
{"timestamp":"2026-05-23T15:27:16.740515Z","level":"DEBUG","fields":{"message":"incoming message","method":"replay.recoverable_sessions"},"target":"cove_replay_engine::transport::server"}
{"timestamp":"2026-05-23T15:27:16.743059Z","level":"DEBUG","fields":{"message":"incoming message","method":"replay.discard_recovered_session"},"target":"cove_replay_engine::transport::server"}
{"timestamp":"2026-05-23T15:27:16.744781Z","level":"DEBUG","fields":{"message":"incoming message","method":"replay.recoverable_sessions"},"target":"cove_replay_engine::transport::server"}
{"timestamp":"2026-05-23T15:27:16.747366Z","level":"DEBUG","fields":{"message":"incoming message","method":"replay.discard_recovered_session"},"target":"cove_replay_engine::transport::server"}
{"timestamp":"2026-05-23T15:27:16.749618Z","level":"DEBUG","fields":{"message":"incoming message","method":"replay.recoverable_sessions"},"target":"cove_replay_engine::transport::server"}
{"timestamp":"2026-05-23T15:27:16.751932Z","level":"DEBUG","fields":{"message":"incoming message","method":"replay.discard_recovered_session"},"target":"cove_replay_engine::transport::server"}
{"timestamp":"2026-05-23T15:27:16.760297Z","level":"DEBUG","fields":{"message":"incoming message","method":"replay.recoverable_sessions"},"target":"cove_replay_engine::transport::server"}
{"timestamp":"2026-05-23T15:27:16.762807Z","level":"DEBUG","fields":{"message":"incoming message","method":"replay.discard_recovered_session"},"target":"cove_replay_engine::transport::server"}
{"timestamp":"2026-05-23T15:27:16.772064Z","level":"DEBUG","fields":{"message":"incoming message","method":"replay.recoverable_sessions"},"target":"cove_replay_engine::transport::server"}
{"timestamp":"2026-05-23T15:27:16.774233Z","level":"DEBUG","fields":{"message":"incoming message","method":"replay.discard_recovered_session"},"target":"cove_replay_engine::transport::server"}
{"timestamp":"2026-05-23T15:27:16.784690Z","level":"DEBUG","fields":{"message":"incoming message","method":"replay.recoverable_sessions"},"target":"cove_replay_engine::transport::server"}
{"timestamp":"2026-05-23T15:27:16.786767Z","level":"DEBUG","fields":{"message":"incoming message","method":"replay.discard_recovered_session"},"target":"cove_replay_engine::transport::server"}
{"timestamp":"2026-05-23T15:27:16.792069Z","level":"DEBUG","fields":{"message":"incoming message","method":"replay.recoverable_sessions"},"target":"cove_replay_engine::transport::server"}
{"timestamp":"2026-05-23T15:27:16.794280Z","level":"DEBUG","fields":{"message":"incoming message","method":"replay.discard_recovered_session"},"target":"cove_replay_engine::transport::server"}
{"timestamp":"2026-05-23T15:27:16.805888Z","level":"DEBUG","fields":{"message":"incoming message","method":"replay.recoverable_sessions"},"target":"cove_replay_engine::transport::server"}
{"timestamp":"2026-05-23T15:27:16.808312Z","level":"DEBUG","fields":{"message":"incoming message","method":"replay.discard_recovered_session"},"target":"cove_replay_engine::transport::server"}
{"timestamp":"2026-05-23T15:27:16.810126Z","level":"DEBUG","fields":{"message":"incoming message","method":"replay.recoverable_sessions"},"target":"cove_replay_engine::transport::server"}
{"timestamp":"2026-05-23T15:27:16.812071Z","level":"DEBUG","fields":{"message":"incoming message","method":"replay.discard_recovered_session"},"target":"cove_replay_engine::transport::server"}
{"timestamp":"2026-05-23T15:27:16.819663Z","level":"DEBUG","fields":{"message":"incoming message","method":"replay.recoverable_sessions"},"target":"cove_replay_engine::transport::server"}
{"timestamp":"2026-05-23T15:27:16.821861Z","level":"DEBUG","fields":{"message":"incoming message","method":"replay.discard_recovered_session"},"target":"cove_replay_engine::transport::server"}
{"timestamp":"2026-05-23T15:27:16.830962Z","level":"DEBUG","fields":{"message":"incoming message","method":"replay.recoverable_sessions"},"target":"cove_replay_engine::transport::server"}
{"timestamp":"2026-05-23T15:27:16.833081Z","level":"DEBUG","fields":{"message":"incoming message","method":"replay.discard_recovered_session"},"target":"cove_replay_engine::transport::server"}
{"timestamp":"2026-05-23T15:27:16.839844Z","level":"DEBUG","fields":{"message":"incoming message","method":"replay.recoverable_sessions"},"target":"cove_replay_engine::transport::server"}
{"timestamp":"2026-05-23T15:27:16.842227Z","level":"DEBUG","fields":{"message":"incoming message","method":"replay.discard_recovered_session"},"target":"cove_replay_engine::transport::server"}
{"timestamp":"2026-05-23T15:27:16.856433Z","level":"DEBUG","fields":{"message":"incoming message","method":"replay.recoverable_sessions"},"target":"cove_replay_engine::transport::server"}
{"timestamp":"2026-05-23T15:27:16.858334Z","level":"DEBUG","fields":{"message":"incoming message","method":"replay.discard_recovered_session"},"target":"cove_replay_engine::transport::server"}
{"timestamp":"2026-05-23T15:27:16.872126Z","level":"DEBUG","fields":{"message":"incoming message","method":"replay.recoverable_sessions"},"target":"cove_replay_engine::transport::server"}
{"timestamp":"2026-05-23T15:27:16.873853Z","level":"DEBUG","fields":{"message":"incoming message","method":"replay.discard_recovered_session"},"target":"cove_replay_engine::transport::server"}
{"timestamp":"2026-05-23T15:27:16.887148Z","level":"DEBUG","fields":{"message":"incoming message","method":"replay.recoverable_sessions"},"target":"cove_replay_engine::transport::server"}
{"timestamp":"2026-05-23T15:27:16.888932Z","level":"DEBUG","fields":{"message":"incoming message","method":"replay.discard_recovered_session"},"target":"cove_replay_engine::transport::server"}
{"timestamp":"2026-05-23T15:27:16.890366Z","level":"DEBUG","fields":{"message":"incoming message","method":"replay.recoverable_sessions"},"target":"cove_replay_engine::transport::server"}
{"timestamp":"2026-05-23T15:27:16.892119Z","level":"DEBUG","fields":{"message":"incoming message","method":"replay.discard_recovered_session"},"target":"cove_replay_engine::transport::server"}
{"timestamp":"2026-05-23T15:27:16.893473Z","level":"DEBUG","fields":{"message":"incoming message","method":"replay.recoverable_sessions"},"target":"cove_replay_engine::transport::server"}
{"timestamp":"2026-05-23T15:27:16.895163Z","level":"DEBUG","fields":{"message":"incoming message","method":"replay.discard_recovered_session"},"target":"cove_replay_engine::transport::server"}
{"timestamp":"2026-05-23T15:27:16.897648Z","level":"DEBUG","fields":{"message":"incoming message","method":"replay.recoverable_sessions"},"target":"cove_replay_engine::transport::server"}
{"timestamp":"2026-05-23T15:27:16.899283Z","level":"DEBUG","fields":{"message":"incoming message","method":"replay.discard_recovered_session"},"target":"cove_replay_engine::transport::server"}
{"timestamp":"2026-05-23T15:27:16.901751Z","level":"DEBUG","fields":{"message":"incoming message","method":"replay.recoverable_sessions"},"target":"cove_replay_engine::transport::server"}
{"timestamp":"2026-05-23T15:27:16.903385Z","level":"DEBUG","fields":{"message":"incoming message","method":"replay.discard_recovered_session"},"target":"cove_replay_engine::transport::server"}
{"timestamp":"2026-05-23T15:27:16.904403Z","level":"DEBUG","fields":{"message":"incoming message","method":"replay.recoverable_sessions"},"target":"cove_replay_engine::transport::server"}
{"timestamp":"2026-05-23T15:27:16.907147Z","level":"DEBUG","fields":{"message":"incoming message","method":"replay.discard_recovered_session"},"target":"cove_replay_engine::transport::server"}
{"timestamp":"2026-05-23T15:27:16.908186Z","level":"DEBUG","fields":{"message":"incoming message","method":"replay.recoverable_sessions"},"target":"cove_replay_engine::transport::server"}
{"timestamp":"2026-05-23T15:27:16.910946Z","level":"DEBUG","fields":{"message":"incoming message","method":"replay.discard_recovered_session"},"target":"cove_replay_engine::transport::server"}
{"timestamp":"2026-05-23T15:27:16.912116Z","level":"DEBUG","fields":{"message":"incoming message","method":"replay.recoverable_sessions"},"target":"cove_replay_engine::transport::server"}
{"timestamp":"2026-05-23T15:27:16.913594Z","level":"DEBUG","fields":{"message":"incoming message","method":"replay.discard_recovered_session"},"target":"cove_replay_engine::transport::server"}
{"timestamp":"2026-05-23T15:27:16.915172Z","level":"DEBUG","fields":{"message":"incoming message","method":"replay.recoverable_sessions"},"target":"cove_replay_engine::transport::server"}
{"timestamp":"2026-05-23T15:27:16.916757Z","level":"DEBUG","fields":{"message":"incoming message","method":"replay.discard_recovered_session"},"target":"cove_replay_engine::transport::server"}
{"timestamp":"2026-05-23T15:27:16.918408Z","level":"DEBUG","fields":{"message":"incoming message","method":"replay.recoverable_sessions"},"target":"cove_replay_engine::transport::server"}
{"timestamp":"2026-05-23T15:27:16.919948Z","level":"DEBUG","fields":{"message":"incoming message","method":"replay.discard_recovered_session"},"target":"cove_replay_engine::transport::server"}
{"timestamp":"2026-05-23T15:27:16.922691Z","level":"DEBUG","fields":{"message":"incoming message","method":"replay.recoverable_sessions"},"target":"cove_replay_engine::transport::server"}
{"timestamp":"2026-05-23T15:27:16.924167Z","level":"DEBUG","fields":{"message":"incoming message","method":"replay.discard_recovered_session"},"target":"cove_replay_engine::transport::server"}
{"timestamp":"2026-05-23T15:27:16.926719Z","level":"DEBUG","fields":{"message":"incoming message","method":"replay.recoverable_sessions"},"target":"cove_replay_engine::transport::server"}
{"timestamp":"2026-05-23T15:27:16.928257Z","level":"DEBUG","fields":{"message":"incoming message","method":"replay.discard_recovered_session"},"target":"cove_replay_engine::transport::server"}
{"timestamp":"2026-05-23T15:27:16.930729Z","level":"DEBUG","fields":{"message":"incoming message","method":"replay.recoverable_sessions"},"target":"cove_replay_engine::transport::server"}
{"timestamp":"2026-05-23T15:27:16.932259Z","level":"DEBUG","fields":{"message":"incoming message","method":"replay.discard_recovered_session"},"target":"cove_replay_engine::transport::server"}
{"timestamp":"2026-05-23T15:27:16.935177Z","level":"DEBUG","fields":{"message":"incoming message","method":"replay.recoverable_sessions"},"target":"cove_replay_engine::transport::server"}
{"timestamp":"2026-05-23T15:27:16.936775Z","level":"DEBUG","fields":{"message":"incoming message","method":"replay.discard_recovered_session"},"target":"cove_replay_engine::transport::server"}
{"timestamp":"2026-05-23T15:27:16.937500Z","level":"DEBUG","fields":{"message":"incoming message","method":"replay.recoverable_sessions"},"target":"cove_replay_engine::transport::server"}
{"timestamp":"2026-05-23T15:27:16.940023Z","level":"DEBUG","fields":{"message":"incoming message","method":"replay.discard_recovered_session"},"target":"cove_replay_engine::transport::server"}
{"timestamp":"2026-05-23T15:27:16.941138Z","level":"DEBUG","fields":{"message":"incoming message","method":"replay.recoverable_sessions"},"target":"cove_replay_engine::transport::server"}
{"timestamp":"2026-05-23T15:27:16.942442Z","level":"DEBUG","fields":{"message":"incoming message","method":"replay.discard_recovered_session"},"target":"cove_replay_engine::transport::server"}
{"timestamp":"2026-05-23T15:27:16.943721Z","level":"DEBUG","fields":{"message":"incoming message","method":"replay.recoverable_sessions"},"target":"cove_replay_engine::transport::server"}
{"timestamp":"2026-05-23T15:27:16.945584Z","level":"DEBUG","fields":{"message":"incoming message","method":"replay.discard_recovered_session"},"target":"cove_replay_engine::transport::server"}
{"timestamp":"2026-05-23T15:27:16.947430Z","level":"DEBUG","fields":{"message":"incoming message","method":"replay.recoverable_sessions"},"target":"cove_replay_engine::transport::server"}
{"timestamp":"2026-05-23T15:27:16.948792Z","level":"DEBUG","fields":{"message":"incoming message","method":"replay.discard_recovered_session"},"target":"cove_replay_engine::transport::server"}
{"timestamp":"2026-05-23T15:27:16.951533Z","level":"DEBUG","fields":{"message":"incoming message","method":"replay.recoverable_sessions"},"target":"cove_replay_engine::transport::server"}
{"timestamp":"2026-05-23T15:27:16.952983Z","level":"DEBUG","fields":{"message":"incoming message","method":"replay.discard_recovered_session"},"target":"cove_replay_engine::transport::server"}
{"timestamp":"2026-05-23T15:27:16.954340Z","level":"DEBUG","fields":{"message":"incoming message","method":"replay.recoverable_sessions"},"target":"cove_replay_engine::transport::server"}
{"timestamp":"2026-05-23T15:27:16.956283Z","level":"DEBUG","fields":{"message":"incoming message","method":"replay.discard_recovered_session"},"target":"cove_replay_engine::transport::server"}
{"timestamp":"2026-05-23T15:27:16.957630Z","level":"DEBUG","fields":{"message":"incoming message","method":"replay.recoverable_sessions"},"target":"cove_replay_engine::transport::server"}
{"timestamp":"2026-05-23T15:27:16.958961Z","level":"DEBUG","fields":{"message":"incoming message","method":"replay.discard_recovered_session"},"target":"cove_replay_engine::transport::server"}
{"timestamp":"2026-05-23T15:27:16.960090Z","level":"DEBUG","fields":{"message":"incoming message","method":"replay.recoverable_sessions"},"target":"cove_replay_engine::transport::server"}
{"timestamp":"2026-05-23T15:27:16.961252Z","level":"DEBUG","fields":{"message":"incoming message","method":"replay.discard_recovered_session"},"target":"cove_replay_engine::transport::server"}
{"timestamp":"2026-05-23T15:27:16.962381Z","level":"DEBUG","fields":{"message":"incoming message","method":"replay.recoverable_sessions"},"target":"cove_replay_engine::transport::server"}
{"timestamp":"2026-05-23T15:27:16.964314Z","level":"DEBUG","fields":{"message":"incoming message","method":"replay.discard_recovered_session"},"target":"cove_replay_engine::transport::server"}
{"timestamp":"2026-05-23T15:27:16.964639Z","level":"DEBUG","fields":{"message":"incoming message","method":"replay.recoverable_sessions"},"target":"cove_replay_engine::transport::server"}
{"timestamp":"2026-05-23T15:27:16.965843Z","level":"DEBUG","fields":{"message":"incoming message","method":"replay.discard_recovered_session"},"target":"cove_replay_engine::transport::server"}
{"timestamp":"2026-05-23T15:27:16.967015Z","level":"DEBUG","fields":{"message":"incoming message","method":"replay.recoverable_sessions"},"target":"cove_replay_engine::transport::server"}
{"timestamp":"2026-05-23T15:27:16.968697Z","level":"DEBUG","fields":{"message":"incoming message","method":"replay.discard_recovered_session"},"target":"cove_replay_engine::transport::server"}
{"timestamp":"2026-05-23T15:27:16.970734Z","level":"DEBUG","fields":{"message":"incoming message","method":"replay.recoverable_sessions"},"target":"cove_replay_engine::transport::server"}
{"timestamp":"2026-05-23T15:27:16.971773Z","level":"DEBUG","fields":{"message":"incoming message","method":"replay.discard_recovered_session"},"target":"cove_replay_engine::transport::server"}
{"timestamp":"2026-05-23T15:27:16.972919Z","level":"DEBUG","fields":{"message":"incoming message","method":"replay.recoverable_sessions"},"target":"cove_replay_engine::transport::server"}
{"timestamp":"2026-05-23T15:27:16.973968Z","level":"DEBUG","fields":{"message":"incoming message","method":"replay.discard_recovered_session"},"target":"cove_replay_engine::transport::server"}
{"timestamp":"2026-05-23T15:27:16.974344Z","level":"DEBUG","fields":{"message":"incoming message","method":"replay.recoverable_sessions"},"target":"cove_replay_engine::transport::server"}
{"timestamp":"2026-05-23T15:27:16.975309Z","level":"DEBUG","fields":{"message":"incoming message","method":"replay.discard_recovered_session"},"target":"cove_replay_engine::transport::server"}
{"timestamp":"2026-05-23T15:27:16.976391Z","level":"DEBUG","fields":{"message":"incoming message","method":"replay.recoverable_sessions"},"target":"cove_replay_engine::transport::server"}
{"timestamp":"2026-05-23T15:27:16.977349Z","level":"DEBUG","fields":{"message":"incoming message","method":"replay.discard_recovered_session"},"target":"cove_replay_engine::transport::server"}
{"timestamp":"2026-05-23T15:27:16.977781Z","level":"DEBUG","fields":{"message":"incoming message","method":"replay.recoverable_sessions"},"target":"cove_replay_engine::transport::server"}
{"timestamp":"2026-05-23T15:27:16.978814Z","level":"DEBUG","fields":{"message":"incoming message","method":"replay.discard_recovered_session"},"target":"cove_replay_engine::transport::server"}
{"timestamp":"2026-05-23T15:27:16.979255Z","level":"DEBUG","fields":{"message":"incoming message","method":"replay.recoverable_sessions"},"target":"cove_replay_engine::transport::server"}
{"timestamp":"2026-05-23T15:27:16.981005Z","level":"DEBUG","fields":{"message":"incoming message","method":"replay.discard_recovered_session"},"target":"cove_replay_engine::transport::server"}
{"timestamp":"2026-05-23T15:27:16.981445Z","level":"DEBUG","fields":{"message":"incoming message","method":"replay.recoverable_sessions"},"target":"cove_replay_engine::transport::server"}
{"timestamp":"2026-05-23T15:27:16.982421Z","level":"DEBUG","fields":{"message":"incoming message","method":"replay.discard_recovered_session"},"target":"cove_replay_engine::transport::server"}
{"timestamp":"2026-05-23T15:27:16.982746Z","level":"DEBUG","fields":{"message":"incoming message","method":"replay.recoverable_sessions"},"target":"cove_replay_engine::transport::server"}
{"timestamp":"2026-05-23T15:27:16.983849Z","level":"DEBUG","fields":{"message":"incoming message","method":"replay.discard_recovered_session"},"target":"cove_replay_engine::transport::server"}
{"timestamp":"2026-05-23T15:27:16.984864Z","level":"DEBUG","fields":{"message":"incoming message","method":"replay.recoverable_sessions"},"target":"cove_replay_engine::transport::server"}
{"timestamp":"2026-05-23T15:27:16.985797Z","level":"DEBUG","fields":{"message":"incoming message","method":"replay.discard_recovered_session"},"target":"cove_replay_engine::transport::server"}
{"timestamp":"2026-05-23T15:27:16.986236Z","level":"DEBUG","fields":{"message":"incoming message","method":"replay.recoverable_sessions"},"target":"cove_replay_engine::transport::server"}
{"timestamp":"2026-05-23T15:27:16.987104Z","level":"DEBUG","fields":{"message":"incoming message","method":"replay.discard_recovered_session"},"target":"cove_replay_engine::transport::server"}
{"timestamp":"2026-05-23T15:27:16.987531Z","level":"DEBUG","fields":{"message":"incoming message","method":"replay.recoverable_sessions"},"target":"cove_replay_engine::transport::server"}
{"timestamp":"2026-05-23T15:27:16.988368Z","level":"DEBUG","fields":{"message":"incoming message","method":"replay.discard_recovered_session"},"target":"cove_replay_engine::transport::server"}
{"timestamp":"2026-05-23T15:27:16.989315Z","level":"DEBUG","fields":{"message":"incoming message","method":"replay.recoverable_sessions"},"target":"cove_replay_engine::transport::server"}
{"timestamp":"2026-05-23T15:27:16.990237Z","level":"DEBUG","fields":{"message":"incoming message","method":"replay.discard_recovered_session"},"target":"cove_replay_engine::transport::server"}
{"timestamp":"2026-05-23T15:27:16.990592Z","level":"DEBUG","fields":{"message":"incoming message","method":"replay.recoverable_sessions"},"target":"cove_replay_engine::transport::server"}
{"timestamp":"2026-05-23T15:27:16.991391Z","level":"DEBUG","fields":{"message":"incoming message","method":"replay.discard_recovered_session"},"target":"cove_replay_engine::transport::server"}
{"timestamp":"2026-05-23T15:27:16.991811Z","level":"DEBUG","fields":{"message":"incoming message","method":"replay.recoverable_sessions"},"target":"cove_replay_engine::transport::server"}
{"timestamp":"2026-05-23T15:27:16.993279Z","level":"DEBUG","fields":{"message":"incoming message","method":"replay.discard_recovered_session"},"target":"cove_replay_engine::transport::server"}
{"timestamp":"2026-05-23T15:27:16.993662Z","level":"DEBUG","fields":{"message":"incoming message","method":"replay.recoverable_sessions"},"target":"cove_replay_engine::transport::server"}
{"timestamp":"2026-05-23T15:27:16.994420Z","level":"DEBUG","fields":{"message":"incoming message","method":"replay.discard_recovered_session"},"target":"cove_replay_engine::transport::server"}
{"timestamp":"2026-05-23T15:27:16.994818Z","level":"DEBUG","fields":{"message":"incoming message","method":"replay.recoverable_sessions"},"target":"cove_replay_engine::transport::server"}
{"timestamp":"2026-05-23T15:27:16.995545Z","level":"DEBUG","fields":{"message":"incoming message","method":"replay.discard_recovered_session"},"target":"cove_replay_engine::transport::server"}
{"timestamp":"2026-05-23T15:27:16.995949Z","level":"DEBUG","fields":{"message":"incoming message","method":"replay.recoverable_sessions"},"target":"cove_replay_engine::transport::server"}
{"timestamp":"2026-05-23T15:27:16.997408Z","level":"DEBUG","fields":{"message":"incoming message","method":"replay.discard_recovered_session"},"target":"cove_replay_engine::transport::server"}
{"timestamp":"2026-05-23T15:27:16.997727Z","level":"DEBUG","fields":{"message":"incoming message","method":"replay.recoverable_sessions"},"target":"cove_replay_engine::transport::server"}
{"timestamp":"2026-05-23T15:27:16.998468Z","level":"DEBUG","fields":{"message":"incoming message","method":"replay.discard_recovered_session"},"target":"cove_replay_engine::transport::server"}
{"timestamp":"2026-05-23T15:27:16.998906Z","level":"DEBUG","fields":{"message":"incoming message","method":"replay.recoverable_sessions"},"target":"cove_replay_engine::transport::server"}
{"timestamp":"2026-05-23T15:27:16.999544Z","level":"DEBUG","fields":{"message":"incoming message","method":"replay.discard_recovered_session"},"target":"cove_replay_engine::transport::server"}
{"timestamp":"2026-05-23T15:27:16.999986Z","level":"DEBUG","fields":{"message":"incoming message","method":"replay.recoverable_sessions"},"target":"cove_replay_engine::transport::server"}
{"timestamp":"2026-05-23T15:27:17.000685Z","level":"DEBUG","fields":{"message":"incoming message","method":"replay.discard_recovered_session"},"target":"cove_replay_engine::transport::server"}
{"timestamp":"2026-05-23T15:27:17.001700Z","level":"DEBUG","fields":{"message":"incoming message","method":"replay.recoverable_sessions"},"target":"cove_replay_engine::transport::server"}
{"timestamp":"2026-05-23T15:27:17.002318Z","level":"DEBUG","fields":{"message":"incoming message","method":"replay.discard_recovered_session"},"target":"cove_replay_engine::transport::server"}
{"timestamp":"2026-05-23T15:27:17.002791Z","level":"DEBUG","fields":{"message":"incoming message","method":"replay.recoverable_sessions"},"target":"cove_replay_engine::transport::server"}
{"timestamp":"2026-05-23T15:27:17.003383Z","level":"DEBUG","fields":{"message":"incoming message","method":"replay.discard_recovered_session"},"target":"cove_replay_engine::transport::server"}
{"timestamp":"2026-05-23T15:27:17.003732Z","level":"DEBUG","fields":{"message":"incoming message","method":"replay.recoverable_sessions"},"target":"cove_replay_engine::transport::server"}
{"timestamp":"2026-05-23T15:27:17.004285Z","level":"DEBUG","fields":{"message":"incoming message","method":"replay.discard_recovered_session"},"target":"cove_replay_engine::transport::server"}
{"timestamp":"2026-05-23T15:27:17.005313Z","level":"DEBUG","fields":{"message":"incoming message","method":"replay.recoverable_sessions"},"target":"cove_replay_engine::transport::server"}
{"timestamp":"2026-05-23T15:27:17.005859Z","level":"DEBUG","fields":{"message":"incoming message","method":"replay.discard_recovered_session"},"target":"cove_replay_engine::transport::server"}
{"timestamp":"2026-05-23T15:27:17.006265Z","level":"DEBUG","fields":{"message":"incoming message","method":"replay.recoverable_sessions"},"target":"cove_replay_engine::transport::server"}
{"timestamp":"2026-05-23T15:27:17.006777Z","level":"DEBUG","fields":{"message":"incoming message","method":"replay.discard_recovered_session"},"target":"cove_replay_engine::transport::server"}
{"timestamp":"2026-05-23T15:27:17.007097Z","level":"DEBUG","fields":{"message":"incoming message","method":"replay.recoverable_sessions"},"target":"cove_replay_engine::transport::server"}
{"timestamp":"2026-05-23T15:27:17.007599Z","level":"DEBUG","fields":{"message":"incoming message","method":"replay.discard_recovered_session"},"target":"cove_replay_engine::transport::server"}
{"timestamp":"2026-05-23T15:27:17.008152Z","level":"DEBUG","fields":{"message":"incoming message","method":"replay.recoverable_sessions"},"target":"cove_replay_engine::transport::server"}
{"timestamp":"2026-05-23T15:27:17.011261Z","level":"DEBUG","fields":{"message":"incoming message","method":"replay.recoverable_sessions"},"target":"cove_replay_engine::transport::server"}
{"timestamp":"2026-05-23T15:27:17.479272Z","level":"DEBUG","fields":{"message":"incoming message","method":"engine.health"},"target":"cove_replay_engine::transport::server"}
{"timestamp":"2026-05-23T15:27:21.643607Z","level":"DEBUG","fields":{"message":"incoming message","method":"capture.requestSession"},"target":"cove_replay_engine::transport::server"}
{"timestamp":"2026-05-23T15:27:23.702340Z","level":"INFO","fields":{"message":"portal session established","session_id":"pw-session-0000-1363428-1779550043702","node_id":119},"target":"cove_replay_engine::capture::pipewire"}
{"timestamp":"2026-05-23T15:27:23.702462Z","level":"DEBUG","fields":{"message":"incoming message","method":"engine.health"},"target":"cove_replay_engine::transport::server"}
{"timestamp":"2026-05-23T15:27:23.703073Z","level":"DEBUG","fields":{"message":"incoming message","method":"capture.startStream"},"target":"cove_replay_engine::transport::server"}
{"timestamp":"2026-05-23T15:27:23.705339Z","level":"DEBUG","fields":{"message":"PW stream state change","old":"Unconnected","new":"Connecting"},"target":"cove_replay_engine::capture::pipewire"}
{"timestamp":"2026-05-23T15:27:23.706087Z","level":"DEBUG","fields":{"message":"PW stream state change","old":"Connecting","new":"Paused"},"target":"cove_replay_engine::capture::pipewire"}
{"timestamp":"2026-05-23T15:27:23.714010Z","level":"WARN","fields":{"message":"PW stream errored during DMA-BUF-only negotiation: no more input formats; triggering SHM-only fallback retry"},"target":"cove_replay_engine::capture::pipewire"}
{"timestamp":"2026-05-23T15:27:23.714056Z","level":"INFO","fields":{"message":"PW: DMA-BUF negotiation hard-failed; reconnecting with SHM-only fallback"},"target":"cove_replay_engine::capture::pipewire"}
{"timestamp":"2026-05-23T15:27:23.714079Z","level":"DEBUG","fields":{"message":"PW stream state change","old":"Paused","new":"Unconnected"},"target":"cove_replay_engine::capture::pipewire"}
{"timestamp":"2026-05-23T15:27:23.714187Z","level":"DEBUG","fields":{"message":"PW stream state change","old":"Unconnected","new":"Connecting"},"target":"cove_replay_engine::capture::pipewire"}
{"timestamp":"2026-05-23T15:27:23.715057Z","level":"DEBUG","fields":{"message":"PW stream state change","old":"Connecting","new":"Paused"},"target":"cove_replay_engine::capture::pipewire"}
{"timestamp":"2026-05-23T15:27:23.719681Z","level":"DEBUG","fields":{"message":"Issue #1 buffer constraint: SHM-only (MemFd|MemPtr) — DMA-BUF fallback","data_type_mask":6,"phase":"ShmAttempted"},"target":"cove_replay_engine::capture::pipewire"}
{"timestamp":"2026-05-23T15:27:23.720141Z","level":"DEBUG","fields":{"message":"PW stream state change","old":"Paused","new":"Streaming"},"target":"cove_replay_engine::capture::pipewire"}
{"timestamp":"2026-05-23T15:27:23.720213Z","level":"INFO","fields":{"message":"PW stream ready","session_id":"pw-session-0000-1363428-1779550043702","stream_id":"pw-stream-0000","width":3840,"height":2160,"fourcc":"XR24"},"target":"cove_replay_engine::capture::pipewire"}
{"timestamp":"2026-05-23T15:27:23.747401Z","level":"DEBUG","fields":{"message":"Issue #2: SHM-fallback settled (usable payload built)"},"target":"cove_replay_engine::capture::pipewire"}
{"timestamp":"2026-05-23T15:27:23.961304Z","level":"DEBUG","fields":{"message":"nvenc probe: session creation succeeded"},"target":"cove_replay_engine::encoder::backends::nvenc"}
{"timestamp":"2026-05-23T15:27:27.479978Z","level":"DEBUG","fields":{"message":"incoming message","method":"engine.health"},"target":"cove_replay_engine::transport::server"}
{"timestamp":"2026-05-23T15:27:32.480663Z","level":"DEBUG","fields":{"message":"incoming message","method":"engine.health"},"target":"cove_replay_engine::transport::server"}
{"timestamp":"2026-05-23T15:27:37.482132Z","level":"DEBUG","fields":{"message":"incoming message","method":"engine.health"},"target":"cove_replay_engine::transport::server"}
{"timestamp":"2026-05-23T15:27:42.482444Z","level":"DEBUG","fields":{"message":"incoming message","method":"engine.health"},"target":"cove_replay_engine::transport::server"}
{"timestamp":"2026-05-23T15:27:47.482389Z","level":"DEBUG","fields":{"message":"incoming message","method":"engine.health"},"target":"cove_replay_engine::transport::server"}
{"timestamp":"2026-05-23T15:27:52.484350Z","level":"DEBUG","fields":{"message":"incoming message","method":"engine.health"},"target":"cove_replay_engine::transport::server"}
{"timestamp":"2026-05-23T15:27:57.484824Z","level":"DEBUG","fields":{"message":"incoming message","method":"engine.health"},"target":"cove_replay_engine::transport::server"}
{"timestamp":"2026-05-23T15:28:02.485572Z","level":"DEBUG","fields":{"message":"incoming message","method":"engine.health"},"target":"cove_replay_engine::transport::server"}
{"timestamp":"2026-05-23T15:28:05.612436Z","level":"DEBUG","fields":{"message":"incoming message","method":"replay.save"},"target":"cove_replay_engine::transport::server"}
{"timestamp":"2026-05-23T15:28:06.634300Z","level":"DEBUG","fields":{"message":"incoming message","method":"replay.export_start"},"target":"cove_replay_engine::transport::server"}
{"timestamp":"2026-05-23T15:28:06.634433Z","level":"INFO","fields":{"message":"export.queued","export_id":"exp-1779550086634403769-0001","snapshot_id":"snap-1779550085612579549-0000","requested_duration_s":27.191222222222223,"pid":1363428},"target":"cove_replay_engine::export"}
{"timestamp":"2026-05-23T15:28:06.649047Z","level":"INFO","fields":{"message":"export.started","export_id":"exp-1779550086634403769-0001","snapshot_id":"snap-1779550085612579549-0000","est_duration_s":27.191222222222223,"est_output_bytes":126151432,"tmp_path":"/run/user/1000/cove-screen-recorder/exports/exp-1779550086634403769-0001.tmp","final_path":"/run/user/1000/cove-screen-recorder/exports/exp-1779550086634403769-0001.mp4","pid":1363428},"target":"cove_replay_engine::export"}
{"timestamp":"2026-05-23T15:28:06.902219Z","level":"INFO","fields":{"message":"export.muxing enter","export_id":"exp-1779550086634403769-0001","bytes_out":126033374,"elapsed_ms":252},"target":"cove_replay_engine::export"}
{"timestamp":"2026-05-23T15:28:06.902375Z","level":"INFO","fields":{"message":"export.tmp fsync success","export_id":"exp-1779550086634403769-0001","tmp_bytes":126033374,"tmp_path":"/run/user/1000/cove-screen-recorder/exports/exp-1779550086634403769-0001.tmp"},"target":"cove_replay_engine::export"}
{"timestamp":"2026-05-23T15:28:06.902453Z","level":"INFO","fields":{"message":"export.rename success (same-device)","export_id":"exp-1779550086634403769-0001","final_path":"/run/user/1000/cove-screen-recorder/exports/exp-1779550086634403769-0001.mp4"},"target":"cove_replay_engine::export"}
{"timestamp":"2026-05-23T15:28:06.902512Z","level":"INFO","fields":{"message":"export.dir fsync success","export_id":"exp-1779550086634403769-0001","dir":"/run/user/1000/cove-screen-recorder/exports"},"target":"cove_replay_engine::export"}
{"timestamp":"2026-05-23T15:28:07.486377Z","level":"DEBUG","fields":{"message":"incoming message","method":"engine.health"},"target":"cove_replay_engine::transport::server"}
{"timestamp":"2026-05-23T15:28:09.646250Z","level":"INFO","fields":{"message":"export.sha256 success","export_id":"exp-1779550086634403769-0001","bytes":126033374,"sha256":"4263bf86f0c22d9af63b9e01e401b5bc7c0cf486ea36c4fb15c53d9e5d29e873","final_path":"/run/user/1000/cove-screen-recorder/exports/exp-1779550086634403769-0001.mp4"},"target":"cove_replay_engine::export"}
{"timestamp":"2026-05-23T15:28:09.646327Z","level":"INFO","fields":{"message":"export.completion preswap","export_id":"exp-1779550086634403769-0001","terminal_fired_was":false,"mux_duration_ms":2744,"total_duration_ms":2996},"target":"cove_replay_engine::export"}
{"timestamp":"2026-05-23T15:28:09.646354Z","level":"INFO","fields":{"message":"export.completion postswap","export_id":"exp-1779550086634403769-0001","mux_duration_ms":2744,"total_duration_ms":2996},"target":"cove_replay_engine::export"}
{"timestamp":"2026-05-23T15:28:09.646437Z","level":"INFO","fields":{"message":"export.completed emit","export_id":"exp-1779550086634403769-0001","final_path":"/run/user/1000/cove-screen-recorder/exports/exp-1779550086634403769-0001.mp4","bytes":126033374,"sha256":"4263bf86f0c22d9af63b9e01e401b5bc7c0cf486ea36c4fb15c53d9e5d29e873","total_duration_ms":2996,"pid":1363428},"target":"cove_replay_engine::export"}
{"timestamp":"2026-05-23T15:28:10.699126Z","level":"DEBUG","fields":{"message":"incoming message","method":"replay.snapshot_release"},"target":"cove_replay_engine::transport::server"}
{"timestamp":"2026-05-23T15:28:12.486225Z","level":"DEBUG","fields":{"message":"incoming message","method":"engine.health"},"target":"cove_replay_engine::transport::server"}
{"timestamp":"2026-05-23T15:28:17.487921Z","level":"DEBUG","fields":{"message":"incoming message","method":"engine.health"},"target":"cove_replay_engine::transport::server"}
{"timestamp":"2026-05-23T15:28:22.488933Z","level":"DEBUG","fields":{"message":"incoming message","method":"engine.health"},"target":"cove_replay_engine::transport::server"}
{"timestamp":"2026-05-23T15:28:27.489842Z","level":"DEBUG","fields":{"message":"incoming message","method":"engine.health"},"target":"cove_replay_engine::transport::server"}
{"timestamp":"2026-05-23T15:28:32.490344Z","level":"DEBUG","fields":{"message":"incoming message","method":"engine.health"},"target":"cove_replay_engine::transport::server"}
{"timestamp":"2026-05-23T15:28:37.490925Z","level":"DEBUG","fields":{"message":"incoming message","method":"engine.health"},"target":"cove_replay_engine::transport::server"}
{"timestamp":"2026-05-23T15:28:41.323675Z","level":"DEBUG","fields":{"message":"incoming message","method":"capture.stopSession"},"target":"cove_replay_engine::transport::server"}
{"timestamp":"2026-05-23T15:28:42.491418Z","level":"DEBUG","fields":{"message":"incoming message","method":"engine.health"},"target":"cove_replay_engine::transport::server"}
{"timestamp":"2026-05-23T15:28:47.495525Z","level":"DEBUG","fields":{"message":"incoming message","method":"engine.health"},"target":"cove_replay_engine::transport::server"}
{"timestamp":"2026-05-23T15:28:52.498840Z","level":"DEBUG","fields":{"message":"incoming message","method":"engine.health"},"target":"cove_replay_engine::transport::server"}
{"timestamp":"2026-05-23T15:28:57.502202Z","level":"DEBUG","fields":{"message":"incoming message","method":"engine.health"},"target":"cove_replay_engine::transport::server"}
{"timestamp":"2026-05-23T15:29:02.505506Z","level":"DEBUG","fields":{"message":"incoming message","method":"engine.health"},"target":"cove_replay_engine::transport::server"}
{"timestamp":"2026-05-23T15:29:07.511111Z","level":"DEBUG","fields":{"message":"incoming message","method":"engine.health"},"target":"cove_replay_engine::transport::server"}
{"timestamp":"2026-05-23T15:29:12.515570Z","level":"DEBUG","fields":{"message":"incoming message","method":"engine.health"},"target":"cove_replay_engine::transport::server"}
{"timestamp":"2026-05-23T15:29:17.518823Z","level":"DEBUG","fields":{"message":"incoming message","method":"engine.health"},"target":"cove_replay_engine::transport::server"}
{"timestamp":"2026-05-23T15:29:22.522178Z","level":"DEBUG","fields":{"message":"incoming message","method":"engine.health"},"target":"cove_replay_engine::transport::server"}
{"timestamp":"2026-05-23T15:29:27.523499Z","level":"DEBUG","fields":{"message":"incoming message","method":"engine.health"},"target":"cove_replay_engine::transport::server"}
{"timestamp":"2026-05-23T15:29:28.125448Z","level":"DEBUG","fields":{"message":"incoming message","method":"capture.requestSession"},"target":"cove_replay_engine::transport::server"}
{"timestamp":"2026-05-23T15:29:28.151912Z","level":"INFO","fields":{"message":"portal session established","session_id":"pw-session-0000-1363428-1779550168151","node_id":101},"target":"cove_replay_engine::capture::pipewire"}
{"timestamp":"2026-05-23T15:29:28.152493Z","level":"DEBUG","fields":{"message":"incoming message","method":"capture.startStream"},"target":"cove_replay_engine::transport::server"}
{"timestamp":"2026-05-23T15:29:28.153840Z","level":"DEBUG","fields":{"message":"PW stream state change","old":"Unconnected","new":"Connecting"},"target":"cove_replay_engine::capture::pipewire"}
{"timestamp":"2026-05-23T15:29:28.154588Z","level":"DEBUG","fields":{"message":"PW stream state change","old":"Connecting","new":"Paused"},"target":"cove_replay_engine::capture::pipewire"}
{"timestamp":"2026-05-23T15:29:28.161792Z","level":"WARN","fields":{"message":"PW stream errored during DMA-BUF-only negotiation: no more input formats; triggering SHM-only fallback retry"},"target":"cove_replay_engine::capture::pipewire"}
{"timestamp":"2026-05-23T15:29:28.161836Z","level":"INFO","fields":{"message":"PW: DMA-BUF negotiation hard-failed; reconnecting with SHM-only fallback"},"target":"cove_replay_engine::capture::pipewire"}
{"timestamp":"2026-05-23T15:29:28.161863Z","level":"DEBUG","fields":{"message":"PW stream state change","old":"Paused","new":"Unconnected"},"target":"cove_replay_engine::capture::pipewire"}
{"timestamp":"2026-05-23T15:29:28.171075Z","level":"DEBUG","fields":{"message":"PW stream state change","old":"Unconnected","new":"Connecting"},"target":"cove_replay_engine::capture::pipewire"}
{"timestamp":"2026-05-23T15:29:28.171889Z","level":"DEBUG","fields":{"message":"PW stream state change","old":"Connecting","new":"Paused"},"target":"cove_replay_engine::capture::pipewire"}
{"timestamp":"2026-05-23T15:29:28.176602Z","level":"DEBUG","fields":{"message":"Issue #1 buffer constraint: SHM-only (MemFd|MemPtr) — DMA-BUF fallback","data_type_mask":6,"phase":"ShmAttempted"},"target":"cove_replay_engine::capture::pipewire"}
{"timestamp":"2026-05-23T15:29:28.177112Z","level":"DEBUG","fields":{"message":"PW stream state change","old":"Paused","new":"Streaming"},"target":"cove_replay_engine::capture::pipewire"}
{"timestamp":"2026-05-23T15:29:28.177167Z","level":"INFO","fields":{"message":"PW stream ready","session_id":"pw-session-0000-1363428-1779550168151","stream_id":"pw-stream-0000","width":3840,"height":2160,"fourcc":"XR24"},"target":"cove_replay_engine::capture::pipewire"}
{"timestamp":"2026-05-23T15:29:28.226790Z","level":"DEBUG","fields":{"message":"Issue #2: SHM-fallback settled (usable payload built)"},"target":"cove_replay_engine::capture::pipewire"}
{"timestamp":"2026-05-23T15:29:28.345012Z","level":"DEBUG","fields":{"message":"nvenc probe: session creation succeeded"},"target":"cove_replay_engine::encoder::backends::nvenc"}
{"timestamp":"2026-05-23T15:29:31.299791Z","level":"DEBUG","fields":{"message":"incoming message","method":"capture.stopSession"},"target":"cove_replay_engine::transport::server"}
{"timestamp":"2026-05-23T15:29:32.524803Z","level":"DEBUG","fields":{"message":"incoming message","method":"engine.health"},"target":"cove_replay_engine::transport::server"}
{"timestamp":"2026-05-23T15:29:37.528848Z","level":"DEBUG","fields":{"message":"incoming message","method":"engine.health"},"target":"cove_replay_engine::transport::server"}
{"timestamp":"2026-05-23T15:29:42.532172Z","level":"DEBUG","fields":{"message":"incoming message","method":"engine.health"},"target":"cove_replay_engine::transport::server"}
{"timestamp":"2026-05-23T15:29:47.535509Z","level":"DEBUG","fields":{"message":"incoming message","method":"engine.health"},"target":"cove_replay_engine::transport::server"}
{"timestamp":"2026-05-23T15:29:52.538869Z","level":"DEBUG","fields":{"message":"incoming message","method":"engine.health"},"target":"cove_replay_engine::transport::server"}
{"timestamp":"2026-05-23T15:29:57.542159Z","level":"DEBUG","fields":{"message":"incoming message","method":"engine.health"},"target":"cove_replay_engine::transport::server"}
{"timestamp":"2026-05-23T15:30:02.545482Z","level":"DEBUG","fields":{"message":"incoming message","method":"engine.health"},"target":"cove_replay_engine::transport::server"}
{"timestamp":"2026-05-23T15:30:07.548828Z","level":"DEBUG","fields":{"message":"incoming message","method":"engine.health"},"target":"cove_replay_engine::transport::server"}
{"timestamp":"2026-05-23T15:30:12.552173Z","level":"DEBUG","fields":{"message":"incoming message","method":"engine.health"},"target":"cove_replay_engine::transport::server"}
{"timestamp":"2026-05-23T15:30:17.555530Z","level":"DEBUG","fields":{"message":"incoming message","method":"engine.health"},"target":"cove_replay_engine::transport::server"}
{"timestamp":"2026-05-23T15:30:22.558848Z","level":"DEBUG","fields":{"message":"incoming message","method":"engine.health"},"target":"cove_replay_engine::transport::server"}
{"timestamp":"2026-05-23T15:30:27.562255Z","level":"DEBUG","fields":{"message":"incoming message","method":"engine.health"},"target":"cove_replay_engine::transport::server"}
{"timestamp":"2026-05-23T15:30:32.565512Z","level":"DEBUG","fields":{"message":"incoming message","method":"engine.health"},"target":"cove_replay_engine::transport::server"}
{"timestamp":"2026-05-23T15:30:37.568860Z","level":"DEBUG","fields":{"message":"incoming message","method":"engine.health"},"target":"cove_replay_engine::transport::server"}
{"timestamp":"2026-05-23T15:30:42.572161Z","level":"DEBUG","fields":{"message":"incoming message","method":"engine.health"},"target":"cove_replay_engine::transport::server"}
{"timestamp":"2026-05-23T15:30:47.576740Z","level":"DEBUG","fields":{"message":"incoming message","method":"engine.health"},"target":"cove_replay_engine::transport::server"}
{"timestamp":"2026-05-23T15:30:51.296026Z","level":"DEBUG","fields":{"message":"incoming message","method":"capture.requestSession"},"target":"cove_replay_engine::transport::server"}
{"timestamp":"2026-05-23T15:30:51.309500Z","level":"INFO","fields":{"message":"portal session established","session_id":"pw-session-0000-1363428-1779550251309","node_id":101},"target":"cove_replay_engine::capture::pipewire"}
{"timestamp":"2026-05-23T15:30:51.310049Z","level":"DEBUG","fields":{"message":"incoming message","method":"capture.startStream"},"target":"cove_replay_engine::transport::server"}
{"timestamp":"2026-05-23T15:30:51.311271Z","level":"DEBUG","fields":{"message":"PW stream state change","old":"Unconnected","new":"Connecting"},"target":"cove_replay_engine::capture::pipewire"}
{"timestamp":"2026-05-23T15:30:51.311806Z","level":"DEBUG","fields":{"message":"PW stream state change","old":"Connecting","new":"Paused"},"target":"cove_replay_engine::capture::pipewire"}
{"timestamp":"2026-05-23T15:30:51.318023Z","level":"WARN","fields":{"message":"PW stream errored during DMA-BUF-only negotiation: no more input formats; triggering SHM-only fallback retry"},"target":"cove_replay_engine::capture::pipewire"}
{"timestamp":"2026-05-23T15:30:51.318064Z","level":"INFO","fields":{"message":"PW: DMA-BUF negotiation hard-failed; reconnecting with SHM-only fallback"},"target":"cove_replay_engine::capture::pipewire"}
{"timestamp":"2026-05-23T15:30:51.318090Z","level":"DEBUG","fields":{"message":"PW stream state change","old":"Paused","new":"Unconnected"},"target":"cove_replay_engine::capture::pipewire"}
{"timestamp":"2026-05-23T15:30:51.326040Z","level":"DEBUG","fields":{"message":"PW stream state change","old":"Unconnected","new":"Connecting"},"target":"cove_replay_engine::capture::pipewire"}
{"timestamp":"2026-05-23T15:30:51.326877Z","level":"DEBUG","fields":{"message":"PW stream state change","old":"Connecting","new":"Paused"},"target":"cove_replay_engine::capture::pipewire"}
{"timestamp":"2026-05-23T15:30:51.334823Z","level":"DEBUG","fields":{"message":"Issue #1 buffer constraint: SHM-only (MemFd|MemPtr) — DMA-BUF fallback","data_type_mask":6,"phase":"ShmAttempted"},"target":"cove_replay_engine::capture::pipewire"}
{"timestamp":"2026-05-23T15:30:51.335366Z","level":"DEBUG","fields":{"message":"PW stream state change","old":"Paused","new":"Streaming"},"target":"cove_replay_engine::capture::pipewire"}
{"timestamp":"2026-05-23T15:30:51.335478Z","level":"INFO","fields":{"message":"PW stream ready","session_id":"pw-session-0000-1363428-1779550251309","stream_id":"pw-stream-0000","width":3840,"height":2160,"fourcc":"XR24"},"target":"cove_replay_engine::capture::pipewire"}
{"timestamp":"2026-05-23T15:30:51.372736Z","level":"DEBUG","fields":{"message":"Issue #2: SHM-fallback settled (usable payload built)"},"target":"cove_replay_engine::capture::pipewire"}
{"timestamp":"2026-05-23T15:30:51.497883Z","level":"DEBUG","fields":{"message":"nvenc probe: session creation succeeded"},"target":"cove_replay_engine::encoder::backends::nvenc"}
{"timestamp":"2026-05-23T15:30:52.577367Z","level":"DEBUG","fields":{"message":"incoming message","method":"engine.health"},"target":"cove_replay_engine::transport::server"}
{"timestamp":"2026-05-23T15:30:57.577168Z","level":"DEBUG","fields":{"message":"incoming message","method":"engine.health"},"target":"cove_replay_engine::transport::server"}
{"timestamp":"2026-05-23T15:31:02.578286Z","level":"DEBUG","fields":{"message":"incoming message","method":"engine.health"},"target":"cove_replay_engine::transport::server"}
{"timestamp":"2026-05-23T15:31:07.578650Z","level":"DEBUG","fields":{"message":"incoming message","method":"engine.health"},"target":"cove_replay_engine::transport::server"}
{"timestamp":"2026-05-23T15:31:12.580267Z","level":"DEBUG","fields":{"message":"incoming message","method":"engine.health"},"target":"cove_replay_engine::transport::server"}
{"timestamp":"2026-05-23T15:31:17.579860Z","level":"DEBUG","fields":{"message":"incoming message","method":"engine.health"},"target":"cove_replay_engine::transport::server"}
{"timestamp":"2026-05-23T15:31:22.580015Z","level":"DEBUG","fields":{"message":"incoming message","method":"engine.health"},"target":"cove_replay_engine::transport::server"}
{"timestamp":"2026-05-23T15:31:27.581140Z","level":"DEBUG","fields":{"message":"incoming message","method":"engine.health"},"target":"cove_replay_engine::transport::server"}
{"timestamp":"2026-05-23T15:31:32.581710Z","level":"DEBUG","fields":{"message":"incoming message","method":"engine.health"},"target":"cove_replay_engine::transport::server"}
{"timestamp":"2026-05-23T15:31:37.582486Z","level":"DEBUG","fields":{"message":"incoming message","method":"engine.health"},"target":"cove_replay_engine::transport::server"}
{"timestamp":"2026-05-23T15:31:42.582272Z","level":"DEBUG","fields":{"message":"incoming message","method":"engine.health"},"target":"cove_replay_engine::transport::server"}
{"timestamp":"2026-05-23T15:31:47.582463Z","level":"DEBUG","fields":{"message":"incoming message","method":"engine.health"},"target":"cove_replay_engine::transport::server"}
{"timestamp":"2026-05-23T15:31:52.582150Z","level":"DEBUG","fields":{"message":"incoming message","method":"engine.health"},"target":"cove_replay_engine::transport::server"}
{"timestamp":"2026-05-23T15:31:57.582147Z","level":"DEBUG","fields":{"message":"incoming message","method":"engine.health"},"target":"cove_replay_engine::transport::server"}
{"timestamp":"2026-05-23T15:32:02.582531Z","level":"DEBUG","fields":{"message":"incoming message","method":"engine.health"},"target":"cove_replay_engine::transport::server"}
{"timestamp":"2026-05-23T15:32:07.582453Z","level":"DEBUG","fields":{"message":"incoming message","method":"engine.health"},"target":"cove_replay_engine::transport::server"}
{"timestamp":"2026-05-23T15:32:12.582668Z","level":"DEBUG","fields":{"message":"incoming message","method":"engine.health"},"target":"cove_replay_engine::transport::server"}
{"timestamp":"2026-05-23T15:32:17.584226Z","level":"DEBUG","fields":{"message":"incoming message","method":"engine.health"},"target":"cove_replay_engine::transport::server"}
{"timestamp":"2026-05-23T15:32:22.583828Z","level":"DEBUG","fields":{"message":"incoming message","method":"engine.health"},"target":"cove_replay_engine::transport::server"}
{"timestamp":"2026-05-23T15:32:27.583996Z","level":"DEBUG","fields":{"message":"incoming message","method":"engine.health"},"target":"cove_replay_engine::transport::server"}
{"timestamp":"2026-05-23T15:32:32.585014Z","level":"DEBUG","fields":{"message":"incoming message","method":"engine.health"},"target":"cove_replay_engine::transport::server"}
{"timestamp":"2026-05-23T15:32:37.585194Z","level":"DEBUG","fields":{"message":"incoming message","method":"engine.health"},"target":"cove_replay_engine::transport::server"}
{"timestamp":"2026-05-23T15:32:42.585504Z","level":"DEBUG","fields":{"message":"incoming message","method":"engine.health"},"target":"cove_replay_engine::transport::server"}
{"timestamp":"2026-05-23T15:32:47.586644Z","level":"DEBUG","fields":{"message":"incoming message","method":"engine.health"},"target":"cove_replay_engine::transport::server"}
{"timestamp":"2026-05-23T15:32:52.587163Z","level":"DEBUG","fields":{"message":"incoming message","method":"engine.health"},"target":"cove_replay_engine::transport::server"}
{"timestamp":"2026-05-23T15:32:57.588474Z","level":"DEBUG","fields":{"message":"incoming message","method":"engine.health"},"target":"cove_replay_engine::transport::server"}
{"timestamp":"2026-05-23T15:33:02.589541Z","level":"DEBUG","fields":{"message":"incoming message","method":"engine.health"},"target":"cove_replay_engine::transport::server"}
{"timestamp":"2026-05-23T15:33:07.590006Z","level":"DEBUG","fields":{"message":"incoming message","method":"engine.health"},"target":"cove_replay_engine::transport::server"}
{"timestamp":"2026-05-23T15:33:12.590779Z","level":"DEBUG","fields":{"message":"incoming message","method":"engine.health"},"target":"cove_replay_engine::transport::server"}
{"timestamp":"2026-05-23T15:33:17.591309Z","level":"DEBUG","fields":{"message":"incoming message","method":"engine.health"},"target":"cove_replay_engine::transport::server"}
{"timestamp":"2026-05-23T15:33:22.591686Z","level":"DEBUG","fields":{"message":"incoming message","method":"engine.health"},"target":"cove_replay_engine::transport::server"}
{"timestamp":"2026-05-23T15:33:27.592358Z","level":"DEBUG","fields":{"message":"incoming message","method":"engine.health"},"target":"cove_replay_engine::transport::server"}
{"timestamp":"2026-05-23T15:33:32.592165Z","level":"DEBUG","fields":{"message":"incoming message","method":"engine.health"},"target":"cove_replay_engine::transport::server"}
{"timestamp":"2026-05-23T15:33:37.593933Z","level":"DEBUG","fields":{"message":"incoming message","method":"engine.health"},"target":"cove_replay_engine::transport::server"}
{"timestamp":"2026-05-23T15:33:42.593671Z","level":"DEBUG","fields":{"message":"incoming message","method":"engine.health"},"target":"cove_replay_engine::transport::server"}
{"timestamp":"2026-05-23T15:33:47.595367Z","level":"DEBUG","fields":{"message":"incoming message","method":"engine.health"},"target":"cove_replay_engine::transport::server"}
{"timestamp":"2026-05-23T15:33:52.595038Z","level":"DEBUG","fields":{"message":"incoming message","method":"engine.health"},"target":"cove_replay_engine::transport::server"}
{"timestamp":"2026-05-23T15:33:57.595683Z","level":"DEBUG","fields":{"message":"incoming message","method":"engine.health"},"target":"cove_replay_engine::transport::server"}
{"timestamp":"2026-05-23T15:34:02.596302Z","level":"DEBUG","fields":{"message":"incoming message","method":"engine.health"},"target":"cove_replay_engine::transport::server"}
{"timestamp":"2026-05-23T15:34:07.597387Z","level":"DEBUG","fields":{"message":"incoming message","method":"engine.health"},"target":"cove_replay_engine::transport::server"}
{"timestamp":"2026-05-23T15:34:12.596583Z","level":"DEBUG","fields":{"message":"incoming message","method":"engine.health"},"target":"cove_replay_engine::transport::server"}
{"timestamp":"2026-05-23T15:34:17.597975Z","level":"DEBUG","fields":{"message":"incoming message","method":"engine.health"},"target":"cove_replay_engine::transport::server"}
{"timestamp":"2026-05-23T15:34:22.597939Z","level":"DEBUG","fields":{"message":"incoming message","method":"engine.health"},"target":"cove_replay_engine::transport::server"}
{"timestamp":"2026-05-23T15:34:27.598963Z","level":"DEBUG","fields":{"message":"incoming message","method":"engine.health"},"target":"cove_replay_engine::transport::server"}
{"timestamp":"2026-05-23T15:34:32.599505Z","level":"DEBUG","fields":{"message":"incoming message","method":"engine.health"},"target":"cove_replay_engine::transport::server"}
{"timestamp":"2026-05-23T15:34:37.598948Z","level":"DEBUG","fields":{"message":"incoming message","method":"engine.health"},"target":"cove_replay_engine::transport::server"}
{"timestamp":"2026-05-23T15:34:42.598877Z","level":"DEBUG","fields":{"message":"incoming message","method":"engine.health"},"target":"cove_replay_engine::transport::server"}
{"timestamp":"2026-05-23T15:34:47.599669Z","level":"DEBUG","fields":{"message":"incoming message","method":"engine.health"},"target":"cove_replay_engine::transport::server"}
{"timestamp":"2026-05-23T15:34:52.600513Z","level":"DEBUG","fields":{"message":"incoming message","method":"engine.health"},"target":"cove_replay_engine::transport::server"}
{"timestamp":"2026-05-23T15:34:57.600248Z","level":"DEBUG","fields":{"message":"incoming message","method":"engine.health"},"target":"cove_replay_engine::transport::server"}
{"timestamp":"2026-05-23T15:35:02.599613Z","level":"DEBUG","fields":{"message":"incoming message","method":"engine.health"},"target":"cove_replay_engine::transport::server"}
{"timestamp":"2026-05-23T15:35:07.601222Z","level":"DEBUG","fields":{"message":"incoming message","method":"engine.health"},"target":"cove_replay_engine::transport::server"}
{"timestamp":"2026-05-23T15:35:12.602067Z","level":"DEBUG","fields":{"message":"incoming message","method":"engine.health"},"target":"cove_replay_engine::transport::server"}
{"timestamp":"2026-05-23T15:35:17.602126Z","level":"DEBUG","fields":{"message":"incoming message","method":"engine.health"},"target":"cove_replay_engine::transport::server"}
{"timestamp":"2026-05-23T15:35:22.602255Z","level":"DEBUG","fields":{"message":"incoming message","method":"engine.health"},"target":"cove_replay_engine::transport::server"}
{"timestamp":"2026-05-23T15:35:27.602257Z","level":"DEBUG","fields":{"message":"incoming message","method":"engine.health"},"target":"cove_replay_engine::transport::server"}
{"timestamp":"2026-05-23T15:35:32.602205Z","level":"DEBUG","fields":{"message":"incoming message","method":"engine.health"},"target":"cove_replay_engine::transport::server"}
{"timestamp":"2026-05-23T15:35:37.602777Z","level":"DEBUG","fields":{"message":"incoming message","method":"engine.health"},"target":"cove_replay_engine::transport::server"}
{"timestamp":"2026-05-23T15:35:42.603674Z","level":"DEBUG","fields":{"message":"incoming message","method":"engine.health"},"target":"cove_replay_engine::transport::server"}
{"timestamp":"2026-05-23T15:35:47.604280Z","level":"DEBUG","fields":{"message":"incoming message","method":"engine.health"},"target":"cove_replay_engine::transport::server"}
{"timestamp":"2026-05-23T15:35:52.604882Z","level":"DEBUG","fields":{"message":"incoming message","method":"engine.health"},"target":"cove_replay_engine::transport::server"}
{"timestamp":"2026-05-23T15:35:57.605489Z","level":"DEBUG","fields":{"message":"incoming message","method":"engine.health"},"target":"cove_replay_engine::transport::server"}
{"timestamp":"2026-05-23T15:36:02.605991Z","level":"DEBUG","fields":{"message":"incoming message","method":"engine.health"},"target":"cove_replay_engine::transport::server"}
{"timestamp":"2026-05-23T15:36:07.606304Z","level":"DEBUG","fields":{"message":"incoming message","method":"engine.health"},"target":"cove_replay_engine::transport::server"}
{"timestamp":"2026-05-23T15:36:12.607159Z","level":"DEBUG","fields":{"message":"incoming message","method":"engine.health"},"target":"cove_replay_engine::transport::server"}
{"timestamp":"2026-05-23T15:36:17.607854Z","level":"DEBUG","fields":{"message":"incoming message","method":"engine.health"},"target":"cove_replay_engine::transport::server"}
{"timestamp":"2026-05-23T15:36:22.608579Z","level":"DEBUG","fields":{"message":"incoming message","method":"engine.health"},"target":"cove_replay_engine::transport::server"}
{"timestamp":"2026-05-23T15:36:27.610480Z","level":"DEBUG","fields":{"message":"incoming message","method":"engine.health"},"target":"cove_replay_engine::transport::server"}
{"timestamp":"2026-05-23T15:36:32.611475Z","level":"DEBUG","fields":{"message":"incoming message","method":"engine.health"},"target":"cove_replay_engine::transport::server"}
{"timestamp":"2026-05-23T15:36:37.611423Z","level":"DEBUG","fields":{"message":"incoming message","method":"engine.health"},"target":"cove_replay_engine::transport::server"}
{"timestamp":"2026-05-23T15:36:42.612226Z","level":"DEBUG","fields":{"message":"incoming message","method":"engine.health"},"target":"cove_replay_engine::transport::server"}
{"timestamp":"2026-05-23T15:36:47.611776Z","level":"DEBUG","fields":{"message":"incoming message","method":"engine.health"},"target":"cove_replay_engine::transport::server"}
{"timestamp":"2026-05-23T15:36:52.612099Z","level":"DEBUG","fields":{"message":"incoming message","method":"engine.health"},"target":"cove_replay_engine::transport::server"}
{"timestamp":"2026-05-23T15:36:57.612115Z","level":"DEBUG","fields":{"message":"incoming message","method":"engine.health"},"target":"cove_replay_engine::transport::server"}
{"timestamp":"2026-05-23T15:37:02.612158Z","level":"DEBUG","fields":{"message":"incoming message","method":"engine.health"},"target":"cove_replay_engine::transport::server"}
{"timestamp":"2026-05-23T15:37:07.611986Z","level":"DEBUG","fields":{"message":"incoming message","method":"engine.health"},"target":"cove_replay_engine::transport::server"}
{"timestamp":"2026-05-23T15:37:12.612985Z","level":"DEBUG","fields":{"message":"incoming message","method":"engine.health"},"target":"cove_replay_engine::transport::server"}
{"timestamp":"2026-05-23T15:37:17.614515Z","level":"DEBUG","fields":{"message":"incoming message","method":"engine.health"},"target":"cove_replay_engine::transport::server"}
{"timestamp":"2026-05-23T15:37:22.614692Z","level":"DEBUG","fields":{"message":"incoming message","method":"engine.health"},"target":"cove_replay_engine::transport::server"}
{"timestamp":"2026-05-23T15:37:27.614861Z","level":"DEBUG","fields":{"message":"incoming message","method":"engine.health"},"target":"cove_replay_engine::transport::server"}
{"timestamp":"2026-05-23T15:37:32.615616Z","level":"DEBUG","fields":{"message":"incoming message","method":"engine.health"},"target":"cove_replay_engine::transport::server"}
{"timestamp":"2026-05-23T15:37:37.617115Z","level":"DEBUG","fields":{"message":"incoming message","method":"engine.health"},"target":"cove_replay_engine::transport::server"}
{"timestamp":"2026-05-23T15:37:42.617078Z","level":"DEBUG","fields":{"message":"incoming message","method":"engine.health"},"target":"cove_replay_engine::transport::server"}
{"timestamp":"2026-05-23T15:37:47.617609Z","level":"DEBUG","fields":{"message":"incoming message","method":"engine.health"},"target":"cove_replay_engine::transport::server"}
{"timestamp":"2026-05-23T15:37:52.618792Z","level":"DEBUG","fields":{"message":"incoming message","method":"engine.health"},"target":"cove_replay_engine::transport::server"}
{"timestamp":"2026-05-23T15:37:57.620068Z","level":"DEBUG","fields":{"message":"incoming message","method":"engine.health"},"target":"cove_replay_engine::transport::server"}
{"timestamp":"2026-05-23T15:38:02.621077Z","level":"DEBUG","fields":{"message":"incoming message","method":"engine.health"},"target":"cove_replay_engine::transport::server"}
{"timestamp":"2026-05-23T15:38:07.620997Z","level":"DEBUG","fields":{"message":"incoming message","method":"engine.health"},"target":"cove_replay_engine::transport::server"}
{"timestamp":"2026-05-23T15:38:12.621551Z","level":"DEBUG","fields":{"message":"incoming message","method":"engine.health"},"target":"cove_replay_engine::transport::server"}
{"timestamp":"2026-05-23T15:38:17.622614Z","level":"DEBUG","fields":{"message":"incoming message","method":"engine.health"},"target":"cove_replay_engine::transport::server"}
{"timestamp":"2026-05-23T15:38:22.623355Z","level":"DEBUG","fields":{"message":"incoming message","method":"engine.health"},"target":"cove_replay_engine::transport::server"}
{"timestamp":"2026-05-23T15:38:27.623236Z","level":"DEBUG","fields":{"message":"incoming message","method":"engine.health"},"target":"cove_replay_engine::transport::server"}
{"timestamp":"2026-05-23T15:38:32.624151Z","level":"DEBUG","fields":{"message":"incoming message","method":"engine.health"},"target":"cove_replay_engine::transport::server"}
{"timestamp":"2026-05-23T15:38:37.623741Z","level":"DEBUG","fields":{"message":"incoming message","method":"engine.health"},"target":"cove_replay_engine::transport::server"}
{"timestamp":"2026-05-23T15:38:42.624697Z","level":"DEBUG","fields":{"message":"incoming message","method":"engine.health"},"target":"cove_replay_engine::transport::server"}
{"timestamp":"2026-05-23T15:38:47.625451Z","level":"DEBUG","fields":{"message":"incoming message","method":"engine.health"},"target":"cove_replay_engine::transport::server"}
{"timestamp":"2026-05-23T15:38:52.625643Z","level":"DEBUG","fields":{"message":"incoming message","method":"engine.health"},"target":"cove_replay_engine::transport::server"}
{"timestamp":"2026-05-23T15:38:57.626636Z","level":"DEBUG","fields":{"message":"incoming message","method":"engine.health"},"target":"cove_replay_engine::transport::server"}
{"timestamp":"2026-05-23T15:39:02.627587Z","level":"DEBUG","fields":{"message":"incoming message","method":"engine.health"},"target":"cove_replay_engine::transport::server"}
{"timestamp":"2026-05-23T15:39:07.627456Z","level":"DEBUG","fields":{"message":"incoming message","method":"engine.health"},"target":"cove_replay_engine::transport::server"}
{"timestamp":"2026-05-23T15:39:12.628647Z","level":"DEBUG","fields":{"message":"incoming message","method":"engine.health"},"target":"cove_replay_engine::transport::server"}
{"timestamp":"2026-05-23T15:39:17.630112Z","level":"DEBUG","fields":{"message":"incoming message","method":"engine.health"},"target":"cove_replay_engine::transport::server"}
{"timestamp":"2026-05-23T15:39:22.630386Z","level":"DEBUG","fields":{"message":"incoming message","method":"engine.health"},"target":"cove_replay_engine::transport::server"}
{"timestamp":"2026-05-23T15:39:27.630441Z","level":"DEBUG","fields":{"message":"incoming message","method":"engine.health"},"target":"cove_replay_engine::transport::server"}
{"timestamp":"2026-05-23T15:39:32.631020Z","level":"DEBUG","fields":{"message":"incoming message","method":"engine.health"},"target":"cove_replay_engine::transport::server"}
{"timestamp":"2026-05-23T15:39:37.631215Z","level":"DEBUG","fields":{"message":"incoming message","method":"engine.health"},"target":"cove_replay_engine::transport::server"}
{"timestamp":"2026-05-23T15:39:42.631363Z","level":"DEBUG","fields":{"message":"incoming message","method":"engine.health"},"target":"cove_replay_engine::transport::server"}
{"timestamp":"2026-05-23T15:39:47.631672Z","level":"DEBUG","fields":{"message":"incoming message","method":"engine.health"},"target":"cove_replay_engine::transport::server"}
{"timestamp":"2026-05-23T15:39:52.632801Z","level":"DEBUG","fields":{"message":"incoming message","method":"engine.health"},"target":"cove_replay_engine::transport::server"}
{"timestamp":"2026-05-23T15:39:57.633755Z","level":"DEBUG","fields":{"message":"incoming message","method":"engine.health"},"target":"cove_replay_engine::transport::server"}
{"timestamp":"2026-05-23T15:40:02.633966Z","level":"DEBUG","fields":{"message":"incoming message","method":"engine.health"},"target":"cove_replay_engine::transport::server"}
{"timestamp":"2026-05-23T15:40:07.634390Z","level":"DEBUG","fields":{"message":"incoming message","method":"engine.health"},"target":"cove_replay_engine::transport::server"}
{"timestamp":"2026-05-23T15:40:12.634535Z","level":"DEBUG","fields":{"message":"incoming message","method":"engine.health"},"target":"cove_replay_engine::transport::server"}
{"timestamp":"2026-05-23T15:40:17.635270Z","level":"DEBUG","fields":{"message":"incoming message","method":"engine.health"},"target":"cove_replay_engine::transport::server"}
{"timestamp":"2026-05-23T15:40:22.636061Z","level":"DEBUG","fields":{"message":"incoming message","method":"engine.health"},"target":"cove_replay_engine::transport::server"}
{"timestamp":"2026-05-23T15:40:27.636676Z","level":"DEBUG","fields":{"message":"incoming message","method":"engine.health"},"target":"cove_replay_engine::transport::server"}
{"timestamp":"2026-05-23T15:40:32.637985Z","level":"DEBUG","fields":{"message":"incoming message","method":"engine.health"},"target":"cove_replay_engine::transport::server"}
{"timestamp":"2026-05-23T15:40:37.638284Z","level":"DEBUG","fields":{"message":"incoming message","method":"engine.health"},"target":"cove_replay_engine::transport::server"}
{"timestamp":"2026-05-23T15:40:42.638946Z","level":"DEBUG","fields":{"message":"incoming message","method":"engine.health"},"target":"cove_replay_engine::transport::server"}
{"timestamp":"2026-05-23T15:40:47.638756Z","level":"DEBUG","fields":{"message":"incoming message","method":"engine.health"},"target":"cove_replay_engine::transport::server"}
{"timestamp":"2026-05-23T15:40:52.639616Z","level":"DEBUG","fields":{"message":"incoming message","method":"engine.health"},"target":"cove_replay_engine::transport::server"}
{"timestamp":"2026-05-23T15:40:57.640901Z","level":"DEBUG","fields":{"message":"incoming message","method":"engine.health"},"target":"cove_replay_engine::transport::server"}
{"timestamp":"2026-05-23T15:41:02.641868Z","level":"DEBUG","fields":{"message":"incoming message","method":"engine.health"},"target":"cove_replay_engine::transport::server"}
{"timestamp":"2026-05-23T15:41:07.642441Z","level":"DEBUG","fields":{"message":"incoming message","method":"engine.health"},"target":"cove_replay_engine::transport::server"}
{"timestamp":"2026-05-23T15:41:12.643351Z","level":"DEBUG","fields":{"message":"incoming message","method":"engine.health"},"target":"cove_replay_engine::transport::server"}
{"timestamp":"2026-05-23T15:41:17.643237Z","level":"DEBUG","fields":{"message":"incoming message","method":"engine.health"},"target":"cove_replay_engine::transport::server"}
{"timestamp":"2026-05-23T15:41:22.643734Z","level":"DEBUG","fields":{"message":"incoming message","method":"engine.health"},"target":"cove_replay_engine::transport::server"}
{"timestamp":"2026-05-23T15:41:27.644527Z","level":"DEBUG","fields":{"message":"incoming message","method":"engine.health"},"target":"cove_replay_engine::transport::server"}
{"timestamp":"2026-05-23T15:41:32.645469Z","level":"DEBUG","fields":{"message":"incoming message","method":"engine.health"},"target":"cove_replay_engine::transport::server"}
{"timestamp":"2026-05-23T15:41:37.646645Z","level":"DEBUG","fields":{"message":"incoming message","method":"engine.health"},"target":"cove_replay_engine::transport::server"}
{"timestamp":"2026-05-23T15:41:42.647234Z","level":"DEBUG","fields":{"message":"incoming message","method":"engine.health"},"target":"cove_replay_engine::transport::server"}
{"timestamp":"2026-05-23T15:41:47.647477Z","level":"DEBUG","fields":{"message":"incoming message","method":"engine.health"},"target":"cove_replay_engine::transport::server"}
{"timestamp":"2026-05-23T15:41:52.648128Z","level":"DEBUG","fields":{"message":"incoming message","method":"engine.health"},"target":"cove_replay_engine::transport::server"}
{"timestamp":"2026-05-23T15:41:57.648939Z","level":"DEBUG","fields":{"message":"incoming message","method":"engine.health"},"target":"cove_replay_engine::transport::server"}
{"timestamp":"2026-05-23T15:42:02.649568Z","level":"DEBUG","fields":{"message":"incoming message","method":"engine.health"},"target":"cove_replay_engine::transport::server"}
{"timestamp":"2026-05-23T15:42:07.650716Z","level":"DEBUG","fields":{"message":"incoming message","method":"engine.health"},"target":"cove_replay_engine::transport::server"}
{"timestamp":"2026-05-23T15:42:12.651089Z","level":"DEBUG","fields":{"message":"incoming message","method":"engine.health"},"target":"cove_replay_engine::transport::server"}
{"timestamp":"2026-05-23T15:42:17.651365Z","level":"DEBUG","fields":{"message":"incoming message","method":"engine.health"},"target":"cove_replay_engine::transport::server"}
{"timestamp":"2026-05-23T15:42:22.651216Z","level":"DEBUG","fields":{"message":"incoming message","method":"engine.health"},"target":"cove_replay_engine::transport::server"}
{"timestamp":"2026-05-23T15:42:27.651433Z","level":"DEBUG","fields":{"message":"incoming message","method":"engine.health"},"target":"cove_replay_engine::transport::server"}
{"timestamp":"2026-05-23T15:42:32.652700Z","level":"DEBUG","fields":{"message":"incoming message","method":"engine.health"},"target":"cove_replay_engine::transport::server"}
{"timestamp":"2026-05-23T15:42:37.653900Z","level":"DEBUG","fields":{"message":"incoming message","method":"engine.health"},"target":"cove_replay_engine::transport::server"}
{"timestamp":"2026-05-23T15:42:42.654231Z","level":"DEBUG","fields":{"message":"incoming message","method":"engine.health"},"target":"cove_replay_engine::transport::server"}
{"timestamp":"2026-05-23T15:42:47.654591Z","level":"DEBUG","fields":{"message":"incoming message","method":"engine.health"},"target":"cove_replay_engine::transport::server"}
{"timestamp":"2026-05-23T15:42:52.655492Z","level":"DEBUG","fields":{"message":"incoming message","method":"engine.health"},"target":"cove_replay_engine::transport::server"}
{"timestamp":"2026-05-23T15:42:57.656152Z","level":"DEBUG","fields":{"message":"incoming message","method":"engine.health"},"target":"cove_replay_engine::transport::server"}
{"timestamp":"2026-05-23T15:43:02.656285Z","level":"DEBUG","fields":{"message":"incoming message","method":"engine.health"},"target":"cove_replay_engine::transport::server"}
{"timestamp":"2026-05-23T15:43:07.656171Z","level":"DEBUG","fields":{"message":"incoming message","method":"engine.health"},"target":"cove_replay_engine::transport::server"}
{"timestamp":"2026-05-23T15:43:12.656010Z","level":"DEBUG","fields":{"message":"incoming message","method":"engine.health"},"target":"cove_replay_engine::transport::server"}
{"timestamp":"2026-05-23T15:43:17.656566Z","level":"DEBUG","fields":{"message":"incoming message","method":"engine.health"},"target":"cove_replay_engine::transport::server"}
{"timestamp":"2026-05-23T15:43:22.657035Z","level":"DEBUG","fields":{"message":"incoming message","method":"engine.health"},"target":"cove_replay_engine::transport::server"}
{"timestamp":"2026-05-23T15:43:27.657569Z","level":"DEBUG","fields":{"message":"incoming message","method":"engine.health"},"target":"cove_replay_engine::transport::server"}
{"timestamp":"2026-05-23T15:43:32.658939Z","level":"DEBUG","fields":{"message":"incoming message","method":"engine.health"},"target":"cove_replay_engine::transport::server"}
{"timestamp":"2026-05-23T15:43:37.659488Z","level":"DEBUG","fields":{"message":"incoming message","method":"engine.health"},"target":"cove_replay_engine::transport::server"}
{"timestamp":"2026-05-23T15:43:42.660289Z","level":"DEBUG","fields":{"message":"incoming message","method":"engine.health"},"target":"cove_replay_engine::transport::server"}
{"timestamp":"2026-05-23T15:43:47.659965Z","level":"DEBUG","fields":{"message":"incoming message","method":"engine.health"},"target":"cove_replay_engine::transport::server"}
{"timestamp":"2026-05-23T15:43:52.660309Z","level":"DEBUG","fields":{"message":"incoming message","method":"engine.health"},"target":"cove_replay_engine::transport::server"}
{"timestamp":"2026-05-23T15:43:57.660459Z","level":"DEBUG","fields":{"message":"incoming message","method":"engine.health"},"target":"cove_replay_engine::transport::server"}
{"timestamp":"2026-05-23T15:44:02.661051Z","level":"DEBUG","fields":{"message":"incoming message","method":"engine.health"},"target":"cove_replay_engine::transport::server"}
{"timestamp":"2026-05-23T15:44:07.660912Z","level":"DEBUG","fields":{"message":"incoming message","method":"engine.health"},"target":"cove_replay_engine::transport::server"}
{"timestamp":"2026-05-23T15:44:12.661467Z","level":"DEBUG","fields":{"message":"incoming message","method":"engine.health"},"target":"cove_replay_engine::transport::server"}
{"timestamp":"2026-05-23T15:44:17.662475Z","level":"DEBUG","fields":{"message":"incoming message","method":"engine.health"},"target":"cove_replay_engine::transport::server"}
{"timestamp":"2026-05-23T15:44:22.663288Z","level":"DEBUG","fields":{"message":"incoming message","method":"engine.health"},"target":"cove_replay_engine::transport::server"}
{"timestamp":"2026-05-23T15:44:27.663612Z","level":"DEBUG","fields":{"message":"incoming message","method":"engine.health"},"target":"cove_replay_engine::transport::server"}
{"timestamp":"2026-05-23T15:44:32.664143Z","level":"DEBUG","fields":{"message":"incoming message","method":"engine.health"},"target":"cove_replay_engine::transport::server"}
{"timestamp":"2026-05-23T15:44:37.664265Z","level":"DEBUG","fields":{"message":"incoming message","method":"engine.health"},"target":"cove_replay_engine::transport::server"}
{"timestamp":"2026-05-23T15:44:42.664100Z","level":"DEBUG","fields":{"message":"incoming message","method":"engine.health"},"target":"cove_replay_engine::transport::server"}
{"timestamp":"2026-05-23T15:44:47.664069Z","level":"DEBUG","fields":{"message":"incoming message","method":"engine.health"},"target":"cove_replay_engine::transport::server"}
{"timestamp":"2026-05-23T15:44:52.663903Z","level":"DEBUG","fields":{"message":"incoming message","method":"engine.health"},"target":"cove_replay_engine::transport::server"}
{"timestamp":"2026-05-23T15:44:57.663830Z","level":"DEBUG","fields":{"message":"incoming message","method":"engine.health"},"target":"cove_replay_engine::transport::server"}
{"timestamp":"2026-05-23T15:45:02.664804Z","level":"DEBUG","fields":{"message":"incoming message","method":"engine.health"},"target":"cove_replay_engine::transport::server"}
{"timestamp":"2026-05-23T15:45:07.665705Z","level":"DEBUG","fields":{"message":"incoming message","method":"engine.health"},"target":"cove_replay_engine::transport::server"}
{"timestamp":"2026-05-23T15:45:12.665855Z","level":"DEBUG","fields":{"message":"incoming message","method":"engine.health"},"target":"cove_replay_engine::transport::server"}
{"timestamp":"2026-05-23T15:45:17.665865Z","level":"DEBUG","fields":{"message":"incoming message","method":"engine.health"},"target":"cove_replay_engine::transport::server"}
{"timestamp":"2026-05-23T15:45:22.666578Z","level":"DEBUG","fields":{"message":"incoming message","method":"engine.health"},"target":"cove_replay_engine::transport::server"}
{"timestamp":"2026-05-23T15:45:27.667719Z","level":"DEBUG","fields":{"message":"incoming message","method":"engine.health"},"target":"cove_replay_engine::transport::server"}
{"timestamp":"2026-05-23T15:45:32.668432Z","level":"DEBUG","fields":{"message":"incoming message","method":"engine.health"},"target":"cove_replay_engine::transport::server"}
{"timestamp":"2026-05-23T15:45:37.667871Z","level":"DEBUG","fields":{"message":"incoming message","method":"engine.health"},"target":"cove_replay_engine::transport::server"}
{"timestamp":"2026-05-23T15:45:42.668532Z","level":"DEBUG","fields":{"message":"incoming message","method":"engine.health"},"target":"cove_replay_engine::transport::server"}
{"timestamp":"2026-05-23T15:45:47.668808Z","level":"DEBUG","fields":{"message":"incoming message","method":"engine.health"},"target":"cove_replay_engine::transport::server"}
{"timestamp":"2026-05-23T15:45:52.668826Z","level":"DEBUG","fields":{"message":"incoming message","method":"engine.health"},"target":"cove_replay_engine::transport::server"}
{"timestamp":"2026-05-23T15:45:57.669231Z","level":"DEBUG","fields":{"message":"incoming message","method":"engine.health"},"target":"cove_replay_engine::transport::server"}
{"timestamp":"2026-05-23T15:46:02.669121Z","level":"DEBUG","fields":{"message":"incoming message","method":"engine.health"},"target":"cove_replay_engine::transport::server"}
{"timestamp":"2026-05-23T15:46:07.668772Z","level":"DEBUG","fields":{"message":"incoming message","method":"engine.health"},"target":"cove_replay_engine::transport::server"}
{"timestamp":"2026-05-23T15:46:12.668833Z","level":"DEBUG","fields":{"message":"incoming message","method":"engine.health"},"target":"cove_replay_engine::transport::server"}
{"timestamp":"2026-05-23T15:46:17.669377Z","level":"DEBUG","fields":{"message":"incoming message","method":"engine.health"},"target":"cove_replay_engine::transport::server"}
{"timestamp":"2026-05-23T15:46:22.668859Z","level":"DEBUG","fields":{"message":"incoming message","method":"engine.health"},"target":"cove_replay_engine::transport::server"}
{"timestamp":"2026-05-23T15:46:27.669289Z","level":"DEBUG","fields":{"message":"incoming message","method":"engine.health"},"target":"cove_replay_engine::transport::server"}
{"timestamp":"2026-05-23T15:46:32.669391Z","level":"DEBUG","fields":{"message":"incoming message","method":"engine.health"},"target":"cove_replay_engine::transport::server"}
{"timestamp":"2026-05-23T15:46:37.669441Z","level":"DEBUG","fields":{"message":"incoming message","method":"engine.health"},"target":"cove_replay_engine::transport::server"}
{"timestamp":"2026-05-23T15:46:42.669299Z","level":"DEBUG","fields":{"message":"incoming message","method":"engine.health"},"target":"cove_replay_engine::transport::server"}
{"timestamp":"2026-05-23T15:46:47.669370Z","level":"DEBUG","fields":{"message":"incoming message","method":"engine.health"},"target":"cove_replay_engine::transport::server"}
{"timestamp":"2026-05-23T15:46:52.669474Z","level":"DEBUG","fields":{"message":"incoming message","method":"engine.health"},"target":"cove_replay_engine::transport::server"}
{"timestamp":"2026-05-23T15:46:57.670268Z","level":"DEBUG","fields":{"message":"incoming message","method":"engine.health"},"target":"cove_replay_engine::transport::server"}
{"timestamp":"2026-05-23T15:47:02.669750Z","level":"DEBUG","fields":{"message":"incoming message","method":"engine.health"},"target":"cove_replay_engine::transport::server"}
{"timestamp":"2026-05-23T15:47:07.670650Z","level":"DEBUG","fields":{"message":"incoming message","method":"engine.health"},"target":"cove_replay_engine::transport::server"}
{"timestamp":"2026-05-23T15:47:12.670991Z","level":"DEBUG","fields":{"message":"incoming message","method":"engine.health"},"target":"cove_replay_engine::transport::server"}
{"timestamp":"2026-05-23T15:47:17.670905Z","level":"DEBUG","fields":{"message":"incoming message","method":"engine.health"},"target":"cove_replay_engine::transport::server"}
{"timestamp":"2026-05-23T15:47:22.671406Z","level":"DEBUG","fields":{"message":"incoming message","method":"engine.health"},"target":"cove_replay_engine::transport::server"}
{"timestamp":"2026-05-23T15:47:27.670650Z","level":"DEBUG","fields":{"message":"incoming message","method":"engine.health"},"target":"cove_replay_engine::transport::server"}
{"timestamp":"2026-05-23T15:47:32.670592Z","level":"DEBUG","fields":{"message":"incoming message","method":"engine.health"},"target":"cove_replay_engine::transport::server"}
{"timestamp":"2026-05-23T15:47:37.671309Z","level":"DEBUG","fields":{"message":"incoming message","method":"engine.health"},"target":"cove_replay_engine::transport::server"}
{"timestamp":"2026-05-23T15:47:42.671119Z","level":"DEBUG","fields":{"message":"incoming message","method":"engine.health"},"target":"cove_replay_engine::transport::server"}
{"timestamp":"2026-05-23T15:47:47.670656Z","level":"DEBUG","fields":{"message":"incoming message","method":"engine.health"},"target":"cove_replay_engine::transport::server"}
{"timestamp":"2026-05-23T15:47:52.671204Z","level":"DEBUG","fields":{"message":"incoming message","method":"engine.health"},"target":"cove_replay_engine::transport::server"}
{"timestamp":"2026-05-23T15:47:57.671502Z","level":"DEBUG","fields":{"message":"incoming message","method":"engine.health"},"target":"cove_replay_engine::transport::server"}
{"timestamp":"2026-05-23T15:48:02.672511Z","level":"DEBUG","fields":{"message":"incoming message","method":"engine.health"},"target":"cove_replay_engine::transport::server"}
{"timestamp":"2026-05-23T15:48:07.673167Z","level":"DEBUG","fields":{"message":"incoming message","method":"engine.health"},"target":"cove_replay_engine::transport::server"}
{"timestamp":"2026-05-23T15:48:12.672893Z","level":"DEBUG","fields":{"message":"incoming message","method":"engine.health"},"target":"cove_replay_engine::transport::server"}
{"timestamp":"2026-05-23T15:48:17.673343Z","level":"DEBUG","fields":{"message":"incoming message","method":"engine.health"},"target":"cove_replay_engine::transport::server"}
{"timestamp":"2026-05-23T15:48:22.673427Z","level":"DEBUG","fields":{"message":"incoming message","method":"engine.health"},"target":"cove_replay_engine::transport::server"}
{"timestamp":"2026-05-23T15:48:27.673499Z","level":"DEBUG","fields":{"message":"incoming message","method":"engine.health"},"target":"cove_replay_engine::transport::server"}
{"timestamp":"2026-05-23T15:48:32.674124Z","level":"DEBUG","fields":{"message":"incoming message","method":"engine.health"},"target":"cove_replay_engine::transport::server"}
{"timestamp":"2026-05-23T15:48:37.673614Z","level":"DEBUG","fields":{"message":"incoming message","method":"engine.health"},"target":"cove_replay_engine::transport::server"}
{"timestamp":"2026-05-23T15:48:42.674332Z","level":"DEBUG","fields":{"message":"incoming message","method":"engine.health"},"target":"cove_replay_engine::transport::server"}
{"timestamp":"2026-05-23T15:48:47.674030Z","level":"DEBUG","fields":{"message":"incoming message","method":"engine.health"},"target":"cove_replay_engine::transport::server"}
{"timestamp":"2026-05-23T15:48:52.674623Z","level":"DEBUG","fields":{"message":"incoming message","method":"engine.health"},"target":"cove_replay_engine::transport::server"}
{"timestamp":"2026-05-23T15:48:57.675758Z","level":"DEBUG","fields":{"message":"incoming message","method":"engine.health"},"target":"cove_replay_engine::transport::server"}
{"timestamp":"2026-05-23T15:49:02.677179Z","level":"DEBUG","fields":{"message":"incoming message","method":"engine.health"},"target":"cove_replay_engine::transport::server"}
{"timestamp":"2026-05-23T15:49:07.678033Z","level":"DEBUG","fields":{"message":"incoming message","method":"engine.health"},"target":"cove_replay_engine::transport::server"}
{"timestamp":"2026-05-23T15:49:12.679273Z","level":"DEBUG","fields":{"message":"incoming message","method":"engine.health"},"target":"cove_replay_engine::transport::server"}
{"timestamp":"2026-05-23T15:49:17.680055Z","level":"DEBUG","fields":{"message":"incoming message","method":"engine.health"},"target":"cove_replay_engine::transport::server"}
{"timestamp":"2026-05-23T15:49:22.680978Z","level":"DEBUG","fields":{"message":"incoming message","method":"engine.health"},"target":"cove_replay_engine::transport::server"}
{"timestamp":"2026-05-23T15:49:27.682228Z","level":"DEBUG","fields":{"message":"incoming message","method":"engine.health"},"target":"cove_replay_engine::transport::server"}
{"timestamp":"2026-05-23T15:49:32.683043Z","level":"DEBUG","fields":{"message":"incoming message","method":"engine.health"},"target":"cove_replay_engine::transport::server"}
{"timestamp":"2026-05-23T15:49:37.683941Z","level":"DEBUG","fields":{"message":"incoming message","method":"engine.health"},"target":"cove_replay_engine::transport::server"}
{"timestamp":"2026-05-23T15:49:42.684946Z","level":"DEBUG","fields":{"message":"incoming message","method":"engine.health"},"target":"cove_replay_engine::transport::server"}
{"timestamp":"2026-05-23T15:49:47.685666Z","level":"DEBUG","fields":{"message":"incoming message","method":"engine.health"},"target":"cove_replay_engine::transport::server"}
{"timestamp":"2026-05-23T15:49:52.686787Z","level":"DEBUG","fields":{"message":"incoming message","method":"engine.health"},"target":"cove_replay_engine::transport::server"}
{"timestamp":"2026-05-23T15:49:57.688309Z","level":"DEBUG","fields":{"message":"incoming message","method":"engine.health"},"target":"cove_replay_engine::transport::server"}
{"timestamp":"2026-05-23T15:50:02.688846Z","level":"DEBUG","fields":{"message":"incoming message","method":"engine.health"},"target":"cove_replay_engine::transport::server"}
{"timestamp":"2026-05-23T15:50:07.689722Z","level":"DEBUG","fields":{"message":"incoming message","method":"engine.health"},"target":"cove_replay_engine::transport::server"}
{"timestamp":"2026-05-23T15:50:12.690818Z","level":"DEBUG","fields":{"message":"incoming message","method":"engine.health"},"target":"cove_replay_engine::transport::server"}
{"timestamp":"2026-05-23T15:50:17.692239Z","level":"DEBUG","fields":{"message":"incoming message","method":"engine.health"},"target":"cove_replay_engine::transport::server"}
{"timestamp":"2026-05-23T15:50:22.692534Z","level":"DEBUG","fields":{"message":"incoming message","method":"engine.health"},"target":"cove_replay_engine::transport::server"}
{"timestamp":"2026-05-23T15:50:27.693915Z","level":"DEBUG","fields":{"message":"incoming message","method":"engine.health"},"target":"cove_replay_engine::transport::server"}
{"timestamp":"2026-05-23T15:50:32.694711Z","level":"DEBUG","fields":{"message":"incoming message","method":"engine.health"},"target":"cove_replay_engine::transport::server"}
{"timestamp":"2026-05-23T15:50:37.695508Z","level":"DEBUG","fields":{"message":"incoming message","method":"engine.health"},"target":"cove_replay_engine::transport::server"}
{"timestamp":"2026-05-23T15:50:42.697074Z","level":"DEBUG","fields":{"message":"incoming message","method":"engine.health"},"target":"cove_replay_engine::transport::server"}
{"timestamp":"2026-05-23T15:50:47.697731Z","level":"DEBUG","fields":{"message":"incoming message","method":"engine.health"},"target":"cove_replay_engine::transport::server"}
{"timestamp":"2026-05-23T15:50:52.699142Z","level":"DEBUG","fields":{"message":"incoming message","method":"engine.health"},"target":"cove_replay_engine::transport::server"}
{"timestamp":"2026-05-23T15:50:57.699551Z","level":"DEBUG","fields":{"message":"incoming message","method":"engine.health"},"target":"cove_replay_engine::transport::server"}
{"timestamp":"2026-05-23T15:51:02.701174Z","level":"DEBUG","fields":{"message":"incoming message","method":"engine.health"},"target":"cove_replay_engine::transport::server"}
{"timestamp":"2026-05-23T15:51:07.701770Z","level":"DEBUG","fields":{"message":"incoming message","method":"engine.health"},"target":"cove_replay_engine::transport::server"}
{"timestamp":"2026-05-23T15:51:12.702100Z","level":"DEBUG","fields":{"message":"incoming message","method":"engine.health"},"target":"cove_replay_engine::transport::server"}
{"timestamp":"2026-05-23T15:51:17.702434Z","level":"DEBUG","fields":{"message":"incoming message","method":"engine.health"},"target":"cove_replay_engine::transport::server"}
{"timestamp":"2026-05-23T15:51:22.704140Z","level":"DEBUG","fields":{"message":"incoming message","method":"engine.health"},"target":"cove_replay_engine::transport::server"}
{"timestamp":"2026-05-23T15:51:27.705157Z","level":"DEBUG","fields":{"message":"incoming message","method":"engine.health"},"target":"cove_replay_engine::transport::server"}
{"timestamp":"2026-05-23T15:51:32.705444Z","level":"DEBUG","fields":{"message":"incoming message","method":"engine.health"},"target":"cove_replay_engine::transport::server"}
{"timestamp":"2026-05-23T15:51:37.706737Z","level":"DEBUG","fields":{"message":"incoming message","method":"engine.health"},"target":"cove_replay_engine::transport::server"}
{"timestamp":"2026-05-23T15:51:42.707723Z","level":"DEBUG","fields":{"message":"incoming message","method":"engine.health"},"target":"cove_replay_engine::transport::server"}
{"timestamp":"2026-05-23T15:51:47.708597Z","level":"DEBUG","fields":{"message":"incoming message","method":"engine.health"},"target":"cove_replay_engine::transport::server"}
{"timestamp":"2026-05-23T15:51:52.708722Z","level":"DEBUG","fields":{"message":"incoming message","method":"engine.health"},"target":"cove_replay_engine::transport::server"}
{"timestamp":"2026-05-23T15:51:57.709727Z","level":"DEBUG","fields":{"message":"incoming message","method":"engine.health"},"target":"cove_replay_engine::transport::server"}
{"timestamp":"2026-05-23T15:52:02.710882Z","level":"DEBUG","fields":{"message":"incoming message","method":"engine.health"},"target":"cove_replay_engine::transport::server"}
{"timestamp":"2026-05-23T15:52:07.711679Z","level":"DEBUG","fields":{"message":"incoming message","method":"engine.health"},"target":"cove_replay_engine::transport::server"}
{"timestamp":"2026-05-23T15:52:12.713339Z","level":"DEBUG","fields":{"message":"incoming message","method":"engine.health"},"target":"cove_replay_engine::transport::server"}
{"timestamp":"2026-05-23T15:52:17.713451Z","level":"DEBUG","fields":{"message":"incoming message","method":"engine.health"},"target":"cove_replay_engine::transport::server"}
{"timestamp":"2026-05-23T15:52:22.714673Z","level":"DEBUG","fields":{"message":"incoming message","method":"engine.health"},"target":"cove_replay_engine::transport::server"}
{"timestamp":"2026-05-23T15:52:27.715709Z","level":"DEBUG","fields":{"message":"incoming message","method":"engine.health"},"target":"cove_replay_engine::transport::server"}
{"timestamp":"2026-05-23T15:52:32.716427Z","level":"DEBUG","fields":{"message":"incoming message","method":"engine.health"},"target":"cove_replay_engine::transport::server"}
{"timestamp":"2026-05-23T15:52:37.717477Z","level":"DEBUG","fields":{"message":"incoming message","method":"engine.health"},"target":"cove_replay_engine::transport::server"}
{"timestamp":"2026-05-23T15:52:42.718694Z","level":"DEBUG","fields":{"message":"incoming message","method":"engine.health"},"target":"cove_replay_engine::transport::server"}
{"timestamp":"2026-05-23T15:52:47.720024Z","level":"DEBUG","fields":{"message":"incoming message","method":"engine.health"},"target":"cove_replay_engine::transport::server"}
{"timestamp":"2026-05-23T15:52:52.720826Z","level":"DEBUG","fields":{"message":"incoming message","method":"engine.health"},"target":"cove_replay_engine::transport::server"}
{"timestamp":"2026-05-23T15:52:57.721989Z","level":"DEBUG","fields":{"message":"incoming message","method":"engine.health"},"target":"cove_replay_engine::transport::server"}
{"timestamp":"2026-05-23T15:53:02.722069Z","level":"DEBUG","fields":{"message":"incoming message","method":"engine.health"},"target":"cove_replay_engine::transport::server"}
{"timestamp":"2026-05-23T15:53:07.722283Z","level":"DEBUG","fields":{"message":"incoming message","method":"engine.health"},"target":"cove_replay_engine::transport::server"}
{"timestamp":"2026-05-23T15:53:12.722042Z","level":"DEBUG","fields":{"message":"incoming message","method":"engine.health"},"target":"cove_replay_engine::transport::server"}
{"timestamp":"2026-05-23T15:53:17.722913Z","level":"DEBUG","fields":{"message":"incoming message","method":"engine.health"},"target":"cove_replay_engine::transport::server"}
{"timestamp":"2026-05-23T15:53:22.724294Z","level":"DEBUG","fields":{"message":"incoming message","method":"engine.health"},"target":"cove_replay_engine::transport::server"}
{"timestamp":"2026-05-23T15:53:27.724292Z","level":"DEBUG","fields":{"message":"incoming message","method":"engine.health"},"target":"cove_replay_engine::transport::server"}
{"timestamp":"2026-05-23T15:53:32.724850Z","level":"DEBUG","fields":{"message":"incoming message","method":"engine.health"},"target":"cove_replay_engine::transport::server"}
{"timestamp":"2026-05-23T15:53:37.725250Z","level":"DEBUG","fields":{"message":"incoming message","method":"engine.health"},"target":"cove_replay_engine::transport::server"}
{"timestamp":"2026-05-23T15:53:38.787897Z","level":"DEBUG","fields":{"message":"PW stream state change","old":"Streaming","new":"Paused"},"target":"cove_replay_engine::capture::pipewire"}
{"timestamp":"2026-05-23T15:53:42.724942Z","level":"DEBUG","fields":{"message":"incoming message","method":"engine.health"},"target":"cove_replay_engine::transport::server"}
{"timestamp":"2026-05-23T15:53:47.725175Z","level":"DEBUG","fields":{"message":"incoming message","method":"engine.health"},"target":"cove_replay_engine::transport::server"}
{"timestamp":"2026-05-23T15:53:52.724945Z","level":"DEBUG","fields":{"message":"incoming message","method":"engine.health"},"target":"cove_replay_engine::transport::server"}
{"timestamp":"2026-05-23T15:53:55.264133Z","level":"DEBUG","fields":{"message":"incoming message","method":"engine.shutdown"},"target":"cove_replay_engine::transport::server"}
{"timestamp":"2026-05-23T15:53:55.264293Z","level":"INFO","fields":{"message":"shutdown signaled during dispatch, closing connection"},"target":"cove_replay_engine::transport::server"}
{"timestamp":"2026-05-23T15:53:55.264299Z","level":"INFO","fields":{"message":"engine.shutdown requested"},"target":"cove_replay_engine::transport::server"}
{"timestamp":"2026-05-23T15:53:55.265477Z","level":"WARN","fields":{"message":"portal session close failed: Portal request failed: org.freedesktop.zbus.Error: Object does not exist at path “/org/freedesktop/portal/desktop/session/1_97398/ashpd_yH06KaHsdJ”"},"target":"cove_replay_engine::capture::pipewire"}
{"timestamp":"2026-05-23T15:54:21.949489Z","level":"INFO","fields":{"message":"cove-replay-engine started","version":"0.1.0","protocol_version":1},"target":"cove_replay_engine"}
{"timestamp":"2026-05-23T15:54:21.949801Z","level":"INFO","fields":{"message":"discovered recoverable session","session_id":"pw-session-0000-1363428-1779550168151","segments":2,"total_bytes":15230099,"has_init":true},"target":"cove_replay_engine::segment::recovery"}
{"timestamp":"2026-05-23T15:54:21.949902Z","level":"INFO","fields":{"message":"discovered recoverable session","session_id":"pw-session-0000-1363428-1779550043702","segments":11,"total_bytes":144208902,"has_init":true},"target":"cove_replay_engine::segment::recovery"}
{"timestamp":"2026-05-23T15:54:21.950083Z","level":"INFO","fields":{"message":"discovered recoverable sessions from prior crash","count":2},"target":"cove_replay_engine::transport::server"}
{"timestamp":"2026-05-23T15:54:21.976793Z","level":"INFO","fields":{"message":"listening","socket":"/run/user/1000/cove-screen-recorder/engine.sock"},"target":"cove_replay_engine::transport::server"}
{"timestamp":"2026-05-23T15:54:22.238461Z","level":"DEBUG","fields":{"message":"incoming message","method":"engine.version"},"target":"cove_replay_engine::transport::server"}
{"timestamp":"2026-05-23T15:54:22.486499Z","level":"DEBUG","fields":{"message":"incoming message","method":"engine.version"},"target":"cove_replay_engine::transport::server"}
{"timestamp":"2026-05-23T15:54:22.577948Z","level":"DEBUG","fields":{"message":"incoming message","method":"engine.version"},"target":"cove_replay_engine::transport::server"}
{"timestamp":"2026-05-23T15:54:22.583802Z","level":"DEBUG","fields":{"message":"incoming message","method":"replay.recoverable_sessions"},"target":"cove_replay_engine::transport::server"}
{"timestamp":"2026-05-23T15:54:22.585392Z","level":"DEBUG","fields":{"message":"incoming message","method":"replay.recoverable_sessions"},"target":"cove_replay_engine::transport::server"}
{"timestamp":"2026-05-23T15:54:27.243777Z","level":"DEBUG","fields":{"message":"incoming message","method":"engine.health"},"target":"cove_replay_engine::transport::server"}
{"timestamp":"2026-05-23T15:54:32.248729Z","level":"DEBUG","fields":{"message":"incoming message","method":"engine.health"},"target":"cove_replay_engine::transport::server"}
{"timestamp":"2026-05-23T15:54:37.252019Z","level":"DEBUG","fields":{"message":"incoming message","method":"engine.health"},"target":"cove_replay_engine::transport::server"}
{"timestamp":"2026-05-23T15:54:42.255391Z","level":"DEBUG","fields":{"message":"incoming message","method":"engine.health"},"target":"cove_replay_engine::transport::server"}
{"timestamp":"2026-05-23T15:54:43.930735Z","level":"DEBUG","fields":{"message":"incoming message","method":"replay.discard_recovered_session"},"target":"cove_replay_engine::transport::server"}
{"timestamp":"2026-05-23T15:54:43.934031Z","level":"DEBUG","fields":{"message":"incoming message","method":"replay.recoverable_sessions"},"target":"cove_replay_engine::transport::server"}
{"timestamp":"2026-05-23T15:54:43.934680Z","level":"DEBUG","fields":{"message":"incoming message","method":"replay.discard_recovered_session"},"target":"cove_replay_engine::transport::server"}
{"timestamp":"2026-05-23T15:54:43.949094Z","level":"DEBUG","fields":{"message":"incoming message","method":"replay.recoverable_sessions"},"target":"cove_replay_engine::transport::server"}
{"timestamp":"2026-05-23T15:54:43.952917Z","level":"DEBUG","fields":{"message":"incoming message","method":"replay.recoverable_sessions"},"target":"cove_replay_engine::transport::server"}
{"timestamp":"2026-05-23T15:54:47.258691Z","level":"DEBUG","fields":{"message":"incoming message","method":"engine.health"},"target":"cove_replay_engine::transport::server"}
{"timestamp":"2026-05-23T15:54:50.072617Z","level":"DEBUG","fields":{"message":"incoming message","method":"capture.requestSession"},"target":"cove_replay_engine::transport::server"}
{"timestamp":"2026-05-23T15:54:53.505869Z","level":"INFO","fields":{"message":"portal session established","session_id":"pw-session-0000-1368866-1779551693505","node_id":216},"target":"cove_replay_engine::capture::pipewire"}
{"timestamp":"2026-05-23T15:54:53.505996Z","level":"DEBUG","fields":{"message":"incoming message","method":"engine.health"},"target":"cove_replay_engine::transport::server"}
{"timestamp":"2026-05-23T15:54:53.506589Z","level":"DEBUG","fields":{"message":"incoming message","method":"capture.startStream"},"target":"cove_replay_engine::transport::server"}
{"timestamp":"2026-05-23T15:54:53.508334Z","level":"DEBUG","fields":{"message":"PW stream state change","old":"Unconnected","new":"Connecting"},"target":"cove_replay_engine::capture::pipewire"}
{"timestamp":"2026-05-23T15:54:53.508966Z","level":"DEBUG","fields":{"message":"PW stream state change","old":"Connecting","new":"Paused"},"target":"cove_replay_engine::capture::pipewire"}
{"timestamp":"2026-05-23T15:54:53.516494Z","level":"WARN","fields":{"message":"PW stream errored during DMA-BUF-only negotiation: no more input formats; triggering SHM-only fallback retry"},"target":"cove_replay_engine::capture::pipewire"}
{"timestamp":"2026-05-23T15:54:53.516536Z","level":"INFO","fields":{"message":"PW: DMA-BUF negotiation hard-failed; reconnecting with SHM-only fallback"},"target":"cove_replay_engine::capture::pipewire"}
{"timestamp":"2026-05-23T15:54:53.516562Z","level":"DEBUG","fields":{"message":"PW stream state change","old":"Paused","new":"Unconnected"},"target":"cove_replay_engine::capture::pipewire"}
{"timestamp":"2026-05-23T15:54:53.516642Z","level":"DEBUG","fields":{"message":"PW stream state change","old":"Unconnected","new":"Connecting"},"target":"cove_replay_engine::capture::pipewire"}
{"timestamp":"2026-05-23T15:54:53.517343Z","level":"DEBUG","fields":{"message":"PW stream state change","old":"Connecting","new":"Paused"},"target":"cove_replay_engine::capture::pipewire"}
{"timestamp":"2026-05-23T15:54:53.523586Z","level":"DEBUG","fields":{"message":"Issue #1 buffer constraint: SHM-only (MemFd|MemPtr) — DMA-BUF fallback","data_type_mask":6,"phase":"ShmAttempted"},"target":"cove_replay_engine::capture::pipewire"}
{"timestamp":"2026-05-23T15:54:53.524133Z","level":"DEBUG","fields":{"message":"PW stream state change","old":"Paused","new":"Streaming"},"target":"cove_replay_engine::capture::pipewire"}
{"timestamp":"2026-05-23T15:54:53.524205Z","level":"INFO","fields":{"message":"PW stream ready","session_id":"pw-session-0000-1368866-1779551693505","stream_id":"pw-stream-0000","width":3840,"height":2160,"fourcc":"XR24"},"target":"cove_replay_engine::capture::pipewire"}
{"timestamp":"2026-05-23T15:54:53.551850Z","level":"DEBUG","fields":{"message":"Issue #2: SHM-fallback settled (usable payload built)"},"target":"cove_replay_engine::capture::pipewire"}
{"timestamp":"2026-05-23T15:54:53.751611Z","level":"DEBUG","fields":{"message":"nvenc probe: session creation succeeded"},"target":"cove_replay_engine::encoder::backends::nvenc"}
{"timestamp":"2026-05-23T15:54:57.260519Z","level":"DEBUG","fields":{"message":"incoming message","method":"engine.health"},"target":"cove_replay_engine::transport::server"}
{"timestamp":"2026-05-23T15:55:02.261026Z","level":"DEBUG","fields":{"message":"incoming message","method":"engine.health"},"target":"cove_replay_engine::transport::server"}
{"timestamp":"2026-05-23T15:55:07.261876Z","level":"DEBUG","fields":{"message":"incoming message","method":"engine.health"},"target":"cove_replay_engine::transport::server"}
{"timestamp":"2026-05-23T15:55:12.262452Z","level":"DEBUG","fields":{"message":"incoming message","method":"engine.health"},"target":"cove_replay_engine::transport::server"}
{"timestamp":"2026-05-23T15:55:17.263263Z","level":"DEBUG","fields":{"message":"incoming message","method":"engine.health"},"target":"cove_replay_engine::transport::server"}
{"timestamp":"2026-05-23T15:55:22.263586Z","level":"DEBUG","fields":{"message":"incoming message","method":"engine.health"},"target":"cove_replay_engine::transport::server"}
{"timestamp":"2026-05-23T15:55:27.265490Z","level":"DEBUG","fields":{"message":"incoming message","method":"engine.health"},"target":"cove_replay_engine::transport::server"}
{"timestamp":"2026-05-23T15:55:32.266421Z","level":"DEBUG","fields":{"message":"incoming message","method":"engine.health"},"target":"cove_replay_engine::transport::server"}
{"timestamp":"2026-05-23T15:55:37.265990Z","level":"DEBUG","fields":{"message":"incoming message","method":"engine.health"},"target":"cove_replay_engine::transport::server"}
{"timestamp":"2026-05-23T15:55:42.266552Z","level":"DEBUG","fields":{"message":"incoming message","method":"engine.health"},"target":"cove_replay_engine::transport::server"}
{"timestamp":"2026-05-23T15:55:47.267949Z","level":"DEBUG","fields":{"message":"incoming message","method":"engine.health"},"target":"cove_replay_engine::transport::server"}
{"timestamp":"2026-05-23T15:55:51.135793Z","level":"DEBUG","fields":{"message":"incoming message","method":"replay.save"},"target":"cove_replay_engine::transport::server"}
{"timestamp":"2026-05-23T15:55:51.140399Z","level":"DEBUG","fields":{"message":"incoming message","method":"replay.export_start"},"target":"cove_replay_engine::transport::server"}
{"timestamp":"2026-05-23T15:55:51.140550Z","level":"INFO","fields":{"message":"export.queued","export_id":"exp-1779551751140508504-0001","snapshot_id":"snap-1779551751135930232-0000","requested_duration_s":21.761366666666667,"pid":1368866},"target":"cove_replay_engine::export"}
{"timestamp":"2026-05-23T15:55:51.140957Z","level":"INFO","fields":{"message":"export.started","export_id":"exp-1779551751140508504-0001","snapshot_id":"snap-1779551751135930232-0000","est_duration_s":21.761366666666667,"est_output_bytes":25089267,"tmp_path":"/run/user/1000/cove-screen-recorder/exports/exp-1779551751140508504-0001.tmp","final_path":"/run/user/1000/cove-screen-recorder/exports/exp-1779551751140508504-0001.mp4","pid":1368866},"target":"cove_replay_engine::export"}
{"timestamp":"2026-05-23T15:55:51.299651Z","level":"INFO","fields":{"message":"export.progress terminal pct=100","export_id":"exp-1779551751140508504-0001","pct":100.0,"bytes_out":25029701,"elapsed_ms":152},"target":"cove_replay_engine::export"}
{"timestamp":"2026-05-23T15:55:51.304343Z","level":"INFO","fields":{"message":"export.muxing enter","export_id":"exp-1779551751140508504-0001","bytes_out":25029701,"elapsed_ms":157},"target":"cove_replay_engine::export"}
{"timestamp":"2026-05-23T15:55:51.304464Z","level":"INFO","fields":{"message":"export.tmp fsync success","export_id":"exp-1779551751140508504-0001","tmp_bytes":25029701,"tmp_path":"/run/user/1000/cove-screen-recorder/exports/exp-1779551751140508504-0001.tmp"},"target":"cove_replay_engine::export"}
{"timestamp":"2026-05-23T15:55:51.304545Z","level":"INFO","fields":{"message":"export.rename success (same-device)","export_id":"exp-1779551751140508504-0001","final_path":"/run/user/1000/cove-screen-recorder/exports/exp-1779551751140508504-0001.mp4"},"target":"cove_replay_engine::export"}
{"timestamp":"2026-05-23T15:55:51.304601Z","level":"INFO","fields":{"message":"export.dir fsync success","export_id":"exp-1779551751140508504-0001","dir":"/run/user/1000/cove-screen-recorder/exports"},"target":"cove_replay_engine::export"}
{"timestamp":"2026-05-23T15:55:51.850983Z","level":"INFO","fields":{"message":"export.sha256 success","export_id":"exp-1779551751140508504-0001","bytes":25029701,"sha256":"e75673bed58643585513be0d691a3d922a27a900acd86aafc9def993fd9d8ecc","final_path":"/run/user/1000/cove-screen-recorder/exports/exp-1779551751140508504-0001.mp4"},"target":"cove_replay_engine::export"}
{"timestamp":"2026-05-23T15:55:51.851049Z","level":"INFO","fields":{"message":"export.completion preswap","export_id":"exp-1779551751140508504-0001","terminal_fired_was":false,"mux_duration_ms":546,"total_duration_ms":704},"target":"cove_replay_engine::export"}
{"timestamp":"2026-05-23T15:55:51.851064Z","level":"INFO","fields":{"message":"export.completion postswap","export_id":"exp-1779551751140508504-0001","mux_duration_ms":546,"total_duration_ms":704},"target":"cove_replay_engine::export"}
{"timestamp":"2026-05-23T15:55:51.851128Z","level":"INFO","fields":{"message":"export.completed emit","export_id":"exp-1779551751140508504-0001","final_path":"/run/user/1000/cove-screen-recorder/exports/exp-1779551751140508504-0001.mp4","bytes":25029701,"sha256":"e75673bed58643585513be0d691a3d922a27a900acd86aafc9def993fd9d8ecc","total_duration_ms":704,"pid":1368866},"target":"cove_replay_engine::export"}
{"timestamp":"2026-05-23T15:55:52.187600Z","level":"DEBUG","fields":{"message":"incoming message","method":"replay.snapshot_release"},"target":"cove_replay_engine::transport::server"}
{"timestamp":"2026-05-23T15:55:52.267933Z","level":"DEBUG","fields":{"message":"incoming message","method":"engine.health"},"target":"cove_replay_engine::transport::server"}
{"timestamp":"2026-05-23T15:55:57.268445Z","level":"DEBUG","fields":{"message":"incoming message","method":"engine.health"},"target":"cove_replay_engine::transport::server"}
{"timestamp":"2026-05-23T15:56:02.269868Z","level":"DEBUG","fields":{"message":"incoming message","method":"engine.health"},"target":"cove_replay_engine::transport::server"}
{"timestamp":"2026-05-23T15:56:07.271864Z","level":"DEBUG","fields":{"message":"incoming message","method":"engine.health"},"target":"cove_replay_engine::transport::server"}
{"timestamp":"2026-05-23T15:56:12.273034Z","level":"DEBUG","fields":{"message":"incoming message","method":"engine.health"},"target":"cove_replay_engine::transport::server"}
{"timestamp":"2026-05-23T15:56:17.272883Z","level":"DEBUG","fields":{"message":"incoming message","method":"engine.health"},"target":"cove_replay_engine::transport::server"}
{"timestamp":"2026-05-23T15:56:22.274110Z","level":"DEBUG","fields":{"message":"incoming message","method":"engine.health"},"target":"cove_replay_engine::transport::server"}
{"timestamp":"2026-05-23T15:56:27.274285Z","level":"DEBUG","fields":{"message":"incoming message","method":"engine.health"},"target":"cove_replay_engine::transport::server"}
